pkt arrive time in UTC,Label,Heartbeat,MACsrc,MACdst,APPID,GOOSElength,gocbRef,Timeallowedtolive,datset,goID,t,Dif_St,Dif_Sq,stNum,sqNum,istest?,num of data,data_Dec,data,I_CB1-66KV,I_CB2-66KV,I_CB3-66KV,I_TRSF1-W1,I_TRSF1-W2,I_CB-TRSF1,I_TRSF2-W1,I_TRSF2-W2,I_CB-TRSF2,I_CB2-22KV,I_FDR1,I_FDR4,Status_CB1-22KV,Status_CB3-22KV,Status_CB-FDR1,Status_CB-FDR4
1609747029.29519,0,1.00000,99,255,4,142,1231,2000,BFP,231,1609747028,0,1,1,0,0,5,0,0,17,0,17,17,30,52,17,30,52,0,26,26,1,1,1,1
1609747029.59084,0,1.00000,32,255,2,147,1121,2000,PIOC,121,1609747028,0,1,1,0,0,4,9,1001,17,0,17,17,30,52,17,30,52,0,26,26,1,1,1,1
1609747030.29548,0,1.00029,99,255,4,142,1231,2000,BFP,231,1609747028,0,1,1,1,0,5,0,0,17,0,17,17,30,52,17,30,52,0,26,26,1,1,1,1
1609747030.59132,0,1.00048,32,255,2,147,1121,2000,PIOC,121,1609747028,0,1,1,1,0,4,9,1001,17,0,17,17,30,52,17,30,52,0,26,26,1,1,1,1
1609747030.84222,0,1.00000,11,255,3,152,1131,2000,PIOC,131,1609747029,0,1,1,0,0,7,0,0,17,0,17,17,30,52,17,30,52,0,26,26,1,1,1,1
1609747031.29591,0,1.00043,99,255,4,142,1231,2000,BFP,231,1609747028,0,1,1,2,0,5,0,0,17,0,17,17,30,52,17,30,52,0,26,26,1,1,1,1
1609747031.59167,0,1.00035,32,255,2,147,1121,2000,PIOC,121,1609747028,0,1,1,2,0,4,9,1001,17,0,17,17,30,52,17,30,52,0,26,26,1,1,1,1
1609747031.84257,0,1.00035,11,255,3,152,1131,2000,PIOC,131,1609747029,0,1,1,1,0,7,0,0,17,0,17,17,30,52,17,30,52,0,26,26,1,1,1,1
1609747032.21837,0,1.00000,23,255,1,147,1111,2000,PIOC,111,1609747031,0,1,1,0,0,4,5,101,17,0,17,17,30,52,17,30,52,0,26,26,1,1,1,1
1609747032.29638,0,1.00047,99,255,4,142,1231,2000,BFP,231,1609747028,0,1,1,3,0,5,0,0,17,0,17,17,30,52,17,30,52,0,26,26,1,1,1,1
1609747032.59213,0,1.00046,32,255,2,147,1121,2000,PIOC,121,1609747028,0,1,1,3,0,4,9,1001,17,0,17,17,30,52,17,30,52,0,26,26,1,1,1,1
1609747032.84325,0,1.00068,11,255,3,152,1131,2000,PIOC,131,1609747029,0,1,1,2,0,7,0,0,17,0,17,17,30,52,17,30,52,0,26,26,1,1,1,1
1609747033.21891,0,1.00054,23,255,1,147,1111,2000,PIOC,111,1609747031,0,1,1,1,0,4,5,101,17,0,17,17,30,52,17,30,52,0,26,26,1,1,1,1
1609747033.29660,0,1.00022,99,255,4,142,1231,2000,BFP,231,1609747028,0,1,1,4,0,5,0,0,17,0,17,17,30,52,17,30,52,0,26,26,1,1,1,1
1609747033.59234,0,1.00021,32,255,2,147,1121,2000,PIOC,121,1609747028,0,1,1,4,0,4,9,1001,17,0,17,17,30,52,17,30,52,0,26,26,1,1,1,1
1609747033.84448,0,1.00123,11,255,3,152,1131,2000,PIOC,131,1609747029,0,1,1,3,0,7,0,0,17,0,17,17,30,52,17,30,52,0,26,26,1,1,1,1
1609747034.21911,0,1.00020,23,255,1,147,1111,2000,PIOC,111,1609747031,0,1,1,2,0,4,5,101,17,0,17,17,30,52,17,30,52,0,26,26,1,1,1,1
1609747034.29731,0,1.00071,99,255,4,142,1231,2000,BFP,231,1609747028,0,1,1,5,0,5,0,0,17,0,17,17,30,52,17,30,52,0,26,26,1,1,1,1
1609747034.59384,0,1.00150,32,255,2,147,1121,2000,PIOC,121,1609747028,0,1,1,5,0,4,9,1001,17,0,17,17,30,52,17,30,52,0,26,26,1,1,1,1
1609747034.84519,0,1.00071,11,255,3,152,1131,2000,PIOC,131,1609747029,0,1,1,4,0,7,0,0,17,0,17,17,30,52,17,30,52,0,26,26,1,1,1,1
1609747035.21978,0,1.00067,23,255,1,147,1111,2000,PIOC,111,1609747031,0,1,1,3,0,4,5,101,17,0,17,17,30,52,17,30,52,0,26,26,1,1,1,1
1609747035.29770,0,1.00039,99,255,4,142,1231,2000,BFP,231,1609747028,0,1,1,6,0,5,0,0,17,0,17,17,30,52,17,30,52,0,26,26,1,1,1,1
1609747035.59424,0,1.00040,32,255,2,147,1121,2000,PIOC,121,1609747028,0,1,1,6,0,4,9,1001,17,0,17,17,30,52,17,30,52,0,26,26,1,1,1,1
1609747035.84546,0,1.00027,11,255,3,152,1131,2000,PIOC,131,1609747029,0,1,1,5,0,7,0,0,17,0,17,17,30,52,17,30,52,0,26,26,1,1,1,1
1609747036.22027,0,1.00049,23,255,1,147,1111,2000,PIOC,111,1609747031,0,1,1,4,0,4,5,101,17,0,17,17,30,52,17,30,52,0,26,26,1,1,1,1
1609747036.29825,0,1.00055,99,255,4,142,1231,2000,BFP,231,1609747028,0,1,1,7,0,5,0,0,17,0,17,17,30,52,17,30,52,0,26,26,1,1,1,1
1609747036.59432,0,1.00008,32,255,2,147,1121,2000,PIOC,121,1609747028,0,1,1,7,0,4,9,1001,17,0,17,17,30,52,17,30,52,0,26,26,1,1,1,1
1609747036.84619,0,1.00073,11,255,3,152,1131,2000,PIOC,131,1609747029,0,1,1,6,0,7,0,0,17,0,17,17,30,52,17,30,52,0,26,26,1,1,1,1
1609747037.22098,0,1.00071,23,255,1,147,1111,2000,PIOC,111,1609747031,0,1,1,5,0,4,5,101,17,0,17,17,30,52,17,30,52,0,26,26,1,1,1,1
1609747037.29872,0,1.00047,99,255,4,142,1231,2000,BFP,231,1609747028,0,1,1,8,0,5,0,0,17,0,17,17,30,52,17,30,52,0,26,26,1,1,1,1
1609747037.59506,0,1.00074,32,255,2,147,1121,2000,PIOC,121,1609747028,0,1,1,8,0,4,9,1001,17,0,17,17,30,52,17,30,52,0,26,26,1,1,1,1
1609747037.84665,0,1.00046,11,255,3,152,1131,2000,PIOC,131,1609747029,0,1,1,7,0,7,0,0,17,0,17,17,30,52,17,30,52,0,26,26,1,1,1,1
1609747038.22138,0,1.00040,23,255,1,147,1111,2000,PIOC,111,1609747031,0,1,1,6,0,4,5,101,17,0,17,17,30,52,17,30,52,0,26,26,1,1,1,1
1609747038.29905,0,1.00033,99,255,4,142,1231,2000,BFP,231,1609747028,0,1,1,9,0,5,0,0,17,0,17,17,30,52,17,30,52,0,26,26,1,1,1,1
1609747038.59556,0,1.00050,32,255,2,147,1121,2000,PIOC,121,1609747028,0,1,1,9,0,4,9,1001,17,0,17,17,30,52,17,30,52,0,26,26,1,1,1,1
1609747038.84755,0,1.00090,11,255,3,152,1131,2000,PIOC,131,1609747029,0,1,1,8,0,7,0,0,17,0,17,17,30,52,17,30,52,0,26,26,1,1,1,1
1609747039.22158,0,1.00020,23,255,1,147,1111,2000,PIOC,111,1609747031,0,1,1,7,0,4,5,101,17,0,17,17,30,52,17,30,52,0,26,26,1,1,1,1
1609747039.29945,0,1.00040,99,255,4,142,1231,2000,BFP,231,1609747028,0,1,1,10,0,5,0,0,17,0,17,17,30,52,17,30,52,0,26,26,1,1,1,1
1609747039.59626,0,1.00070,32,255,2,147,1121,2000,PIOC,121,1609747028,0,1,1,10,0,4,9,1001,17,0,17,17,30,52,17,30,52,0,26,26,1,1,1,1
1609747039.84810,0,1.00055,11,255,3,152,1131,2000,PIOC,131,1609747029,0,1,1,9,0,7,0,0,17,0,17,17,30,52,17,30,52,0,26,26,1,1,1,1
1609747040.22181,0,1.00023,23,255,1,147,1111,2000,PIOC,111,1609747031,0,1,1,8,0,4,5,101,17,0,17,17,30,52,17,30,52,0,26,26,1,1,1,1
1609747040.29999,0,1.00054,99,255,4,142,1231,2000,BFP,231,1609747028,0,1,1,11,0,5,0,0,17,0,17,17,30,52,17,30,52,0,26,26,1,1,1,1
1609747040.59666,0,1.00040,32,255,2,147,1121,2000,PIOC,121,1609747028,0,1,1,11,0,4,9,1001,17,0,17,17,30,52,17,30,52,0,26,26,1,1,1,1
1609747040.84842,0,1.00032,11,255,3,152,1131,2000,PIOC,131,1609747029,0,1,1,10,0,7,0,0,17,0,17,17,30,52,17,30,52,0,26,26,1,1,1,1
1609747041.22223,0,1.00042,23,255,1,147,1111,2000,PIOC,111,1609747031,0,1,1,9,0,4,5,101,17,0,17,17,30,52,17,30,52,0,26,26,1,1,1,1
1609747041.30027,0,1.00028,99,255,4,142,1231,2000,BFP,231,1609747028,0,1,1,12,0,5,0,0,17,0,17,17,30,52,17,30,52,0,26,26,1,1,1,1
1609747041.59699,0,1.00033,32,255,2,147,1121,2000,PIOC,121,1609747028,0,1,1,12,0,4,9,1001,17,0,17,17,30,52,17,30,52,0,26,26,1,1,1,1
1609747041.84886,0,1.00044,11,255,3,152,1131,2000,PIOC,131,1609747029,0,1,1,11,0,7,0,0,17,0,17,17,30,52,17,30,52,0,26,26,1,1,1,1
1609747042.22243,0,1.00020,23,255,1,147,1111,2000,PIOC,111,1609747031,0,1,1,10,0,4,5,101,17,0,17,17,30,52,17,30,52,0,26,26,1,1,1,1
1609747042.30097,0,1.00070,99,255,4,142,1231,2000,BFP,231,1609747028,0,1,1,13,0,5,0,0,17,0,17,17,30,52,17,30,52,0,26,26,1,1,1,1
1609747042.59739,0,1.00040,32,255,2,147,1121,2000,PIOC,121,1609747028,0,1,1,13,0,4,9,1001,17,0,17,17,30,52,17,30,52,0,26,26,1,1,1,1
1609747042.84970,0,1.00084,11,255,3,152,1131,2000,PIOC,131,1609747029,0,1,1,12,0,7,0,0,17,0,17,17,30,52,17,30,52,0,26,26,1,1,1,1
1609747043.22346,0,1.00103,23,255,1,147,1111,2000,PIOC,111,1609747031,0,1,1,11,0,4,5,101,17,0,17,17,30,52,17,30,52,0,26,26,1,1,1,1
1609747043.30111,0,1.00014,99,255,4,142,1231,2000,BFP,231,1609747028,0,1,1,14,0,5,0,0,17,0,17,17,30,52,17,30,52,0,26,26,1,1,1,1
1609747043.59829,0,1.00090,32,255,2,147,1121,2000,PIOC,121,1609747028,0,1,1,14,0,4,9,1001,17,0,17,17,30,52,17,30,52,0,26,26,1,1,1,1
1609747043.85099,0,1.00129,11,255,3,152,1131,2000,PIOC,131,1609747029,0,1,1,13,0,7,0,0,17,0,17,17,30,52,17,30,52,0,26,26,1,1,1,1
1609747044.22389,0,1.00043,23,255,1,147,1111,2000,PIOC,111,1609747031,0,1,1,12,0,4,5,101,17,0,17,17,30,52,17,30,52,0,26,26,1,1,1,1
1609747044.30157,0,1.00046,99,255,4,142,1231,2000,BFP,231,1609747028,0,1,1,15,0,5,0,0,17,0,17,17,30,52,17,30,52,0,26,26,1,1,1,1
1609747044.59932,0,1.00103,32,255,2,147,1121,2000,PIOC,121,1609747028,0,1,1,15,0,4,9,1001,17,0,17,17,30,52,17,30,52,0,26,26,1,1,1,1
1609747044.85032,0,0.99933,11,255,3,152,1131,2000,PIOC,131,1609747029,0,1,1,14,0,7,0,0,17,0,17,17,30,52,17,30,52,0,26,26,1,1,1,1
1609747045.22435,0,1.00046,23,255,1,147,1111,2000,PIOC,111,1609747031,0,1,1,13,0,4,5,101,17,0,17,17,30,52,17,30,52,0,26,26,1,1,1,1
1609747045.30205,0,1.00048,99,255,4,142,1231,2000,BFP,231,1609747028,0,1,1,16,0,5,0,0,17,0,17,17,30,52,17,30,52,0,26,26,1,1,1,1
1609747045.60016,0,1.00084,32,255,2,147,1121,2000,PIOC,121,1609747028,0,1,1,16,0,4,9,1001,17,0,17,17,30,52,17,30,52,0,26,26,1,1,1,1
1609747045.85068,0,1.00036,11,255,3,152,1131,2000,PIOC,131,1609747029,0,1,1,15,0,7,0,0,17,0,17,17,30,52,17,30,52,0,26,26,1,1,1,1
1609747046.22462,0,1.00027,23,255,1,147,1111,2000,PIOC,111,1609747031,0,1,1,14,0,4,5,101,17,0,17,17,30,52,17,30,52,0,26,26,1,1,1,1
1609747046.30244,0,1.00039,99,255,4,142,1231,2000,BFP,231,1609747028,0,1,1,17,0,5,0,0,17,0,17,17,30,52,17,30,52,0,26,26,1,1,1,1
1609747046.60099,0,1.00083,32,255,2,147,1121,2000,PIOC,121,1609747028,0,1,1,17,0,4,9,1001,17,0,17,17,30,52,17,30,52,0,26,26,1,1,1,1
1609747046.85246,0,1.00178,11,255,3,152,1131,2000,PIOC,131,1609747029,0,1,1,16,0,7,0,0,17,0,17,17,30,52,17,30,52,0,26,26,1,1,1,1
1609747047.22549,0,1.00087,23,255,1,147,1111,2000,PIOC,111,1609747031,0,1,1,15,0,4,5,101,17,0,17,17,30,52,17,30,52,0,26,26,1,1,1,1
1609747047.30268,0,1.00024,99,255,4,142,1231,2000,BFP,231,1609747028,0,1,1,18,0,5,0,0,17,0,17,17,30,52,17,30,52,0,26,26,1,1,1,1
1609747047.60119,0,1.00020,32,255,2,147,1121,2000,PIOC,121,1609747028,0,1,1,18,0,4,9,1001,17,0,17,17,30,52,17,30,52,0,26,26,1,1,1,1
1609747047.85276,0,1.00030,11,255,3,152,1131,2000,PIOC,131,1609747029,0,1,1,17,0,7,0,0,17,0,17,17,30,52,17,30,52,0,26,26,1,1,1,1
1609747048.22662,0,1.00113,23,255,1,147,1111,2000,PIOC,111,1609747031,0,1,1,16,0,4,5,101,17,0,17,17,30,52,17,30,52,0,26,26,1,1,1,1
1609747048.30375,0,1.00107,99,255,4,142,1231,2000,BFP,231,1609747028,0,1,1,19,0,5,0,0,17,0,17,17,30,52,17,30,52,0,26,26,1,1,1,1
1609747048.60175,0,1.00056,32,255,2,147,1121,2000,PIOC,121,1609747028,0,1,1,19,0,4,9,1001,17,0,17,17,30,52,17,30,52,0,26,26,1,1,1,1
1609747048.85314,0,1.00038,11,255,3,152,1131,2000,PIOC,131,1609747029,0,1,1,18,0,7,0,0,17,0,17,17,30,52,17,30,52,0,26,26,1,1,1,1
1609747049.22706,0,1.00044,23,255,1,147,1111,2000,PIOC,111,1609747031,0,1,1,17,0,4,5,101,17,0,17,17,30,52,17,30,52,0,26,26,1,1,1,1
1609747049.30416,0,1.00041,99,255,4,142,1231,2000,BFP,231,1609747028,0,1,1,20,0,5,0,0,17,0,17,17,30,52,17,30,52,0,26,26,1,1,1,1
1609747049.60280,0,1.00105,32,255,2,147,1121,2000,PIOC,121,1609747028,0,1,1,20,0,4,9,1001,17,0,17,17,30,52,17,30,52,0,26,26,1,1,1,1
1609747049.85572,0,1.00258,11,255,3,152,1131,2000,PIOC,131,1609747029,0,1,1,19,0,7,0,0,17,0,17,17,30,52,17,30,52,0,26,26,1,1,1,1
1609747050.22752,0,1.00046,23,255,1,147,1111,2000,PIOC,111,1609747031,0,1,1,18,0,4,5,101,17,0,17,17,30,52,17,30,52,0,26,26,1,1,1,1
1609747050.30464,0,1.00048,99,255,4,142,1231,2000,BFP,231,1609747028,0,1,1,21,0,5,0,0,17,0,17,17,30,52,17,30,52,0,26,26,1,1,1,1
1609747050.60337,0,1.00057,32,255,2,147,1121,2000,PIOC,121,1609747028,0,1,1,21,0,4,9,1001,17,0,17,17,30,52,17,30,52,0,26,26,1,1,1,1
1609747050.85625,0,1.00053,11,255,3,152,1131,2000,PIOC,131,1609747029,0,1,1,20,0,7,0,0,17,0,17,17,30,52,17,30,52,0,26,26,1,1,1,1
1609747051.22807,0,1.00055,23,255,1,147,1111,2000,PIOC,111,1609747031,0,1,1,19,0,4,5,101,17,0,17,17,30,52,17,30,52,0,26,26,1,1,1,1
1609747051.30525,0,1.00061,99,255,4,142,1231,2000,BFP,231,1609747028,0,1,1,22,0,5,0,0,17,0,17,17,30,52,17,30,52,0,26,26,1,1,1,1
1609747051.60461,0,1.00124,32,255,2,147,1121,2000,PIOC,121,1609747028,0,1,1,22,0,4,9,1001,17,0,17,17,30,52,17,30,52,0,26,26,1,1,1,1
1609747051.85671,0,1.00046,11,255,3,152,1131,2000,PIOC,131,1609747029,0,1,1,21,0,7,0,0,17,0,17,17,30,52,17,30,52,0,26,26,1,1,1,1
1609747052.22847,0,1.00040,23,255,1,147,1111,2000,PIOC,111,1609747031,0,1,1,20,0,4,5,101,17,0,17,17,30,52,17,30,52,0,26,26,1,1,1,1
1609747052.30547,0,1.00022,99,255,4,142,1231,2000,BFP,231,1609747028,0,1,1,23,0,5,0,0,17,0,17,17,30,52,17,30,52,0,26,26,1,1,1,1
1609747052.60529,0,1.00068,32,255,2,147,1121,2000,PIOC,121,1609747028,0,1,1,23,0,4,9,1001,17,0,17,17,30,52,17,30,52,0,26,26,1,1,1,1
1609747052.85715,0,1.00044,11,255,3,152,1131,2000,PIOC,131,1609747029,0,1,1,22,0,7,0,0,17,0,17,17,30,52,17,30,52,0,26,26,1,1,1,1
1609747053.22888,0,1.00041,23,255,1,147,1111,2000,PIOC,111,1609747031,0,1,1,21,0,4,5,101,17,0,17,17,30,52,17,30,52,0,26,26,1,1,1,1
1609747053.30597,0,1.00050,99,255,4,142,1231,2000,BFP,231,1609747028,0,1,1,24,0,5,0,0,17,0,17,17,30,52,17,30,52,0,26,26,1,1,1,1
1609747053.60639,0,1.00110,32,255,2,147,1121,2000,PIOC,121,1609747028,0,1,1,24,0,4,9,1001,17,0,17,17,30,52,17,30,52,0,26,26,1,1,1,1
1609747053.85824,0,1.00109,11,255,3,152,1131,2000,PIOC,131,1609747029,0,1,1,23,0,7,0,0,17,0,17,17,30,52,17,30,52,0,26,26,1,1,1,1
1609747054.22908,0,1.00020,23,255,1,147,1111,2000,PIOC,111,1609747031,0,1,1,22,0,4,5,101,17,0,17,17,30,52,17,30,52,0,26,26,1,1,1,1
1609747054.30713,0,1.00116,99,255,4,142,1231,2000,BFP,231,1609747028,0,1,1,25,0,5,0,0,17,0,17,17,30,52,17,30,52,0,26,26,1,1,1,1
1609747054.60663,0,1.00024,32,255,2,147,1121,2000,PIOC,121,1609747028,0,1,1,25,0,4,9,1001,17,0,17,17,30,52,17,30,52,0,26,26,1,1,1,1
1609747054.85859,0,1.00035,11,255,3,152,1131,2000,PIOC,131,1609747029,0,1,1,24,0,7,0,0,17,0,17,17,30,52,17,30,52,0,26,26,1,1,1,1
1609747055.22941,0,1.00033,23,255,1,147,1111,2000,PIOC,111,1609747031,0,1,1,23,0,4,5,101,17,0,17,17,30,52,17,30,52,0,26,26,1,1,1,1
1609747055.30754,0,1.00041,99,255,4,142,1231,2000,BFP,231,1609747028,0,1,1,26,0,5,0,0,17,0,17,17,30,52,17,30,52,0,26,26,1,1,1,1
1609747055.60714,0,1.00051,32,255,2,147,1121,2000,PIOC,121,1609747028,0,1,1,26,0,4,9,1001,17,0,17,17,30,52,17,30,52,0,26,26,1,1,1,1
1609747055.85900,0,1.00041,11,255,3,152,1131,2000,PIOC,131,1609747029,0,1,1,25,0,7,0,0,17,0,17,17,30,52,17,30,52,0,26,26,1,1,1,1
1609747056.22988,0,1.00047,23,255,1,147,1111,2000,PIOC,111,1609747031,0,1,1,24,0,4,5,101,17,0,17,17,30,52,17,30,52,0,26,26,1,1,1,1
1609747056.30780,0,1.00026,99,255,4,142,1231,2000,BFP,231,1609747028,0,1,1,27,0,5,0,0,17,0,17,17,30,52,17,30,52,0,26,26,1,1,1,1
1609747056.60754,0,1.00040,32,255,2,147,1121,2000,PIOC,121,1609747028,0,1,1,27,0,4,9,1001,17,0,17,17,30,52,17,30,52,0,26,26,1,1,1,1
1609747056.85936,0,1.00036,11,255,3,152,1131,2000,PIOC,131,1609747029,0,1,1,26,0,7,0,0,17,0,17,17,30,52,17,30,52,0,26,26,1,1,1,1
1609747057.23017,0,1.00029,23,255,1,147,1111,2000,PIOC,111,1609747031,0,1,1,25,0,4,5,101,17,0,17,17,30,52,17,30,52,0,26,26,1,1,1,1
1609747057.30806,0,1.00026,99,255,4,142,1231,2000,BFP,231,1609747028,0,1,1,28,0,5,0,0,17,0,17,17,30,52,17,30,52,0,26,26,1,1,1,1
1609747057.60793,0,1.00039,32,255,2,147,1121,2000,PIOC,121,1609747028,0,1,1,28,0,4,9,1001,17,0,17,17,30,52,17,30,52,0,26,26,1,1,1,1
1609747057.86109,0,1.00173,11,255,3,152,1131,2000,PIOC,131,1609747029,0,1,1,27,0,7,0,0,17,0,17,17,30,52,17,30,52,0,26,26,1,1,1,1
1609747058.23058,0,1.00041,23,255,1,147,1111,2000,PIOC,111,1609747031,0,1,1,26,0,4,5,101,17,0,17,17,30,52,17,30,52,0,26,26,1,1,1,1
1609747058.30860,0,1.00054,99,255,4,142,1231,2000,BFP,231,1609747028,0,1,1,29,0,5,0,0,17,0,17,17,30,52,17,30,52,0,26,26,1,1,1,1
1609747058.60864,0,1.00071,32,255,2,147,1121,2000,PIOC,121,1609747028,0,1,1,29,0,4,9,1001,17,0,17,17,30,52,17,30,52,0,26,26,1,1,1,1
1609747058.86220,0,1.00111,11,255,3,152,1131,2000,PIOC,131,1609747029,0,1,1,28,0,7,0,0,17,0,17,17,30,52,17,30,52,0,26,26,1,1,1,1
1609747059.23153,0,1.00095,23,255,1,147,1111,2000,PIOC,111,1609747031,0,1,1,27,0,4,5,101,17,0,17,17,30,52,17,30,52,0,26,26,1,1,1,1
1609747059.30949,0,1.00089,99,255,4,142,1231,2000,BFP,231,1609747028,0,1,1,30,0,5,0,0,17,0,17,17,30,52,17,30,52,0,26,26,1,1,1,1
1609747059.60912,0,1.00048,32,255,2,147,1121,2000,PIOC,121,1609747028,0,1,1,30,0,4,9,1001,17,0,17,17,30,52,17,30,52,0,26,26,1,1,1,1
1609747059.86260,0,1.00040,11,255,3,152,1131,2000,PIOC,131,1609747029,0,1,1,29,0,7,0,0,17,0,17,17,30,52,17,30,52,0,26,26,1,1,1,1
1609747060.23172,0,1.00019,23,255,1,147,1111,2000,PIOC,111,1609747031,0,1,1,28,0,4,5,101,17,0,17,17,30,52,17,30,52,0,26,26,1,1,1,1
1609747060.30941,0,0.99992,99,255,4,142,1231,2000,BFP,231,1609747028,0,1,1,31,0,5,0,0,17,0,17,17,30,52,17,30,52,0,26,26,1,1,1,1
1609747060.60995,0,1.00083,32,255,2,147,1121,2000,PIOC,121,1609747028,0,1,1,31,0,4,9,1001,17,0,17,17,30,52,17,30,52,0,26,26,1,1,1,1
1609747060.86325,0,1.00065,11,255,3,152,1131,2000,PIOC,131,1609747029,0,1,1,30,0,7,0,0,17,0,17,17,30,52,17,30,52,0,26,26,1,1,1,1
1609747061.23216,0,1.00044,23,255,1,147,1111,2000,PIOC,111,1609747031,0,1,1,29,0,4,5,101,17,0,17,17,30,52,17,30,52,0,26,26,1,1,1,1
1609747061.30977,0,1.00036,99,255,4,142,1231,2000,BFP,231,1609747028,0,1,1,32,0,5,0,0,17,0,17,17,30,52,17,30,52,0,26,26,1,1,1,1
1609747061.61010,0,1.00015,32,255,2,147,1121,2000,PIOC,121,1609747028,0,1,1,32,0,4,9,1001,17,0,17,17,30,52,17,30,52,0,26,26,1,1,1,1
1609747061.86346,0,1.00021,11,255,3,152,1131,2000,PIOC,131,1609747029,0,1,1,31,0,7,0,0,17,0,17,17,30,52,17,30,52,0,26,26,1,1,1,1
1609747062.23258,0,1.00042,23,255,1,147,1111,2000,PIOC,111,1609747031,0,1,1,30,0,4,5,101,17,0,17,17,30,52,17,30,52,0,26,26,1,1,1,1
1609747062.31007,0,1.00030,99,255,4,142,1231,2000,BFP,231,1609747028,0,1,1,33,0,5,0,0,17,0,17,17,30,52,17,30,52,0,26,26,1,1,1,1
1609747062.61026,0,1.00016,32,255,2,147,1121,2000,PIOC,121,1609747028,0,1,1,33,0,4,9,1001,17,0,17,17,30,52,17,30,52,0,26,26,1,1,1,1
1609747062.86405,0,1.00059,11,255,3,152,1131,2000,PIOC,131,1609747029,0,1,1,32,0,7,0,0,17,0,17,17,30,52,17,30,52,0,26,26,1,1,1,1
1609747063.23304,0,1.00046,23,255,1,147,1111,2000,PIOC,111,1609747031,0,1,1,31,0,4,5,101,17,0,17,17,30,52,17,30,52,0,26,26,1,1,1,1
1609747063.31048,0,1.00041,99,255,4,142,1231,2000,BFP,231,1609747028,0,1,1,34,0,5,0,0,17,0,17,17,30,52,17,30,52,0,26,26,1,1,1,1
1609747063.61065,0,1.00039,32,255,2,147,1121,2000,PIOC,121,1609747028,0,1,1,34,0,4,9,1001,17,0,17,17,30,52,17,30,52,0,26,26,1,1,1,1
1609747063.86511,0,1.00106,11,255,3,152,1131,2000,PIOC,131,1609747029,0,1,1,33,0,7,0,0,17,0,17,17,30,52,17,30,52,0,26,26,1,1,1,1
1609747064.23400,0,1.00096,23,255,1,147,1111,2000,PIOC,111,1609747031,0,1,1,32,0,4,5,101,17,0,17,17,30,52,17,30,52,0,26,26,1,1,1,1
1609747064.31078,0,1.00030,99,255,4,142,1231,2000,BFP,231,1609747028,0,1,1,35,0,5,0,0,17,0,17,17,30,52,17,30,52,0,26,26,1,1,1,1
1609747064.61168,0,1.00103,32,255,2,147,1121,2000,PIOC,121,1609747028,0,1,1,35,0,4,9,1001,17,0,17,17,30,52,17,30,52,0,26,26,1,1,1,1
1609747064.86549,0,1.00038,11,255,3,152,1131,2000,PIOC,131,1609747029,0,1,1,34,0,7,0,0,17,0,17,17,30,52,17,30,52,0,26,26,1,1,1,1
1609747065.23473,0,1.00073,23,255,1,147,1111,2000,PIOC,111,1609747031,0,1,1,33,0,4,5,101,17,0,17,17,30,52,17,30,52,0,26,26,1,1,1,1
1609747065.31124,0,1.00046,99,255,4,142,1231,2000,BFP,231,1609747028,0,1,1,36,0,5,0,0,17,0,17,17,30,52,17,30,52,0,26,26,1,1,1,1
1609747065.61232,0,1.00064,32,255,2,147,1121,2000,PIOC,121,1609747028,0,1,1,36,0,4,9,1001,17,0,17,17,30,52,17,30,52,0,26,26,1,1,1,1
1609747065.86615,0,1.00066,11,255,3,152,1131,2000,PIOC,131,1609747029,0,1,1,35,0,7,0,0,17,0,17,17,30,52,17,30,52,0,26,26,1,1,1,1
1609747066.23503,0,1.00030,23,255,1,147,1111,2000,PIOC,111,1609747031,0,1,1,34,0,4,5,101,17,0,17,17,30,52,17,30,52,0,26,26,1,1,1,1
1609747066.31180,0,1.00056,99,255,4,142,1231,2000,BFP,231,1609747028,0,1,1,37,0,5,0,0,17,0,17,17,30,52,17,30,52,0,26,26,1,1,1,1
1609747066.61260,0,1.00028,32,255,2,147,1121,2000,PIOC,121,1609747028,0,1,1,37,0,4,9,1001,17,0,17,17,30,52,17,30,52,0,26,26,1,1,1,1
1609747066.86681,0,1.00066,11,255,3,152,1131,2000,PIOC,131,1609747029,0,1,1,36,0,7,0,0,17,0,17,17,30,52,17,30,52,0,26,26,1,1,1,1
1609747067.23545,0,1.00042,23,255,1,147,1111,2000,PIOC,111,1609747031,0,1,1,35,0,4,5,101,17,0,17,17,30,52,17,30,52,0,26,26,1,1,1,1
1609747067.31225,0,1.00045,99,255,4,142,1231,2000,BFP,231,1609747028,0,1,1,38,0,5,0,0,17,0,17,17,30,52,17,30,52,0,26,26,1,1,1,1
1609747067.61292,0,1.00032,32,255,2,147,1121,2000,PIOC,121,1609747028,0,1,1,38,0,4,9,1001,17,0,17,17,30,52,17,30,52,0,26,26,1,1,1,1
1609747067.86743,0,1.00062,11,255,3,152,1131,2000,PIOC,131,1609747029,0,1,1,37,0,7,0,0,17,0,17,17,30,52,17,30,52,0,26,26,1,1,1,1
1609747068.23582,0,1.00037,23,255,1,147,1111,2000,PIOC,111,1609747031,0,1,1,36,0,4,5,101,17,0,17,17,30,52,17,30,52,0,26,26,1,1,1,1
1609747068.31252,0,1.00027,99,255,4,142,1231,2000,BFP,231,1609747028,0,1,1,39,0,5,0,0,17,0,17,17,30,52,17,30,52,0,26,26,1,1,1,1
1609747068.61334,0,1.00042,32,255,2,147,1121,2000,PIOC,121,1609747028,0,1,1,39,0,4,9,1001,17,0,17,17,30,52,17,30,52,0,26,26,1,1,1,1
1609747068.86765,0,1.00022,11,255,3,152,1131,2000,PIOC,131,1609747029,0,1,1,38,0,7,0,0,17,0,17,17,30,52,17,30,52,0,26,26,1,1,1,1
1609747069.23691,0,1.00109,23,255,1,147,1111,2000,PIOC,111,1609747031,0,1,1,37,0,4,5,101,17,0,17,17,30,52,17,30,52,0,26,26,1,1,1,1
1609747069.31271,0,1.00019,99,255,4,142,1231,2000,BFP,231,1609747028,0,1,1,40,0,5,0,0,17,0,17,17,30,52,17,30,52,0,26,26,1,1,1,1
1609747069.61364,0,1.00030,32,255,2,147,1121,2000,PIOC,121,1609747028,0,1,1,40,0,4,9,1001,17,0,17,17,30,52,17,30,52,0,26,26,1,1,1,1
1609747069.86798,0,1.00033,11,255,3,152,1131,2000,PIOC,131,1609747029,0,1,1,39,0,7,0,0,17,0,17,17,30,52,17,30,52,0,26,26,1,1,1,1
1609747070.23736,0,1.00045,23,255,1,147,1111,2000,PIOC,111,1609747031,0,1,1,38,0,4,5,101,17,0,17,17,30,52,17,30,52,0,26,26,1,1,1,1
1609747070.31386,0,1.00115,99,255,4,142,1231,2000,BFP,231,1609747028,0,1,1,41,0,5,0,0,17,0,17,17,30,52,17,30,52,0,26,26,1,1,1,1
1609747070.61491,0,1.00127,32,255,2,147,1121,2000,PIOC,121,1609747028,0,1,1,41,0,4,9,1001,17,0,17,17,30,52,17,30,52,0,26,26,1,1,1,1
1609747070.86863,0,1.00065,11,255,3,152,1131,2000,PIOC,131,1609747029,0,1,1,40,0,7,0,0,17,0,17,17,30,52,17,30,52,0,26,26,1,1,1,1
1609747071.23795,0,1.00059,23,255,1,147,1111,2000,PIOC,111,1609747031,0,1,1,39,0,4,5,101,17,0,17,17,30,52,17,30,52,0,26,26,1,1,1,1
1609747071.31456,0,1.00070,99,255,4,142,1231,2000,BFP,231,1609747028,0,1,1,42,0,5,0,0,17,0,17,17,30,52,17,30,52,0,26,26,1,1,1,1
1609747071.61534,0,1.00043,32,255,2,147,1121,2000,PIOC,121,1609747028,0,1,1,42,0,4,9,1001,17,0,17,17,30,52,17,30,52,0,26,26,1,1,1,1
1609747071.86898,0,1.00035,11,255,3,152,1131,2000,PIOC,131,1609747029,0,1,1,41,0,7,0,0,17,0,17,17,30,52,17,30,52,0,26,26,1,1,1,1
1609747072.23889,0,1.00094,23,255,1,147,1111,2000,PIOC,111,1609747031,0,1,1,40,0,4,5,101,17,0,17,17,30,52,17,30,52,0,26,26,1,1,1,1
1609747072.31479,0,1.00023,99,255,4,142,1231,2000,BFP,231,1609747028,0,1,1,43,0,5,0,0,17,0,17,17,30,52,17,30,52,0,26,26,1,1,1,1
1609747072.61576,0,1.00042,32,255,2,147,1121,2000,PIOC,121,1609747028,0,1,1,43,0,4,9,1001,17,0,17,17,30,52,17,30,52,0,26,26,1,1,1,1
1609747072.86917,0,1.00019,11,255,3,152,1131,2000,PIOC,131,1609747029,0,1,1,42,0,7,0,0,17,0,17,17,30,52,17,30,52,0,26,26,1,1,1,1
1609747073.23973,0,1.00084,23,255,1,147,1111,2000,PIOC,111,1609747031,0,1,1,41,0,4,5,101,17,0,17,17,30,52,17,30,52,0,26,26,1,1,1,1
1609747073.31527,0,1.00048,99,255,4,142,1231,2000,BFP,231,1609747028,0,1,1,44,0,5,0,0,17,0,17,17,30,52,17,30,52,0,26,26,1,1,1,1
1609747073.61601,0,1.00025,32,255,2,147,1121,2000,PIOC,121,1609747028,0,1,1,44,0,4,9,1001,17,0,17,17,30,52,17,30,52,0,26,26,1,1,1,1
1609747073.87014,0,1.00097,11,255,3,152,1131,2000,PIOC,131,1609747029,0,1,1,43,0,7,0,0,17,0,17,17,30,52,17,30,52,0,26,26,1,1,1,1
1609747074.24045,0,1.00072,23,255,1,147,1111,2000,PIOC,111,1609747031,0,1,1,42,0,4,5,101,17,0,17,17,30,52,17,30,52,0,26,26,1,1,1,1
1609747074.31568,0,1.00041,99,255,4,142,1231,2000,BFP,231,1609747028,0,1,1,45,0,5,0,0,17,0,17,17,30,52,17,30,52,0,26,26,1,1,1,1
1609747074.61677,0,1.00076,32,255,2,147,1121,2000,PIOC,121,1609747028,0,1,1,45,0,4,9,1001,17,0,17,17,30,52,17,30,52,0,26,26,1,1,1,1
1609747074.87056,0,1.00042,11,255,3,152,1131,2000,PIOC,131,1609747029,0,1,1,44,0,7,0,0,17,0,17,17,30,52,17,30,52,0,26,26,1,1,1,1
1609747075.24044,0,0.99999,23,255,1,147,1111,2000,PIOC,111,1609747031,0,1,1,43,0,4,5,101,17,0,17,17,30,52,17,30,52,0,26,26,1,1,1,1
1609747075.31657,0,1.00089,99,255,4,142,1231,2000,BFP,231,1609747028,0,1,1,46,0,5,0,0,17,0,17,17,30,52,17,30,52,0,26,26,1,1,1,1
1609747075.61727,0,1.00050,32,255,2,147,1121,2000,PIOC,121,1609747028,0,1,1,46,0,4,9,1001,17,0,17,17,30,52,17,30,52,0,26,26,1,1,1,1
1609747075.87072,0,1.00016,11,255,3,152,1131,2000,PIOC,131,1609747029,0,1,1,45,0,7,0,0,17,0,17,17,30,52,17,30,52,0,26,26,1,1,1,1
1609747076.24090,0,1.00046,23,255,1,147,1111,2000,PIOC,111,1609747031,0,1,1,44,0,4,5,101,17,0,17,17,30,52,17,30,52,0,26,26,1,1,1,1
1609747076.31698,0,1.00041,99,255,4,142,1231,2000,BFP,231,1609747028,0,1,1,47,0,5,0,0,17,0,17,17,30,52,17,30,52,0,26,26,1,1,1,1
1609747076.61758,0,1.00031,32,255,2,147,1121,2000,PIOC,121,1609747028,0,1,1,47,0,4,9,1001,17,0,17,17,30,52,17,30,52,0,26,26,1,1,1,1
1609747076.87099,0,1.00027,11,255,3,152,1131,2000,PIOC,131,1609747029,0,1,1,46,0,7,0,0,17,0,17,17,30,52,17,30,52,0,26,26,1,1,1,1
1609747077.24125,0,1.00035,23,255,1,147,1111,2000,PIOC,111,1609747031,0,1,1,45,0,4,5,101,17,0,17,17,30,52,17,30,52,0,26,26,1,1,1,1
1609747077.31734,0,1.00036,99,255,4,142,1231,2000,BFP,231,1609747028,0,1,1,48,0,5,0,0,17,0,17,17,30,52,17,30,52,0,26,26,1,1,1,1
1609747077.61798,0,1.00040,32,255,2,147,1121,2000,PIOC,121,1609747028,0,1,1,48,0,4,9,1001,17,0,17,17,30,52,17,30,52,0,26,26,1,1,1,1
1609747077.87223,0,1.00124,11,255,3,152,1131,2000,PIOC,131,1609747029,0,1,1,47,0,7,0,0,17,0,17,17,30,52,17,30,52,0,26,26,1,1,1,1
1609747078.24170,0,1.00045,23,255,1,147,1111,2000,PIOC,111,1609747031,0,1,1,46,0,4,5,101,17,0,17,17,30,52,17,30,52,0,26,26,1,1,1,1
1609747078.31774,0,1.00040,99,255,4,142,1231,2000,BFP,231,1609747028,0,1,1,49,0,5,0,0,17,0,17,17,30,52,17,30,52,0,26,26,1,1,1,1
1609747078.61834,0,1.00036,32,255,2,147,1121,2000,PIOC,121,1609747028,0,1,1,49,0,4,9,1001,17,0,17,17,30,52,17,30,52,0,26,26,1,1,1,1
1609747078.87295,0,1.00072,11,255,3,152,1131,2000,PIOC,131,1609747029,0,1,1,48,0,7,0,0,17,0,17,17,30,52,17,30,52,0,26,26,1,1,1,1
1609747079.24208,0,1.00038,23,255,1,147,1111,2000,PIOC,111,1609747031,0,1,1,47,0,4,5,101,17,0,17,17,30,52,17,30,52,0,26,26,1,1,1,1
1609747079.31813,0,1.00039,99,255,4,142,1231,2000,BFP,231,1609747028,0,1,1,50,0,5,0,0,17,0,17,17,30,52,17,30,52,0,26,26,1,1,1,1
1609747079.61876,0,1.00042,32,255,2,147,1121,2000,PIOC,121,1609747028,0,1,1,50,0,4,9,1001,17,0,17,17,30,52,17,30,52,0,26,26,1,1,1,1
1609747079.87343,0,1.00048,11,255,3,152,1131,2000,PIOC,131,1609747029,0,1,1,49,0,7,0,0,17,0,17,17,30,52,17,30,52,0,26,26,1,1,1,1
1609747080.24253,0,1.00045,23,255,1,147,1111,2000,PIOC,111,1609747031,0,1,1,48,0,4,5,101,17,0,17,17,30,52,17,30,52,0,26,26,1,1,1,1
1609747080.31867,0,1.00054,99,255,4,142,1231,2000,BFP,231,1609747028,0,1,1,51,0,5,0,0,17,0,17,17,30,52,17,30,52,0,26,26,1,1,1,1
1609747080.61922,0,1.00046,32,255,2,147,1121,2000,PIOC,121,1609747028,0,1,1,51,0,4,9,1001,17,0,17,17,30,52,17,30,52,0,26,26,1,1,1,1
1609747080.87528,0,1.00185,11,255,3,152,1131,2000,PIOC,131,1609747029,0,1,1,50,0,7,0,0,17,0,17,17,30,52,17,30,52,0,26,26,1,1,1,1
1609747081.24288,0,1.00035,23,255,1,147,1111,2000,PIOC,111,1609747031,0,1,1,49,0,4,5,101,17,0,17,17,30,52,17,30,52,0,26,26,1,1,1,1
1609747081.31953,0,1.00086,99,255,4,142,1231,2000,BFP,231,1609747028,0,1,1,52,0,5,0,0,17,0,17,17,30,52,17,30,52,0,26,26,1,1,1,1
1609747081.61958,0,1.00036,32,255,2,147,1121,2000,PIOC,121,1609747028,0,1,1,52,0,4,9,1001,17,0,17,17,30,52,17,30,52,0,26,26,1,1,1,1
1609747081.87567,0,1.00039,11,255,3,152,1131,2000,PIOC,131,1609747029,0,1,1,51,0,7,0,0,17,0,17,17,30,52,17,30,52,0,26,26,1,1,1,1
1609747082.24316,0,1.00028,23,255,1,147,1111,2000,PIOC,111,1609747031,0,1,1,50,0,4,5,101,17,0,17,17,30,52,17,30,52,0,26,26,1,1,1,1
1609747082.31979,0,1.00026,99,255,4,142,1231,2000,BFP,231,1609747028,0,1,1,53,0,5,0,0,17,0,17,17,30,52,17,30,52,0,26,26,1,1,1,1
1609747082.62055,0,1.00097,32,255,2,147,1121,2000,PIOC,121,1609747028,0,1,1,53,0,4,9,1001,17,0,17,17,30,52,17,30,52,0,26,26,1,1,1,1
1609747082.87607,0,1.00040,11,255,3,152,1131,2000,PIOC,131,1609747029,0,1,1,52,0,7,0,0,17,0,17,17,30,52,17,30,52,0,26,26,1,1,1,1
1609747083.24352,0,1.00036,23,255,1,147,1111,2000,PIOC,111,1609747031,0,1,1,51,0,4,5,101,17,0,17,17,30,52,17,30,52,0,26,26,1,1,1,1
1609747083.32006,0,1.00027,99,255,4,142,1231,2000,BFP,231,1609747028,0,1,1,54,0,5,0,0,17,0,17,17,30,47,17,30,52,0,23,26,1,1,1,1
1609747083.62089,0,1.00034,32,255,2,147,1121,2000,PIOC,121,1609747028,0,1,1,54,0,4,9,1001,17,0,17,17,30,21,17,30,52,0,8,26,1,1,1,1
1609747083.87697,0,1.00090,11,255,3,152,1131,2000,PIOC,131,1609747029,0,1,1,53,0,7,0,0,18,0,17,18,30,9,17,30,52,0,0,26,1,1,1,1
1609747084.24441,0,1.00089,23,255,1,147,1111,2000,PIOC,111,1609747031,0,1,1,52,0,4,5,101,19,0,17,19,33,0,17,30,52,0,0,26,1,1,1,1
1609747084.32053,0,1.00047,99,255,4,142,1231,2000,BFP,231,1609747028,0,1,1,55,0,5,0,0,77,0,17,77,133,0,17,30,52,0,0,26,1,1,1,1
1609747084.62121,0,1.00032,32,255,2,147,1121,2000,PIOC,121,1609747028,0,1,1,55,0,4,9,1001,782,0,17,782,1354,0,17,30,52,0,0,26,1,1,1,1
1609747084.87788,0,1.00091,11,255,3,152,1131,2000,PIOC,131,1609747029,0,1,1,54,0,7,0,0,793,0,17,793,1373,0,17,30,52,0,0,26,1,1,1,1
1609747085.24530,0,1.00089,23,255,1,147,1111,2000,PIOC,111,1609747031,0,1,1,53,0,4,5,101,1470,0,17,1470,2547,0,17,30,52,0,0,26,1,1,1,1
1609747085.32137,0,1.00084,99,255,4,142,1231,2000,BFP,231,1609747028,0,1,1,56,0,5,0,0,1470,0,17,1470,2547,0,17,30,52,0,0,26,1,1,1,1
1609747085.62206,0,1.00085,32,255,2,147,1121,2000,PIOC,121,1609747028,0,1,1,56,0,4,9,1001,2152,0,17,2152,3727,0,17,30,52,0,0,26,1,1,1,1
1609747085.87881,0,1.00093,11,255,3,152,1131,2000,PIOC,131,1609747029,0,1,1,55,0,7,0,0,2364,0,17,2364,4094,0,17,30,52,0,0,26,1,1,1,1
1609747086.32157,0,1.00020,99,255,4,142,1231,2000,BFP,231,1609747028,0,1,1,57,0,5,0,0,2625,0,17,2625,4547,0,17,30,52,0,0,26,1,1,1,1
1609747086.62251,0,1.00045,32,255,2,147,1121,2000,PIOC,121,1609747028,0,1,1,57,0,4,9,1001,2605,0,17,2605,4512,0,17,30,52,0,0,26,1,1,1,1
1609747086.87920,0,1.00039,11,255,3,152,1131,2000,PIOC,131,1609747029,0,1,1,56,0,7,0,0,2229,0,17,2229,3861,0,17,30,52,0,0,26,1,1,1,1
1609747087.32239,0,1.00082,99,255,4,142,1231,2000,BFP,231,1609747028,0,1,1,58,0,5,0,0,1761,0,17,1761,3051,0,17,30,52,0,0,26,1,1,1,1
1609747087.62297,0,1.00046,32,255,2,147,1121,2000,PIOC,121,1609747028,0,1,1,58,0,4,9,1001,633,0,17,633,1096,0,17,30,52,0,0,26,1,1,1,1
1609747087.87941,0,1.00021,11,255,3,152,1131,2000,PIOC,131,1609747029,0,1,1,57,0,7,0,0,600,0,17,600,1040,0,17,30,52,0,0,26,1,1,1,1
1609747088.32273,0,1.00034,99,255,4,142,1231,2000,BFP,231,1609747028,0,1,1,59,0,5,0,0,213,0,17,213,368,0,17,30,52,0,0,26,1,1,1,1
1609747088.62332,0,1.00035,32,255,2,147,1121,2000,PIOC,121,1609747028,0,1,1,59,0,4,9,1001,357,0,17,357,619,0,17,30,52,0,0,26,1,1,1,1
1609747088.88005,0,1.00064,11,255,3,152,1131,2000,PIOC,131,1609747029,0,1,1,58,0,7,0,0,764,0,17,764,1323,0,17,30,52,0,0,26,1,1,1,1
1609747089.32331,0,1.00058,99,255,4,142,1231,2000,BFP,231,1609747028,0,1,1,60,0,5,0,0,1570,0,17,1570,2715,0,17,30,52,0,0,26,1,1,1,1
1609747089.62382,0,1.00050,32,255,2,147,1121,2000,PIOC,121,1609747028,0,1,1,60,0,4,9,1001,1826,0,17,1826,3163,0,17,30,52,0,0,26,1,1,1,1
1609747089.88025,0,1.00020,11,255,3,152,1131,2000,PIOC,131,1609747029,0,1,1,59,0,7,0,0,2235,0,17,2235,3871,0,17,30,52,0,0,26,1,1,1,1
1609747090.32368,0,1.00037,99,255,4,142,1231,2000,BFP,231,1609747028,0,1,1,61,0,5,0,0,2375,0,17,2375,4114,0,17,30,52,0,0,26,1,1,1,1
1609747090.62502,0,1.00120,32,255,2,147,1121,2000,PIOC,121,1609747028,0,1,1,61,0,4,9,1001,1804,0,17,1804,3126,0,17,30,52,0,0,26,1,1,1,1
1609747090.88047,0,1.00022,11,255,3,152,1131,2000,PIOC,131,1609747029,0,1,1,60,0,7,0,0,883,0,17,883,1529,0,17,30,52,0,0,26,1,1,1,1
1609747091.32399,0,1.00031,99,255,4,142,1231,2000,BFP,231,1609747028,0,1,1,62,0,5,0,0,377,0,17,377,652,0,17,30,52,0,0,26,1,1,1,1
1609747091.62573,0,1.00071,32,255,2,147,1121,2000,PIOC,121,1609747028,0,1,1,62,0,4,9,1001,1270,0,17,1270,2200,0,17,30,52,0,0,26,1,1,1,1
1609747091.88134,0,1.00087,11,255,3,152,1131,2000,PIOC,131,1609747029,0,1,1,61,0,7,0,0,1721,0,17,1721,2982,0,17,30,52,0,0,26,1,1,1,1
1609747092.32448,0,1.00049,99,255,4,142,1231,2000,BFP,231,1609747028,0,1,1,63,0,5,0,0,2284,0,17,2284,3956,0,17,30,52,0,0,26,1,1,1,1
1609747092.62603,0,1.00030,32,255,2,147,1121,2000,PIOC,121,1609747028,0,1,1,63,0,4,9,1001,2039,0,17,2039,3533,0,17,30,52,0,0,26,1,1,1,1
1609747092.88181,0,1.00047,11,255,3,152,1131,2000,PIOC,131,1609747029,0,1,1,62,0,7,0,0,1539,0,17,1539,2666,0,17,30,52,0,0,26,1,1,1,1
1609747093.32557,0,1.00109,99,255,4,142,1231,2000,BFP,231,1609747028,0,1,1,64,0,5,0,0,550,0,17,550,952,0,17,30,52,0,0,26,1,1,1,1
1609747093.62924,0,1.00321,32,255,2,147,1121,2000,PIOC,121,1609747028,0,1,1,64,0,4,9,1001,818,0,17,818,1416,0,17,30,52,0,0,26,1,1,1,1
1609747093.88239,0,1.00058,11,255,3,152,1131,2000,PIOC,131,1609747029,0,1,1,63,0,7,0,0,1640,0,17,1640,2841,0,17,30,52,0,0,26,1,1,1,1
1609747094.32588,0,1.00031,99,255,4,142,1231,2000,BFP,231,1609747028,0,1,1,65,0,5,0,0,2152,0,17,2152,3727,0,17,30,52,0,0,26,1,1,1,1
1609747094.63137,0,1.00213,32,255,2,147,1121,2000,PIOC,121,1609747028,0,1,1,65,0,4,9,1001,1970,0,17,1970,3413,0,17,30,52,0,0,26,1,1,1,1
1609747094.88313,0,1.00074,11,255,3,152,1131,2000,PIOC,131,1609747029,0,1,1,64,0,7,0,0,1140,0,17,1140,1975,0,17,30,52,0,0,26,1,1,1,1
1609747095.25120,909,10.00590,23,255,1,147,1111,2000,PIOC,111,1609747085,1,-53,2,0,0,4,14,1110,774,0,17,774,1341,0,17,30,52,0,0,26,1,1,1,1
1609747095.25986,0,0.00866,23,255,1,147,1111,2000,PIOC,111,1609747085,0,1,2,1,0,4,14,1110,774,0,17,774,1341,0,17,30,52,0,0,26,1,1,1,1
1609747095.27693,0,0.01707,23,255,1,147,1111,2000,PIOC,111,1609747085,0,1,2,2,0,4,14,1110,774,0,17,774,1341,0,17,30,52,0,0,26,1,1,1,1
1609747095.30891,0,0.03198,23,255,1,147,1111,2000,PIOC,111,1609747085,0,1,2,3,0,4,14,1110,676,0,17,676,1170,0,17,30,52,0,0,26,1,1,1,1
1609747095.32630,0,1.00042,99,255,4,142,1231,2000,BFP,231,1609747028,0,1,1,66,0,5,0,0,676,0,17,676,1170,0,17,30,52,0,0,26,1,1,1,1
1609747095.37329,0,0.06438,23,255,1,147,1111,2000,PIOC,111,1609747085,0,1,2,4,0,4,14,1110,676,0,17,676,1170,0,17,30,52,0,0,26,1,1,1,1
1609747095.50164,0,0.12835,23,255,1,147,1111,2000,PIOC,111,1609747085,0,1,2,5,0,4,14,1110,676,0,18,676,1170,53,18,30,53,43,2,5,1,1,1,1
1609747095.63173,0,1.00036,32,255,2,147,1121,2000,PIOC,121,1609747028,0,1,1,66,0,4,9,1001,650,0,46,650,1126,340,46,79,137,136,4,4,1,1,1,1
1609747095.75868,0,0.25704,23,255,1,147,1111,2000,PIOC,111,1609747085,0,1,2,6,0,4,14,1110,637,0,160,637,1104,480,160,277,480,479,10,10,1,1,1,1
1609747095.88343,0,1.00030,11,255,3,152,1131,2000,PIOC,131,1609747029,0,1,1,65,0,7,0,0,566,0,593,566,980,1159,593,1027,1778,1778,16,16,1,1,1,1
1609747096.27075,0,0.51207,23,255,1,147,1111,2000,PIOC,111,1609747085,0,1,2,7,0,4,14,1110,265,0,1004,265,460,2899,1004,1739,3012,3011,25,25,1,1,1,1
1609747096.32765,0,1.00135,99,255,4,142,1231,2000,BFP,231,1609747028,0,1,1,67,0,5,0,0,77,0,1004,77,133,3119,1004,1739,3012,3011,25,25,1,1,1,1
1609747096.63314,0,1.00141,32,255,2,147,1121,2000,PIOC,121,1609747028,0,1,1,67,0,4,9,1001,0,0,938,0,0,2736,938,1625,2815,2813,24,24,1,1,1,1
1609747096.88389,0,1.00046,11,255,3,152,1131,2000,PIOC,131,1609747029,0,1,1,66,0,7,0,0,0,0,261,0,0,782,261,452,783,782,11,11,1,1,1,1
1609747097.27147,0,1.00072,23,255,1,147,1111,2000,PIOC,111,1609747085,0,1,2,8,0,4,14,1110,0,0,10,0,0,0,10,16,28,14,8,8,1,1,1,1
1609747097.32786,0,1.00021,99,255,4,142,1231,2000,BFP,231,1609747028,0,1,1,68,0,5,0,0,0,0,11,0,0,0,11,18,32,16,8,8,1,1,1,1
1609747097.63350,0,1.00036,32,255,2,147,1121,2000,PIOC,121,1609747028,0,1,1,68,0,4,9,1001,0,0,35,0,0,0,35,60,104,52,26,26,1,1,1,1
1609747097.88433,0,1.00044,11,255,3,152,1131,2000,PIOC,131,1609747029,0,1,1,67,0,7,0,0,0,0,35,0,0,0,35,60,104,52,26,26,1,1,1,1
1609747098.27194,0,1.00047,23,255,1,147,1111,2000,PIOC,111,1609747085,0,1,2,9,0,4,14,1110,0,0,35,0,0,0,35,60,104,52,26,26,1,1,1,1
1609747098.32855,0,1.00069,99,255,4,142,1231,2000,BFP,231,1609747028,0,1,1,69,0,5,0,0,0,0,35,0,0,0,35,60,104,52,26,26,1,1,1,1
1609747098.63487,0,1.00137,32,255,2,147,1121,2000,PIOC,121,1609747028,0,1,1,69,0,4,9,1001,0,0,35,0,0,0,35,60,104,52,26,26,1,1,1,1
1609747098.88485,0,1.00052,11,255,3,152,1131,2000,PIOC,131,1609747029,0,1,1,68,0,7,0,0,0,0,35,0,0,0,35,60,104,52,26,26,1,1,1,1
1609747099.27277,0,1.00083,23,255,1,147,1111,2000,PIOC,111,1609747085,0,1,2,10,0,4,14,1110,0,0,35,0,0,0,35,60,104,52,26,26,1,1,1,1
1609747099.32938,0,1.00083,99,255,4,142,1231,2000,BFP,231,1609747028,0,1,1,70,0,5,0,0,0,0,35,0,0,0,35,60,104,52,26,26,1,1,1,1
1609747099.63579,0,1.00092,32,255,2,147,1121,2000,PIOC,121,1609747028,0,1,1,70,0,4,9,1001,0,0,35,0,0,0,35,60,104,52,26,26,1,1,1,1
1609747099.88575,0,1.00090,11,255,3,152,1131,2000,PIOC,131,1609747029,0,1,1,69,0,7,0,0,0,0,35,0,0,0,35,60,104,52,26,26,1,1,1,1
1609747100.27326,0,1.00049,23,255,1,147,1111,2000,PIOC,111,1609747085,0,1,2,11,0,4,14,1110,0,0,35,0,0,0,35,60,104,52,26,26,1,1,1,1
1609747100.32989,0,1.00051,99,255,4,142,1231,2000,BFP,231,1609747028,0,1,1,71,0,5,0,0,0,0,35,0,0,0,35,60,104,52,26,26,1,1,1,1
1609747100.63571,0,0.99992,32,255,2,147,1121,2000,PIOC,121,1609747028,0,1,1,71,0,4,9,1001,0,0,35,0,0,0,35,60,104,52,26,26,1,1,1,1
1609747100.88622,0,1.00047,11,255,3,152,1131,2000,PIOC,131,1609747029,0,1,1,70,0,7,0,0,0,0,35,0,0,0,35,60,104,52,26,26,1,1,1,1
1609747101.27366,0,1.00040,23,255,1,147,1111,2000,PIOC,111,1609747085,0,1,2,12,0,4,14,1110,0,0,35,0,0,0,35,60,104,52,26,26,1,1,1,1
1609747101.33065,0,1.00076,99,255,4,142,1231,2000,BFP,231,1609747028,0,1,1,72,0,5,0,0,0,0,35,0,0,0,35,60,104,52,26,26,1,1,1,1
1609747101.63624,0,1.00053,32,255,2,147,1121,2000,PIOC,121,1609747028,0,1,1,72,0,4,9,1001,0,0,35,0,0,0,35,60,104,52,26,26,1,1,1,1
1609747101.88644,0,1.00022,11,255,3,152,1131,2000,PIOC,131,1609747029,0,1,1,71,0,7,0,0,0,0,35,0,0,0,35,60,104,52,26,26,1,1,1,1
1609747102.27394,0,1.00028,23,255,1,147,1111,2000,PIOC,111,1609747085,0,1,2,13,0,4,14,1110,0,0,35,0,0,0,35,60,104,52,26,26,1,1,1,1
1609747102.33152,0,1.00087,99,255,4,142,1231,2000,BFP,231,1609747028,0,1,1,73,0,5,0,0,0,0,35,0,0,0,35,60,104,52,26,26,1,1,1,1
1609747102.63650,0,1.00026,32,255,2,147,1121,2000,PIOC,121,1609747028,0,1,1,73,0,4,9,1001,0,0,35,0,0,0,35,60,104,52,26,26,1,1,1,1
1609747102.88685,0,1.00041,11,255,3,152,1131,2000,PIOC,131,1609747029,0,1,1,72,0,7,0,0,0,0,35,0,0,0,35,60,104,52,26,26,1,1,1,1
1609747103.27427,0,1.00033,23,255,1,147,1111,2000,PIOC,111,1609747085,0,1,2,14,0,4,14,1110,0,0,35,0,0,0,35,60,104,52,26,26,1,1,1,1
1609747103.33272,0,1.00120,99,255,4,142,1231,2000,BFP,231,1609747028,0,1,1,74,0,5,0,0,0,0,35,0,0,0,35,60,104,52,26,26,1,1,1,1
1609747103.63713,0,1.00063,32,255,2,147,1121,2000,PIOC,121,1609747028,0,1,1,74,0,4,9,1001,0,0,35,0,0,0,35,60,104,52,26,26,1,1,1,1
1609747103.88799,0,1.00114,11,255,3,152,1131,2000,PIOC,131,1609747029,0,1,1,73,0,7,0,0,0,0,35,0,0,0,35,60,104,52,26,26,1,1,1,1
1609747104.27454,0,1.00027,23,255,1,147,1111,2000,PIOC,111,1609747085,0,1,2,15,0,4,14,1110,0,0,35,0,0,0,35,60,104,52,26,26,1,1,1,1
1609747104.33338,0,1.00066,99,255,4,142,1231,2000,BFP,231,1609747028,0,1,1,75,0,5,0,0,0,0,35,0,0,0,35,60,104,52,26,26,1,1,1,1
1609747104.63752,0,1.00039,32,255,2,147,1121,2000,PIOC,121,1609747028,0,1,1,75,0,4,9,1001,0,0,35,0,0,0,35,60,104,52,26,26,1,1,1,1
1609747104.88846,0,1.00047,11,255,3,152,1131,2000,PIOC,131,1609747029,0,1,1,74,0,7,0,0,0,0,35,0,0,0,35,60,104,52,26,26,1,1,1,1
1609747105.27496,0,1.00042,23,255,1,147,1111,2000,PIOC,111,1609747085,0,1,2,16,0,4,14,1110,0,0,35,0,0,0,35,60,104,52,26,26,1,1,1,1
1609747105.33354,0,1.00016,99,255,4,142,1231,2000,BFP,231,1609747028,0,1,1,76,0,5,0,0,0,0,35,0,0,0,35,60,104,52,26,26,1,1,1,1
1609747105.63801,0,1.00049,32,255,2,147,1121,2000,PIOC,121,1609747028,0,1,1,76,0,4,9,1001,0,0,35,0,0,0,35,60,104,52,26,26,1,1,1,1
1609747105.88881,0,1.00035,11,255,3,152,1131,2000,PIOC,131,1609747029,0,1,1,75,0,7,0,0,0,0,35,0,0,0,35,60,104,52,26,26,1,1,1,1
1609747106.27539,0,1.00043,23,255,1,147,1111,2000,PIOC,111,1609747085,0,1,2,17,0,4,14,1110,0,0,35,0,0,0,35,60,104,52,26,26,1,1,1,1
1609747106.33388,0,1.00034,99,255,4,142,1231,2000,BFP,231,1609747028,0,1,1,77,0,5,0,0,0,0,35,0,0,0,35,60,104,52,26,26,1,1,1,1
1609747106.63902,0,1.00101,32,255,2,147,1121,2000,PIOC,121,1609747028,0,1,1,77,0,4,9,1001,0,0,35,0,0,0,35,60,104,52,26,26,1,1,1,1
1609747106.89170,0,1.00289,11,255,3,152,1131,2000,PIOC,131,1609747029,0,1,1,76,0,7,0,0,0,0,35,0,0,0,35,60,104,52,26,26,1,1,1,1
1609747107.27684,0,1.00145,23,255,1,147,1111,2000,PIOC,111,1609747085,0,1,2,18,0,4,14,1110,0,0,35,0,0,0,35,60,104,52,26,26,1,1,1,1
1609747107.33429,0,1.00041,99,255,4,142,1231,2000,BFP,231,1609747028,0,1,1,78,0,5,0,0,0,0,35,0,0,0,35,60,104,52,26,26,1,1,1,1
1609747107.64031,0,1.00129,32,255,2,147,1121,2000,PIOC,121,1609747028,0,1,1,78,0,4,9,1001,0,0,35,0,0,0,35,60,104,52,26,26,1,1,1,1
1609747107.89066,0,0.99896,11,255,3,152,1131,2000,PIOC,131,1609747029,0,1,1,77,0,7,0,0,0,0,35,0,0,0,35,60,104,52,26,26,1,1,1,1
1609747108.27785,0,1.00101,23,255,1,147,1111,2000,PIOC,111,1609747085,0,1,2,19,0,4,14,1110,0,0,35,0,0,0,35,60,104,52,26,26,1,1,1,1
1609747108.33477,0,1.00048,99,255,4,142,1231,2000,BFP,231,1609747028,0,1,1,79,0,5,0,0,0,0,35,0,0,0,35,60,104,52,26,26,1,1,1,1
1609747108.64074,0,1.00043,32,255,2,147,1121,2000,PIOC,121,1609747028,0,1,1,79,0,4,9,1001,0,0,35,0,0,0,35,60,104,52,26,26,1,1,1,1
1609747108.89071,0,1.00005,11,255,3,152,1131,2000,PIOC,131,1609747029,0,1,1,78,0,7,0,0,0,0,35,0,0,0,35,60,104,52,26,26,1,1,1,1
1609747109.27804,0,1.00019,23,255,1,147,1111,2000,PIOC,111,1609747085,0,1,2,20,0,4,14,1110,0,0,35,0,0,0,35,60,104,52,26,26,1,1,1,1
1609747109.33521,0,1.00044,99,255,4,142,1231,2000,BFP,231,1609747028,0,1,1,80,0,5,0,0,0,0,35,0,0,0,35,60,104,52,26,26,1,1,1,1
1609747109.64112,0,1.00038,32,255,2,147,1121,2000,PIOC,121,1609747028,0,1,1,80,0,4,9,1001,0,0,35,0,0,0,35,60,104,52,26,26,1,1,1,1
1609747109.89149,0,1.00078,11,255,3,152,1131,2000,PIOC,131,1609747029,0,1,1,79,0,7,0,0,0,0,35,0,0,0,35,60,104,52,26,26,1,1,1,1
1609747110.27889,0,1.00085,23,255,1,147,1111,2000,PIOC,111,1609747085,0,1,2,21,0,4,14,1110,0,0,35,0,0,0,35,60,104,52,26,26,1,1,1,1
1609747110.33560,0,1.00039,99,255,4,142,1231,2000,BFP,231,1609747028,0,1,1,81,0,5,0,0,0,0,35,0,0,0,35,60,104,52,26,26,1,1,1,1
1609747110.64195,0,1.00083,32,255,2,147,1121,2000,PIOC,121,1609747028,0,1,1,81,0,4,9,1001,0,0,35,0,0,0,35,60,104,52,26,26,1,1,1,1
1609747110.89200,0,1.00051,11,255,3,152,1131,2000,PIOC,131,1609747029,0,1,1,80,0,7,0,0,0,0,35,0,0,0,35,60,104,52,26,26,1,1,1,1
1609747111.27945,0,1.00056,23,255,1,147,1111,2000,PIOC,111,1609747085,0,1,2,22,0,4,14,1110,0,0,35,0,0,0,35,60,104,52,26,26,1,1,1,1
1609747111.33599,0,1.00039,99,255,4,142,1231,2000,BFP,231,1609747028,0,1,1,82,0,5,0,0,0,0,35,0,0,0,35,60,104,52,26,26,1,1,1,1
1609747111.64240,0,1.00045,32,255,2,147,1121,2000,PIOC,121,1609747028,0,1,1,82,0,4,9,1001,0,0,35,0,0,0,35,60,104,52,26,26,1,1,1,1
1609747111.89228,0,1.00028,11,255,3,152,1131,2000,PIOC,131,1609747029,0,1,1,81,0,7,0,0,0,0,35,0,0,0,35,60,104,52,26,26,1,1,1,1
1609747112.27973,0,1.00028,23,255,1,147,1111,2000,PIOC,111,1609747085,0,1,2,23,0,4,14,1110,0,0,35,0,0,0,35,60,104,52,26,26,1,1,1,1
1609747112.33634,0,1.00035,99,255,4,142,1231,2000,BFP,231,1609747028,0,1,1,83,0,5,0,0,0,0,35,0,0,0,35,60,104,52,26,26,1,1,1,1
1609747112.64299,0,1.00059,32,255,2,147,1121,2000,PIOC,121,1609747028,0,1,1,83,0,4,9,1001,0,0,35,0,0,0,35,60,104,52,26,26,1,1,1,1
1609747112.89270,0,1.00042,11,255,3,152,1131,2000,PIOC,131,1609747029,0,1,1,82,0,7,0,0,0,0,35,0,0,0,35,60,104,52,26,26,1,1,1,1
1609747113.28002,0,1.00029,23,255,1,147,1111,2000,PIOC,111,1609747085,0,1,2,24,0,4,14,1110,0,0,35,0,0,0,35,60,104,52,26,26,1,1,1,1
1609747113.33647,0,1.00013,99,255,4,142,1231,2000,BFP,231,1609747028,0,1,1,84,0,5,0,0,0,0,35,0,0,0,35,60,104,52,26,26,1,1,1,1
1609747113.64339,0,1.00040,32,255,2,147,1121,2000,PIOC,121,1609747028,0,1,1,84,0,4,9,1001,0,0,35,0,0,0,35,60,104,52,26,26,1,1,1,1
1609747113.89333,0,1.00063,11,255,3,152,1131,2000,PIOC,131,1609747029,0,1,1,83,0,7,0,0,0,0,35,0,0,0,35,60,104,52,26,26,1,1,1,1
1609747114.28072,0,1.00070,23,255,1,147,1111,2000,PIOC,111,1609747085,0,1,2,25,0,4,14,1110,0,0,35,0,0,0,35,60,104,52,26,26,1,1,1,1
1609747114.33767,0,1.00120,99,255,4,142,1231,2000,BFP,231,1609747028,0,1,1,85,0,5,0,0,0,0,35,0,0,0,35,60,104,52,26,26,1,1,1,1
1609747114.64417,0,1.00078,32,255,2,147,1121,2000,PIOC,121,1609747028,0,1,1,85,0,4,9,1001,0,0,35,0,0,0,35,60,104,52,26,26,1,1,1,1
1609747114.89364,0,1.00031,11,255,3,152,1131,2000,PIOC,131,1609747029,0,1,1,84,0,7,0,0,0,0,35,0,0,0,35,60,104,52,26,26,1,1,1,1
1609747115.28113,0,1.00041,23,255,1,147,1111,2000,PIOC,111,1609747085,0,1,2,26,0,4,14,1110,0,0,35,0,0,0,35,60,104,52,26,26,1,1,1,1
1609747115.33870,0,1.00103,99,255,4,142,1231,2000,BFP,231,1609747028,0,1,1,86,0,5,0,0,0,0,35,0,0,0,35,60,104,52,26,26,1,1,1,1
1609747115.64442,0,1.00025,32,255,2,147,1121,2000,PIOC,121,1609747028,0,1,1,86,0,4,9,1001,0,0,35,0,0,0,35,60,104,52,26,26,1,1,1,1
1609747115.89397,0,1.00033,11,255,3,152,1131,2000,PIOC,131,1609747029,0,1,1,85,0,7,0,0,0,0,35,0,0,0,35,60,104,52,26,26,1,1,1,1
1609747116.28211,0,1.00098,23,255,1,147,1111,2000,PIOC,111,1609747085,0,1,2,27,0,4,14,1110,0,0,35,0,0,0,35,60,104,52,26,26,1,1,1,1
1609747116.33958,0,1.00088,99,255,4,142,1231,2000,BFP,231,1609747028,0,1,1,87,0,5,0,0,0,0,35,0,0,0,35,60,104,52,26,26,1,1,1,1
1609747116.64522,0,1.00080,32,255,2,147,1121,2000,PIOC,121,1609747028,0,1,1,87,0,4,9,1001,0,0,35,0,0,0,35,60,104,52,26,26,1,1,1,1
1609747116.89515,0,1.00118,11,255,3,152,1131,2000,PIOC,131,1609747029,0,1,1,86,0,7,0,0,0,0,35,0,0,0,35,60,104,52,26,26,1,1,1,1
1609747117.28240,0,1.00029,23,255,1,147,1111,2000,PIOC,111,1609747085,0,1,2,28,0,4,14,1110,0,0,35,0,0,0,35,60,104,52,26,26,1,1,1,1
1609747117.33949,0,0.99991,99,255,4,142,1231,2000,BFP,231,1609747028,0,1,1,88,0,5,0,0,0,0,35,0,0,0,35,60,104,52,26,26,1,1,1,1
1609747117.64602,0,1.00080,32,255,2,147,1121,2000,PIOC,121,1609747028,0,1,1,88,0,4,9,1001,0,0,35,0,0,0,35,60,104,52,26,26,1,1,1,1
1609747117.89522,0,1.00007,11,255,3,152,1131,2000,PIOC,131,1609747029,0,1,1,87,0,7,0,0,0,0,35,0,0,0,35,60,104,52,26,26,1,1,1,1
1609747118.28340,0,1.00100,23,255,1,147,1111,2000,PIOC,111,1609747085,0,1,2,29,0,4,14,1110,0,0,35,0,0,0,35,60,104,52,26,26,1,1,1,1
1609747118.33992,0,1.00043,99,255,4,142,1231,2000,BFP,231,1609747028,0,1,1,89,0,5,0,0,0,0,35,0,0,0,35,60,104,52,26,26,1,1,1,1
1609747118.64644,0,1.00042,32,255,2,147,1121,2000,PIOC,121,1609747028,0,1,1,89,0,4,9,1001,0,0,35,0,0,0,35,60,104,52,26,26,1,1,1,1
1609747118.89640,0,1.00118,11,255,3,152,1131,2000,PIOC,131,1609747029,0,1,1,88,0,7,0,0,0,0,35,0,0,0,35,60,104,52,26,26,1,1,1,1
1609747119.28367,0,1.00027,23,255,1,147,1111,2000,PIOC,111,1609747085,0,1,2,30,0,4,14,1110,0,0,35,0,0,0,35,60,104,52,26,26,1,1,1,1
1609747119.34013,0,1.00021,99,255,4,142,1231,2000,BFP,231,1609747028,0,1,1,90,0,5,0,0,0,0,35,0,0,0,35,60,104,52,26,26,1,1,1,1
1609747119.64765,0,1.00121,32,255,2,147,1121,2000,PIOC,121,1609747028,0,1,1,90,0,4,9,1001,0,0,35,0,0,0,35,60,104,52,26,26,1,1,1,1
1609747119.89751,0,1.00111,11,255,3,152,1131,2000,PIOC,131,1609747029,0,1,1,89,0,7,0,0,0,0,35,0,0,0,35,60,104,52,26,26,1,1,1,1
1609747120.28432,0,1.00065,23,255,1,147,1111,2000,PIOC,111,1609747085,0,1,2,31,0,4,14,1110,0,0,35,0,0,0,35,60,104,52,26,26,1,1,1,1
1609747120.34066,0,1.00053,99,255,4,142,1231,2000,BFP,231,1609747028,0,1,1,91,0,5,0,0,0,0,35,0,0,0,35,60,104,52,26,26,1,1,1,1
1609747120.64805,0,1.00040,32,255,2,147,1121,2000,PIOC,121,1609747028,0,1,1,91,0,4,9,1001,0,0,35,0,0,0,35,60,104,52,26,26,1,1,1,1
1609747120.89807,0,1.00056,11,255,3,152,1131,2000,PIOC,131,1609747029,0,1,1,90,0,7,0,0,0,0,35,0,0,0,35,60,104,52,26,26,1,1,1,1
1609747121.28459,0,1.00027,23,255,1,147,1111,2000,PIOC,111,1609747085,0,1,2,32,0,4,14,1110,0,0,35,0,0,0,35,60,104,52,26,26,1,1,1,1
1609747121.34230,0,1.00164,99,255,4,142,1231,2000,BFP,231,1609747028,0,1,1,92,0,5,0,0,0,0,35,0,0,0,35,60,104,52,26,26,1,1,1,1
1609747121.64932,0,1.00127,32,255,2,147,1121,2000,PIOC,121,1609747028,0,1,1,92,0,4,9,1001,0,0,35,0,0,0,35,60,104,52,26,26,1,1,1,1
1609747121.89822,0,1.00015,11,255,3,152,1131,2000,PIOC,131,1609747029,0,1,1,91,0,7,0,0,0,0,35,0,0,0,35,60,104,52,26,26,1,1,1,1
1609747122.28572,0,1.00113,23,255,1,147,1111,2000,PIOC,111,1609747085,0,1,2,33,0,4,14,1110,0,0,35,0,0,0,35,60,104,52,26,26,1,1,1,1
1609747122.34326,0,1.00096,99,255,4,142,1231,2000,BFP,231,1609747028,0,1,1,93,0,5,0,0,0,0,35,0,0,0,35,60,104,52,26,26,1,1,1,1
1609747122.64975,0,1.00043,32,255,2,147,1121,2000,PIOC,121,1609747028,0,1,1,93,0,4,9,1001,0,0,35,0,0,0,35,60,104,52,26,26,1,1,1,1
1609747122.89870,0,1.00048,11,255,3,152,1131,2000,PIOC,131,1609747029,0,1,1,92,0,7,0,0,0,0,35,0,0,0,35,60,104,52,26,26,1,1,1,1
1609747123.28596,0,1.00024,23,255,1,147,1111,2000,PIOC,111,1609747085,0,1,2,34,0,4,14,1110,0,0,35,0,0,0,35,60,104,52,26,26,1,1,1,1
1609747123.34374,0,1.00048,99,255,4,142,1231,2000,BFP,231,1609747028,0,1,1,94,0,5,0,0,0,0,35,0,0,0,35,60,104,52,26,26,1,1,1,1
1609747123.65027,0,1.00052,32,255,2,147,1121,2000,PIOC,121,1609747028,0,1,1,94,0,4,9,1001,0,0,35,0,0,0,35,60,104,52,26,26,1,1,1,1
1609747123.89914,0,1.00044,11,255,3,152,1131,2000,PIOC,131,1609747029,0,1,1,93,0,7,0,0,0,0,35,0,0,0,35,60,104,52,26,26,1,1,1,1
1609747124.28632,0,1.00036,23,255,1,147,1111,2000,PIOC,111,1609747085,0,1,2,35,0,4,14,1110,0,0,35,0,0,0,35,60,104,52,26,26,1,1,1,1
1609747124.34418,0,1.00044,99,255,4,142,1231,2000,BFP,231,1609747028,0,1,1,95,0,5,0,0,0,0,35,0,0,0,35,60,104,52,26,26,1,1,1,1
1609747124.65091,0,1.00064,32,255,2,147,1121,2000,PIOC,121,1609747028,0,1,1,95,0,4,9,1001,0,0,35,0,0,0,35,60,104,52,26,26,1,1,1,1
1609747124.89972,0,1.00058,11,255,3,152,1131,2000,PIOC,131,1609747029,0,1,1,94,0,7,0,0,0,0,35,0,0,0,35,60,104,52,26,26,1,1,1,1
1609747125.28651,0,1.00019,23,255,1,147,1111,2000,PIOC,111,1609747085,0,1,2,36,0,4,14,1110,0,0,35,0,0,0,35,60,104,52,26,26,1,1,1,1
1609747125.34489,0,1.00071,99,255,4,142,1231,2000,BFP,231,1609747028,0,1,1,96,0,5,0,0,0,0,35,0,0,0,35,60,104,52,26,26,1,1,1,1
1609747125.65128,0,1.00037,32,255,2,147,1121,2000,PIOC,121,1609747028,0,1,1,96,0,4,9,1001,0,0,35,0,0,0,35,60,104,52,26,26,1,1,1,1
1609747125.90034,0,1.00062,11,255,3,152,1131,2000,PIOC,131,1609747029,0,1,1,95,0,7,0,0,0,0,35,0,0,0,35,60,104,52,26,26,1,1,1,1
1609747126.28772,0,1.00121,23,255,1,147,1111,2000,PIOC,111,1609747085,0,1,2,37,0,4,14,1110,0,0,35,0,0,0,35,60,104,52,26,26,1,1,1,1
1609747126.34521,0,1.00032,99,255,4,142,1231,2000,BFP,231,1609747028,0,1,1,97,0,5,0,0,0,0,35,0,0,0,35,60,104,52,26,26,1,1,1,1
1609747126.65162,0,1.00034,32,255,2,147,1121,2000,PIOC,121,1609747028,0,1,1,97,0,4,9,1001,0,0,35,0,0,0,35,60,104,52,26,26,1,1,1,1
1609747126.90052,0,1.00018,11,255,3,152,1131,2000,PIOC,131,1609747029,0,1,1,96,0,7,0,0,0,0,35,0,0,0,35,60,104,52,26,26,1,1,1,1
1609747127.28803,0,1.00031,23,255,1,147,1111,2000,PIOC,111,1609747085,0,1,2,38,0,4,14,1110,0,0,35,0,0,0,35,60,104,52,26,26,1,1,1,1
1609747127.34615,0,1.00094,99,255,4,142,1231,2000,BFP,231,1609747028,0,1,1,98,0,5,0,0,0,0,35,0,0,0,35,60,104,52,26,26,1,1,1,1
1609747127.65213,0,1.00051,32,255,2,147,1121,2000,PIOC,121,1609747028,0,1,1,98,0,4,9,1001,0,0,35,0,0,0,35,60,104,52,26,26,1,1,1,1
1609747127.90100,0,1.00048,11,255,3,152,1131,2000,PIOC,131,1609747029,0,1,1,97,0,7,0,0,0,0,35,0,0,0,35,60,104,52,26,26,1,1,1,1
1609747128.28841,0,1.00038,23,255,1,147,1111,2000,PIOC,111,1609747085,0,1,2,39,0,4,14,1110,0,0,35,0,0,0,35,60,104,52,26,26,1,1,1,1
1609747128.34647,0,1.00032,99,255,4,142,1231,2000,BFP,231,1609747028,0,1,1,99,0,5,0,0,0,0,35,0,0,0,35,60,104,52,26,26,1,1,1,1
1609747128.65345,0,1.00132,32,255,2,147,1121,2000,PIOC,121,1609747028,0,1,1,99,0,4,9,1001,0,0,35,0,0,0,35,60,104,52,26,26,1,1,1,1
1609747128.90141,0,1.00041,11,255,3,152,1131,2000,PIOC,131,1609747029,0,1,1,98,0,7,0,0,0,0,35,0,0,0,35,60,104,52,26,26,1,1,1,1
1609747129.28860,0,1.00019,23,255,1,147,1111,2000,PIOC,111,1609747085,0,1,2,40,0,4,14,1110,0,0,35,0,0,0,35,60,104,52,26,26,1,1,1,1
1609747129.34723,0,1.00076,99,255,4,142,1231,2000,BFP,231,1609747028,0,1,1,100,0,5,0,0,0,0,35,0,0,0,35,60,104,52,26,26,1,1,1,1
1609747129.65389,0,1.00044,32,255,2,147,1121,2000,PIOC,121,1609747028,0,1,1,100,0,4,9,1001,0,0,35,0,0,0,35,60,104,52,26,26,1,1,1,1
1609747129.90179,0,1.00038,11,255,3,152,1131,2000,PIOC,131,1609747029,0,1,1,99,0,7,0,0,0,0,35,0,0,0,35,60,104,52,26,26,1,1,1,1
1609747130.28924,0,1.00064,23,255,1,147,1111,2000,PIOC,111,1609747085,0,1,2,41,0,4,14,1110,0,0,35,0,0,0,35,60,104,52,26,26,1,1,1,1
1609747130.34788,0,1.00065,99,255,4,142,1231,2000,BFP,231,1609747028,0,1,1,101,0,5,0,0,0,0,35,0,0,0,35,60,104,52,26,26,1,1,1,1
1609747130.65427,0,1.00038,32,255,2,147,1121,2000,PIOC,121,1609747028,0,1,1,101,0,4,9,1001,0,0,35,0,0,0,35,60,104,52,26,26,1,1,1,1
1609747130.90219,0,1.00040,11,255,3,152,1131,2000,PIOC,131,1609747029,0,1,1,100,0,7,0,0,0,0,35,0,0,0,35,60,104,52,26,26,1,1,1,1
1609747131.28949,0,1.00025,23,255,1,147,1111,2000,PIOC,111,1609747085,0,1,2,42,0,4,14,1110,0,0,35,0,0,0,35,60,104,52,26,26,1,1,1,1
1609747131.34816,0,1.00028,99,255,4,142,1231,2000,BFP,231,1609747028,0,1,1,102,0,5,0,0,0,0,35,0,0,0,35,60,104,52,26,26,1,1,1,1
1609747131.65578,0,1.00151,32,255,2,147,1121,2000,PIOC,121,1609747028,0,1,1,102,0,4,9,1001,0,0,35,0,0,0,35,60,104,52,26,26,1,1,1,1
1609747131.90254,0,1.00035,11,255,3,152,1131,2000,PIOC,131,1609747029,0,1,1,101,0,7,0,0,0,0,35,0,0,0,35,60,104,52,26,26,1,1,1,1
1609747132.29004,0,1.00055,23,255,1,147,1111,2000,PIOC,111,1609747085,0,1,2,43,0,4,14,1110,0,0,35,0,0,0,35,60,104,52,26,26,1,1,1,1
1609747132.34858,0,1.00042,99,255,4,142,1231,2000,BFP,231,1609747028,0,1,1,103,0,5,0,0,0,0,35,0,0,0,35,60,104,52,26,26,1,1,1,1
1609747132.65601,0,1.00023,32,255,2,147,1121,2000,PIOC,121,1609747028,0,1,1,103,0,4,9,1001,0,0,35,0,0,0,35,60,104,52,26,26,1,1,1,1
1609747132.90299,0,1.00045,11,255,3,152,1131,2000,PIOC,131,1609747029,0,1,1,102,0,7,0,0,0,0,35,0,0,0,35,60,104,52,26,26,1,1,1,1
1609747133.29038,0,1.00034,23,255,1,147,1111,2000,PIOC,111,1609747085,0,1,2,44,0,4,14,1110,0,0,35,0,0,0,35,60,104,52,26,26,1,1,1,1
1609747133.34994,0,1.00136,99,255,4,142,1231,2000,BFP,231,1609747028,0,1,1,104,0,5,0,0,0,0,35,0,0,0,35,60,104,52,26,26,1,1,1,1
1609747133.65658,0,1.00057,32,255,2,147,1121,2000,PIOC,121,1609747028,0,1,1,104,0,4,9,1001,0,0,35,0,0,0,35,60,104,52,26,26,1,1,1,1
1609747133.90359,0,1.00060,11,255,3,152,1131,2000,PIOC,131,1609747029,0,1,1,103,0,7,0,0,0,0,35,0,0,0,35,60,104,52,26,26,1,1,1,1
1609747134.29086,0,1.00048,23,255,1,147,1111,2000,PIOC,111,1609747085,0,1,2,45,0,4,14,1110,0,0,35,0,0,0,35,60,104,52,26,26,1,1,1,1
1609747134.35000,0,1.00006,99,255,4,142,1231,2000,BFP,231,1609747028,0,1,1,105,0,5,0,0,0,0,35,0,0,0,35,60,104,52,26,26,1,1,1,1
1609747134.65682,0,1.00024,32,255,2,147,1121,2000,PIOC,121,1609747028,0,1,1,105,0,4,9,1001,0,0,35,0,0,0,35,60,104,52,26,26,1,1,1,1
1609747134.90376,0,1.00017,11,255,3,152,1131,2000,PIOC,131,1609747029,0,1,1,104,0,7,0,0,0,0,35,0,0,0,35,60,104,52,26,26,1,1,1,1
1609747135.29119,0,1.00033,23,255,1,147,1111,2000,PIOC,111,1609747085,0,1,2,46,0,4,14,1110,0,0,35,0,0,0,35,60,104,52,26,26,1,1,1,1
1609747135.35175,0,1.00175,99,255,4,142,1231,2000,BFP,231,1609747028,0,1,1,106,0,5,0,0,0,0,35,0,0,0,35,60,104,52,26,26,1,1,1,1
1609747135.65724,0,1.00042,32,255,2,147,1121,2000,PIOC,121,1609747028,0,1,1,106,0,4,9,1001,0,0,35,0,0,0,35,60,104,52,26,26,1,1,1,1
1609747135.90419,0,1.00043,11,255,3,152,1131,2000,PIOC,131,1609747029,0,1,1,105,0,7,0,0,0,0,35,0,0,0,35,60,104,52,26,26,1,1,1,1
1609747136.29168,0,1.00049,23,255,1,147,1111,2000,PIOC,111,1609747085,0,1,2,47,0,4,14,1110,0,0,35,0,0,0,35,60,104,52,26,26,1,1,1,1
1609747136.35208,0,1.00033,99,255,4,142,1231,2000,BFP,231,1609747028,0,1,1,107,0,5,0,0,0,0,35,0,0,0,35,60,104,52,26,26,1,1,1,1
1609747136.65756,0,1.00032,32,255,2,147,1121,2000,PIOC,121,1609747028,0,1,1,107,0,4,9,1001,0,0,35,0,0,0,35,60,104,52,26,26,1,1,1,1
1609747136.90456,0,1.00037,11,255,3,152,1131,2000,PIOC,131,1609747029,0,1,1,106,0,7,0,0,0,0,35,0,0,0,35,60,104,52,26,26,1,1,1,1
1609747137.29215,0,1.00047,23,255,1,147,1111,2000,PIOC,111,1609747085,0,1,2,48,0,4,14,1110,0,0,35,0,0,0,35,60,104,52,26,26,1,1,1,1
1609747137.35236,0,1.00028,99,255,4,142,1231,2000,BFP,231,1609747028,0,1,1,108,0,5,0,0,0,0,35,0,0,0,35,60,104,52,26,26,1,1,1,1
1609747137.65804,0,1.00048,32,255,2,147,1121,2000,PIOC,121,1609747028,0,1,1,108,0,4,9,1001,0,0,35,0,0,0,35,60,104,52,26,26,1,1,1,1
1609747137.90503,0,1.00047,11,255,3,152,1131,2000,PIOC,131,1609747029,0,1,1,107,0,7,0,0,0,0,35,0,0,0,35,60,104,52,26,26,1,1,1,1
1609747138.29240,0,1.00025,23,255,1,147,1111,2000,PIOC,111,1609747085,0,1,2,49,0,4,14,1110,0,0,35,0,0,0,35,60,104,52,26,26,1,1,1,1
1609747138.35289,0,1.00053,99,255,4,142,1231,2000,BFP,231,1609747028,0,1,1,109,0,5,0,0,0,0,35,0,0,0,35,60,104,52,26,26,1,1,1,1
1609747138.65841,0,1.00037,32,255,2,147,1121,2000,PIOC,121,1609747028,0,1,1,109,0,4,9,1001,0,0,35,0,0,0,35,60,104,52,26,26,1,1,1,1
1609747138.90573,0,1.00070,11,255,3,152,1131,2000,PIOC,131,1609747029,0,1,1,108,0,7,0,0,0,0,35,0,0,0,35,60,104,52,26,26,1,1,1,1
1609747139.29278,0,1.00038,23,255,1,147,1111,2000,PIOC,111,1609747085,0,1,2,50,0,4,14,1110,0,0,35,0,0,0,35,60,104,52,26,26,1,1,1,1
1609747139.35352,0,1.00063,99,255,4,142,1231,2000,BFP,231,1609747028,0,1,1,110,0,5,0,0,0,0,35,0,0,0,35,60,104,52,26,26,1,1,1,1
1609747139.65893,0,1.00052,32,255,2,147,1121,2000,PIOC,121,1609747028,0,1,1,110,0,4,9,1001,0,0,35,0,0,0,35,60,104,52,26,26,1,1,1,1
1609747139.90629,0,1.00056,11,255,3,152,1131,2000,PIOC,131,1609747029,0,1,1,109,0,7,0,0,0,0,35,0,0,0,35,60,104,52,26,26,1,1,1,1
1609747140.29373,0,1.00095,23,255,1,147,1111,2000,PIOC,111,1609747085,0,1,2,51,0,4,14,1110,0,0,35,0,0,0,35,60,104,52,26,26,1,1,1,1
1609747140.35379,0,1.00027,99,255,4,142,1231,2000,BFP,231,1609747028,0,1,1,111,0,5,0,0,0,0,35,0,0,0,35,60,104,52,26,26,1,1,1,1
1609747140.65938,0,1.00045,32,255,2,147,1121,2000,PIOC,121,1609747028,0,1,1,111,0,4,9,1001,0,0,35,0,0,0,35,60,104,52,26,26,1,1,1,1
1609747140.90671,0,1.00042,11,255,3,152,1131,2000,PIOC,131,1609747029,0,1,1,110,0,7,0,0,0,0,35,0,0,0,35,60,104,52,26,26,1,1,1,1
1609747141.29478,0,1.00105,23,255,1,147,1111,2000,PIOC,111,1609747085,0,1,2,52,0,4,14,1110,0,0,35,0,0,0,35,60,104,52,26,26,1,1,1,1
1609747141.35462,0,1.00083,99,255,4,142,1231,2000,BFP,231,1609747028,0,1,1,112,0,5,0,0,0,0,35,0,0,0,35,60,104,52,26,26,1,1,1,1
1609747141.66063,0,1.00125,32,255,2,147,1121,2000,PIOC,121,1609747028,0,1,1,112,0,4,9,1001,0,0,35,0,0,0,35,60,104,52,26,26,1,1,1,1
1609747141.90795,0,1.00124,11,255,3,152,1131,2000,PIOC,131,1609747029,0,1,1,111,0,7,0,0,0,0,35,0,0,0,35,60,104,52,26,26,1,1,1,1
1609747142.29530,0,1.00052,23,255,1,147,1111,2000,PIOC,111,1609747085,0,1,2,53,0,4,14,1110,0,0,35,0,0,0,35,60,104,52,26,26,1,1,1,1
1609747142.35488,0,1.00026,99,255,4,142,1231,2000,BFP,231,1609747028,0,1,1,113,0,5,0,0,0,0,35,0,0,0,35,60,104,52,26,26,1,1,1,1
1609747142.66127,0,1.00064,32,255,2,147,1121,2000,PIOC,121,1609747028,0,1,1,113,0,4,9,1001,0,0,35,0,0,0,35,60,104,52,26,26,1,1,1,1
1609747142.90824,0,1.00029,11,255,3,152,1131,2000,PIOC,131,1609747029,0,1,1,112,0,7,0,0,0,0,35,0,0,0,35,60,104,52,26,26,1,1,1,1
1609747143.29555,0,1.00025,23,255,1,147,1111,2000,PIOC,111,1609747085,0,1,2,54,0,4,14,1110,0,0,35,0,0,0,35,60,104,52,26,26,1,1,1,1
1609747143.35528,0,1.00040,99,255,4,142,1231,2000,BFP,231,1609747028,0,1,1,114,0,5,0,0,0,0,35,0,0,0,35,60,104,52,26,26,1,1,1,1
1609747143.66169,0,1.00042,32,255,2,147,1121,2000,PIOC,121,1609747028,0,1,1,114,0,4,9,1001,0,0,35,0,0,0,35,60,104,52,26,26,1,1,1,1
1609747143.90861,0,1.00037,11,255,3,152,1131,2000,PIOC,131,1609747029,0,1,1,113,0,7,0,0,0,0,35,0,0,0,35,60,104,52,26,26,1,1,1,1
1609747144.29620,0,1.00065,23,255,1,147,1111,2000,PIOC,111,1609747085,0,1,2,55,0,4,14,1110,0,0,35,0,0,0,35,60,104,52,26,26,1,1,1,1
1609747144.35612,0,1.00084,99,255,4,142,1231,2000,BFP,231,1609747028,0,1,1,115,0,5,0,0,0,0,35,0,0,0,35,60,104,52,26,26,1,1,1,1
1609747144.66216,0,1.00047,32,255,2,147,1121,2000,PIOC,121,1609747028,0,1,1,115,0,4,9,1001,0,0,35,0,0,0,35,60,104,52,26,26,1,1,1,1
1609747144.90909,0,1.00048,11,255,3,152,1131,2000,PIOC,131,1609747029,0,1,1,114,0,7,0,0,0,0,35,0,0,0,35,60,104,52,26,26,1,1,1,1
1609747145.29648,0,1.00028,23,255,1,147,1111,2000,PIOC,111,1609747085,0,1,2,56,0,4,14,1110,0,0,35,0,0,0,35,60,104,52,26,26,1,1,1,1
1609747145.35671,0,1.00059,99,255,4,142,1231,2000,BFP,231,1609747028,0,1,1,116,0,5,0,0,0,0,35,0,0,0,35,60,104,52,26,26,1,1,1,1
1609747145.66347,0,1.00131,32,255,2,147,1121,2000,PIOC,121,1609747028,0,1,1,116,0,4,9,1001,0,0,35,0,0,0,35,60,104,52,26,26,1,1,1,1
1609747145.90947,0,1.00038,11,255,3,152,1131,2000,PIOC,131,1609747029,0,1,1,115,0,7,0,0,0,0,35,0,0,0,35,60,104,52,26,26,1,1,1,1
1609747146.29672,0,1.00024,23,255,1,147,1111,2000,PIOC,111,1609747085,0,1,2,57,0,4,14,1110,0,0,35,0,0,0,35,60,104,52,26,26,1,1,1,1
1609747146.35702,0,1.00031,99,255,4,142,1231,2000,BFP,231,1609747028,0,1,1,117,0,5,0,0,0,0,35,0,0,0,35,60,104,52,26,26,1,1,1,1
1609747146.66378,0,1.00031,32,255,2,147,1121,2000,PIOC,121,1609747028,0,1,1,117,0,4,9,1001,0,0,35,0,0,0,35,60,104,52,26,26,1,1,1,1
1609747146.90985,0,1.00038,11,255,3,152,1131,2000,PIOC,131,1609747029,0,1,1,116,0,7,0,0,0,0,35,0,0,0,35,60,104,52,26,26,1,1,1,1
1609747147.29749,0,1.00077,23,255,1,147,1111,2000,PIOC,111,1609747085,0,1,2,58,0,4,14,1110,0,0,35,0,0,0,35,60,104,52,26,26,1,1,1,1
1609747147.35738,0,1.00036,99,255,4,142,1231,2000,BFP,231,1609747028,0,1,1,118,0,5,0,0,0,0,35,0,0,0,35,60,104,52,26,26,1,1,1,1
1609747147.66417,0,1.00039,32,255,2,147,1121,2000,PIOC,121,1609747028,0,1,1,118,0,4,9,1001,0,0,35,0,0,0,35,60,104,52,26,26,1,1,1,1
1609747147.91130,0,1.00145,11,255,3,152,1131,2000,PIOC,131,1609747029,0,1,1,117,0,7,0,0,0,0,35,0,0,0,35,60,104,52,26,26,1,1,1,1
1609747148.29769,0,1.00020,23,255,1,147,1111,2000,PIOC,111,1609747085,0,1,2,59,0,4,14,1110,0,0,35,0,0,0,35,60,104,52,26,26,1,1,1,1
1609747148.35783,0,1.00045,99,255,4,142,1231,2000,BFP,231,1609747028,0,1,1,119,0,5,0,0,0,0,35,0,0,0,35,60,104,52,26,26,1,1,1,1
1609747148.66469,0,1.00052,32,255,2,147,1121,2000,PIOC,121,1609747028,0,1,1,119,0,4,9,1001,0,0,35,0,0,0,35,60,104,52,26,26,1,1,1,1
1609747148.91153,0,1.00023,11,255,3,152,1131,2000,PIOC,131,1609747029,0,1,1,118,0,7,0,0,0,0,35,0,0,0,35,60,104,52,26,26,1,1,1,1
1609747149.29807,0,1.00038,23,255,1,147,1111,2000,PIOC,111,1609747085,0,1,2,60,0,4,14,1110,0,0,35,0,0,0,35,60,104,52,26,26,1,1,1,1
1609747149.35964,0,1.00181,99,255,4,142,1231,2000,BFP,231,1609747028,0,1,1,120,0,5,0,0,0,0,35,0,0,0,35,60,104,52,26,26,1,1,1,1
1609747149.66537,0,1.00068,32,255,2,147,1121,2000,PIOC,121,1609747028,0,1,1,120,0,4,9,1001,0,0,35,0,0,0,35,60,104,52,26,26,1,1,1,1
1609747149.91185,0,1.00032,11,255,3,152,1131,2000,PIOC,131,1609747029,0,1,1,119,0,7,0,0,0,0,35,0,0,0,35,60,104,52,26,26,1,1,1,1
1609747150.29856,0,1.00049,23,255,1,147,1111,2000,PIOC,111,1609747085,0,1,2,61,0,4,14,1110,0,0,35,0,0,0,35,60,104,52,26,26,1,1,1,1
1609747150.35993,0,1.00029,99,255,4,142,1231,2000,BFP,231,1609747028,0,1,1,121,0,5,0,0,0,0,35,0,0,0,35,60,104,52,26,26,1,1,1,1
1609747150.66553,0,1.00016,32,255,2,147,1121,2000,PIOC,121,1609747028,0,1,1,121,0,4,9,1001,0,0,35,0,0,0,35,60,104,52,26,26,1,1,1,1
1609747150.91240,0,1.00055,11,255,3,152,1131,2000,PIOC,131,1609747029,0,1,1,120,0,7,0,0,0,0,35,0,0,0,35,60,104,52,26,26,1,1,1,1
1609747151.29882,0,1.00026,23,255,1,147,1111,2000,PIOC,111,1609747085,0,1,2,62,0,4,14,1110,0,0,35,0,0,0,35,60,104,52,26,26,1,1,1,1
1609747151.36037,0,1.00044,99,255,4,142,1231,2000,BFP,231,1609747028,0,1,1,122,0,5,0,0,0,0,35,0,0,0,35,60,104,52,26,26,1,1,1,1
1609747151.66588,0,1.00035,32,255,2,147,1121,2000,PIOC,121,1609747028,0,1,1,122,0,4,9,1001,0,0,35,0,0,0,35,60,104,52,26,26,1,1,1,1
1609747151.91278,0,1.00038,11,255,3,152,1131,2000,PIOC,131,1609747029,0,1,1,121,0,7,0,0,0,0,35,0,0,0,35,60,104,52,26,26,1,1,1,1
1609747152.29931,0,1.00049,23,255,1,147,1111,2000,PIOC,111,1609747085,0,1,2,63,0,4,14,1110,0,0,35,0,0,0,35,60,104,52,26,26,1,1,1,1
1609747152.36038,0,1.00001,99,255,4,142,1231,2000,BFP,231,1609747028,0,1,1,123,0,5,0,0,0,0,35,0,0,0,35,60,104,52,26,26,1,1,1,1
1609747152.66624,0,1.00036,32,255,2,147,1121,2000,PIOC,121,1609747028,0,1,1,123,0,4,9,1001,0,0,35,0,0,0,35,60,104,52,26,26,1,1,1,1
1609747152.91321,0,1.00043,11,255,3,152,1131,2000,PIOC,131,1609747029,0,1,1,122,0,7,0,0,0,0,35,0,0,0,35,60,104,52,26,26,1,1,1,1
1609747153.29978,0,1.00047,23,255,1,147,1111,2000,PIOC,111,1609747085,0,1,2,64,0,4,14,1110,0,0,35,0,0,0,35,60,104,52,26,26,1,1,1,1
1609747153.36073,0,1.00035,99,255,4,142,1231,2000,BFP,231,1609747028,0,1,1,124,0,5,0,0,0,0,35,0,0,0,35,60,104,52,26,26,1,1,1,1
1609747153.66674,0,1.00050,32,255,2,147,1121,2000,PIOC,121,1609747028,0,1,1,124,0,4,9,1001,0,0,35,0,0,0,35,60,104,52,26,26,1,1,1,1
1609747153.91363,0,1.00042,11,255,3,152,1131,2000,PIOC,131,1609747029,0,1,1,123,0,7,0,0,0,0,35,0,0,0,35,60,104,52,26,26,1,1,1,1
1609747154.30016,0,1.00038,23,255,1,147,1111,2000,PIOC,111,1609747085,0,1,2,65,0,4,14,1110,0,0,35,0,0,0,35,60,104,52,26,26,1,1,1,1
1609747154.36124,0,1.00051,99,255,4,142,1231,2000,BFP,231,1609747028,0,1,1,125,0,5,0,0,0,0,35,0,0,0,35,60,104,52,26,26,1,1,1,1
1609747154.66690,0,1.00016,32,255,2,147,1121,2000,PIOC,121,1609747028,0,1,1,125,0,4,9,1001,0,0,35,0,0,0,35,60,104,52,26,26,1,1,1,1
1609747154.91398,0,1.00035,11,255,3,152,1131,2000,PIOC,131,1609747029,0,1,1,124,0,7,0,0,0,0,35,0,0,0,35,60,104,52,26,26,1,1,1,1
1609747155.30039,0,1.00023,23,255,1,147,1111,2000,PIOC,111,1609747085,0,1,2,66,0,4,14,1110,0,0,35,0,0,0,35,60,104,52,26,26,1,1,1,1
1609747155.36157,0,1.00033,99,255,4,142,1231,2000,BFP,231,1609747028,0,1,1,126,0,5,0,0,0,0,35,0,0,0,35,60,104,52,26,26,1,1,1,1
1609747155.66820,0,1.00130,32,255,2,147,1121,2000,PIOC,121,1609747028,0,1,1,126,0,4,9,1001,0,0,35,0,0,0,35,60,104,52,26,26,1,1,1,1
1609747155.91454,0,1.00056,11,255,3,152,1131,2000,PIOC,131,1609747029,0,1,1,125,0,7,0,0,0,0,35,0,0,0,35,60,104,52,26,26,1,1,1,1
1609747156.30106,0,1.00067,23,255,1,147,1111,2000,PIOC,111,1609747085,0,1,2,67,0,4,14,1110,0,0,35,0,0,0,35,60,104,52,26,26,1,1,1,1
1609747156.36292,0,1.00135,99,255,4,142,1231,2000,BFP,231,1609747028,0,1,1,127,0,5,0,0,0,0,35,0,0,0,35,60,104,52,26,26,1,1,1,1
1609747156.66947,0,1.00127,32,255,2,147,1121,2000,PIOC,121,1609747028,0,1,1,127,0,4,9,1001,0,0,35,0,0,0,35,60,104,52,26,26,1,1,1,1
1609747156.91510,0,1.00056,11,255,3,152,1131,2000,PIOC,131,1609747029,0,1,1,126,0,7,0,0,0,0,35,0,0,0,35,60,104,52,26,26,1,1,1,1
1609747157.30153,0,1.00047,23,255,1,147,1111,2000,PIOC,111,1609747085,0,1,2,68,0,4,14,1110,0,0,35,0,0,0,35,60,104,52,26,26,1,1,1,1
1609747157.36322,0,1.00030,99,255,4,143,1231,2000,BFP,231,1609747028,0,1,1,128,0,5,0,0,0,0,35,0,0,0,35,60,104,52,26,26,1,1,1,1
1609747157.67031,0,1.00084,32,255,2,148,1121,2000,PIOC,121,1609747028,0,1,1,128,0,4,9,1001,0,0,35,0,0,0,35,60,104,52,26,26,1,1,1,1
1609747157.91532,0,1.00022,11,255,3,152,1131,2000,PIOC,131,1609747029,0,1,1,127,0,7,0,0,0,0,35,0,0,0,35,60,104,52,26,26,1,1,1,1
1609747158.30183,0,1.00030,23,255,1,147,1111,2000,PIOC,111,1609747085,0,1,2,69,0,4,14,1110,0,0,35,0,0,0,35,60,104,52,26,26,1,1,1,1
1609747158.36332,0,1.00010,99,255,4,143,1231,2000,BFP,231,1609747028,0,1,1,129,0,5,0,0,0,0,35,0,0,0,35,60,104,52,26,26,1,1,1,1
1609747158.67036,0,1.00005,32,255,2,148,1121,2000,PIOC,121,1609747028,0,1,1,129,0,4,9,1001,0,0,35,0,0,0,35,60,104,52,26,26,1,1,1,1
1609747158.91579,0,1.00047,11,255,3,153,1131,2000,PIOC,131,1609747029,0,1,1,128,0,7,0,0,0,0,35,0,0,0,35,60,104,52,26,26,1,1,1,1
1609747159.30311,0,1.00128,23,255,1,147,1111,2000,PIOC,111,1609747085,0,1,2,70,0,4,14,1110,0,0,35,0,0,0,35,60,104,52,26,26,1,1,1,1
1609747159.36380,0,1.00048,99,255,4,143,1231,2000,BFP,231,1609747028,0,1,1,130,0,5,0,0,0,0,35,0,0,0,35,60,104,52,26,26,1,1,1,1
1609747159.67058,0,1.00022,32,255,2,148,1121,2000,PIOC,121,1609747028,0,1,1,130,0,4,9,1001,0,0,35,0,0,0,35,60,104,52,26,26,1,1,1,1
1609747159.91625,0,1.00046,11,255,3,153,1131,2000,PIOC,131,1609747029,0,1,1,129,0,7,0,0,0,0,35,0,0,0,35,60,104,52,26,26,1,1,1,1
1609747160.30475,0,1.00164,23,255,1,147,1111,2000,PIOC,111,1609747085,0,1,2,71,0,4,14,1110,0,0,35,0,0,0,35,60,104,52,26,26,1,1,1,1
1609747160.36414,0,1.00034,99,255,4,143,1231,2000,BFP,231,1609747028,0,1,1,131,0,5,0,0,0,0,35,0,0,0,35,60,104,52,26,26,1,1,1,1
1609747160.67083,0,1.00025,32,255,2,148,1121,2000,PIOC,121,1609747028,0,1,1,131,0,4,9,1001,0,0,35,0,0,0,35,60,104,52,26,26,1,1,1,1
1609747160.91648,0,1.00023,11,255,3,153,1131,2000,PIOC,131,1609747029,0,1,1,130,0,7,0,0,0,0,35,0,0,0,35,60,104,52,26,26,1,1,1,1
1609747161.30502,0,1.00027,23,255,1,147,1111,2000,PIOC,111,1609747085,0,1,2,72,0,4,14,1110,0,0,35,0,0,0,35,60,104,52,26,26,1,1,1,1
1609747161.36456,0,1.00042,99,255,4,143,1231,2000,BFP,231,1609747028,0,1,1,132,0,5,0,0,0,0,35,0,0,0,35,60,104,52,26,26,1,1,1,1
1609747161.67203,0,1.00120,32,255,2,148,1121,2000,PIOC,121,1609747028,0,1,1,132,0,4,9,1001,0,0,35,0,0,0,35,60,104,52,26,26,1,1,1,1
1609747161.91704,0,1.00056,11,255,3,153,1131,2000,PIOC,131,1609747029,0,1,1,131,0,7,0,0,0,0,35,0,0,0,35,60,104,52,26,26,1,1,1,1
1609747162.30538,0,1.00036,23,255,1,147,1111,2000,PIOC,111,1609747085,0,1,2,73,0,4,14,1110,0,0,35,0,0,0,35,60,104,52,26,26,1,1,1,1
1609747162.36588,0,1.00132,99,255,4,143,1231,2000,BFP,231,1609747028,0,1,1,133,0,5,0,0,0,0,35,0,0,0,35,60,104,52,26,26,1,1,1,1
1609747162.67243,0,1.00040,32,255,2,148,1121,2000,PIOC,121,1609747028,0,1,1,133,0,4,9,1001,0,0,35,0,0,0,35,60,104,52,26,26,1,1,1,1
1609747162.91733,0,1.00029,11,255,3,153,1131,2000,PIOC,131,1609747029,0,1,1,132,0,7,0,0,0,0,35,0,0,0,35,60,104,52,26,26,1,1,1,1
1609747163.30581,0,1.00043,23,255,1,147,1111,2000,PIOC,111,1609747085,0,1,2,74,0,4,14,1110,0,0,35,0,0,0,35,60,104,52,26,26,1,1,1,1
1609747163.36531,0,0.99943,99,255,4,143,1231,2000,BFP,231,1609747028,0,1,1,134,0,5,0,0,0,0,35,0,0,0,35,60,104,52,26,26,1,1,1,1
1609747163.67279,0,1.00036,32,255,2,148,1121,2000,PIOC,121,1609747028,0,1,1,134,0,4,9,1001,0,0,35,0,0,0,35,60,104,52,26,26,1,1,1,1
1609747163.91776,0,1.00043,11,255,3,153,1131,2000,PIOC,131,1609747029,0,1,1,133,0,7,0,0,0,0,35,0,0,0,35,60,104,52,26,26,1,1,1,1
1609747164.30669,0,1.00088,23,255,1,147,1111,2000,PIOC,111,1609747085,0,1,2,75,0,4,14,1110,0,0,35,0,0,0,35,60,104,52,26,26,1,1,1,1
1609747164.36593,0,1.00062,99,255,4,143,1231,2000,BFP,231,1609747028,0,1,1,135,0,5,0,0,0,0,35,0,0,0,35,60,104,52,26,26,1,1,1,1
1609747164.67343,0,1.00064,32,255,2,148,1121,2000,PIOC,121,1609747028,0,1,1,135,0,4,9,1001,0,0,35,0,0,0,35,60,104,52,26,26,1,1,1,1
1609747164.91812,0,1.00036,11,255,3,153,1131,2000,PIOC,131,1609747029,0,1,1,134,0,7,0,0,0,0,35,0,0,0,35,60,104,52,26,26,1,1,1,1
1609747165.31053,0,1.00384,23,255,1,147,1111,2000,PIOC,111,1609747085,0,1,2,76,0,4,14,1110,0,0,35,0,0,0,35,60,104,52,26,26,1,1,1,1
1609747165.36612,0,1.00019,99,255,4,143,1231,2000,BFP,231,1609747028,0,1,1,136,0,5,0,0,0,0,35,0,0,0,35,60,104,52,26,26,1,1,1,1
1609747165.67455,0,1.00112,32,255,2,148,1121,2000,PIOC,121,1609747028,0,1,1,136,0,4,9,1001,0,0,35,0,0,0,35,60,104,52,26,26,1,1,1,1
1609747165.91858,0,1.00046,11,255,3,153,1131,2000,PIOC,131,1609747029,0,1,1,135,0,7,0,0,0,0,35,0,0,0,35,60,104,52,26,26,1,1,1,1
1609747166.31086,0,1.00033,23,255,1,147,1111,2000,PIOC,111,1609747085,0,1,2,77,0,4,14,1110,0,0,35,0,0,0,35,60,104,52,26,26,1,1,1,1
1609747166.36652,0,1.00040,99,255,4,143,1231,2000,BFP,231,1609747028,0,1,1,137,0,5,0,0,0,0,35,0,0,0,35,60,104,52,26,26,1,1,1,1
1609747166.67403,0,0.99948,32,255,2,148,1121,2000,PIOC,121,1609747028,0,1,1,137,0,4,9,1001,0,0,35,0,0,0,35,60,104,52,26,26,1,1,1,1
1609747166.91893,0,1.00035,11,255,3,153,1131,2000,PIOC,131,1609747029,0,1,1,136,0,7,0,0,0,0,35,0,0,0,35,60,104,52,26,26,1,1,1,1
1609747167.31137,0,1.00051,23,255,1,147,1111,2000,PIOC,111,1609747085,0,1,2,78,0,4,14,1110,0,0,35,0,0,0,35,60,104,52,26,26,1,1,1,1
1609747167.36675,0,1.00023,99,255,4,143,1231,2000,BFP,231,1609747028,0,1,1,138,0,5,0,0,0,0,35,0,0,0,35,60,104,52,26,26,1,1,1,1
1609747167.67442,0,1.00039,32,255,2,148,1121,2000,PIOC,121,1609747028,0,1,1,138,0,4,9,1001,0,0,35,0,0,0,35,60,104,52,26,26,1,1,1,1
1609747167.91914,0,1.00021,11,255,3,153,1131,2000,PIOC,131,1609747029,0,1,1,137,0,7,0,0,0,0,35,0,0,0,35,60,104,52,26,26,1,1,1,1
1609747168.31172,0,1.00035,23,255,1,147,1111,2000,PIOC,111,1609747085,0,1,2,79,0,4,14,1110,0,0,35,0,0,0,35,60,104,52,26,26,1,1,1,1
1609747168.36830,0,1.00155,99,255,4,143,1231,2000,BFP,231,1609747028,0,1,1,139,0,5,0,0,0,0,35,0,0,0,35,60,104,52,26,26,1,1,1,1
1609747168.67474,0,1.00032,32,255,2,148,1121,2000,PIOC,121,1609747028,0,1,1,139,0,4,9,1001,0,0,35,0,0,0,35,60,104,52,26,26,1,1,1,1
1609747168.91975,0,1.00061,11,255,3,153,1131,2000,PIOC,131,1609747029,0,1,1,138,0,7,0,0,0,0,35,0,0,0,35,60,104,52,26,26,1,1,1,1
1609747169.31235,0,1.00063,23,255,1,147,1111,2000,PIOC,111,1609747085,0,1,2,80,0,4,14,1110,0,0,35,0,0,0,35,60,104,52,26,26,1,1,1,1
1609747169.36851,0,1.00021,99,255,4,143,1231,2000,BFP,231,1609747028,0,1,1,140,0,5,0,0,0,0,35,0,0,0,35,60,104,52,26,26,1,1,1,1
1609747169.67520,0,1.00046,32,255,2,148,1121,2000,PIOC,121,1609747028,0,1,1,140,0,4,9,1001,0,0,35,0,0,0,35,60,104,52,26,26,1,1,1,1
1609747169.92001,0,1.00026,11,255,3,153,1131,2000,PIOC,131,1609747029,0,1,1,139,0,7,0,0,0,0,35,0,0,0,35,60,104,52,26,26,1,1,1,1
1609747170.31348,0,1.00113,23,255,1,147,1111,2000,PIOC,111,1609747085,0,1,2,81,0,4,14,1110,0,0,35,0,0,0,35,60,104,52,26,26,1,1,1,1
1609747170.36917,0,1.00066,99,255,4,143,1231,2000,BFP,231,1609747028,0,1,1,141,0,5,0,0,0,0,35,0,0,0,35,60,104,52,26,26,1,1,1,1
1609747170.67569,0,1.00049,32,255,2,148,1121,2000,PIOC,121,1609747028,0,1,1,141,0,4,9,1001,0,0,35,0,0,0,35,60,104,52,26,26,1,1,1,1
1609747170.92104,0,1.00103,11,255,3,153,1131,2000,PIOC,131,1609747029,0,1,1,140,0,7,0,0,0,0,35,0,0,0,35,60,104,52,26,26,1,1,1,1
1609747171.31376,0,1.00028,23,255,1,147,1111,2000,PIOC,111,1609747085,0,1,2,82,0,4,14,1110,0,0,35,0,0,0,35,60,104,52,26,26,1,1,1,1
1609747171.36946,0,1.00029,99,255,4,143,1231,2000,BFP,231,1609747028,0,1,1,142,0,5,0,0,0,0,35,0,0,0,35,60,104,52,26,26,1,1,1,1
1609747171.67594,0,1.00025,32,255,2,148,1121,2000,PIOC,121,1609747028,0,1,1,142,0,4,9,1001,0,0,35,0,0,0,35,60,104,52,26,26,1,1,1,1
1609747171.92199,0,1.00095,11,255,3,153,1131,2000,PIOC,131,1609747029,0,1,1,141,0,7,0,0,0,0,35,0,0,0,35,60,104,52,26,26,1,1,1,1
1609747172.31433,0,1.00057,23,255,1,147,1111,2000,PIOC,111,1609747085,0,1,2,83,0,4,14,1110,0,0,35,0,0,0,35,60,104,52,26,26,1,1,1,1
1609747172.36994,0,1.00048,99,255,4,143,1231,2000,BFP,231,1609747028,0,1,1,143,0,5,0,0,0,0,35,0,0,0,35,60,104,52,26,26,1,1,1,1
1609747172.67633,0,1.00039,32,255,2,148,1121,2000,PIOC,121,1609747028,0,1,1,143,0,4,9,1001,0,0,35,0,0,0,35,60,104,52,26,26,1,1,1,1
1609747172.92239,0,1.00040,11,255,3,153,1131,2000,PIOC,131,1609747029,0,1,1,142,0,7,0,0,0,0,35,0,0,0,35,60,104,52,26,26,1,1,1,1
1609747173.31471,0,1.00038,23,255,1,147,1111,2000,PIOC,111,1609747085,0,1,2,84,0,4,14,1110,0,0,35,0,0,0,35,60,104,52,26,26,1,1,1,1
1609747173.37038,0,1.00044,99,255,4,143,1231,2000,BFP,231,1609747028,0,1,1,144,0,5,0,0,0,0,35,0,0,0,35,60,104,52,26,26,1,1,1,1
1609747173.67680,0,1.00047,32,255,2,148,1121,2000,PIOC,121,1609747028,0,1,1,144,0,4,9,1001,0,0,35,0,0,0,35,60,104,52,26,26,1,1,1,1
1609747173.92278,0,1.00039,11,255,3,153,1131,2000,PIOC,131,1609747029,0,1,1,143,0,7,0,0,0,0,35,0,0,0,35,60,104,52,26,26,1,1,1,1
1609747174.31523,0,1.00052,23,255,1,147,1111,2000,PIOC,111,1609747085,0,1,2,85,0,4,14,1110,0,0,35,0,0,0,35,60,104,52,26,26,1,1,1,1
1609747174.37071,0,1.00033,99,255,4,143,1231,2000,BFP,231,1609747028,0,1,1,145,0,5,0,0,0,0,35,0,0,0,35,60,104,52,26,26,1,1,1,1
1609747174.67723,0,1.00043,32,255,2,148,1121,2000,PIOC,121,1609747028,0,1,1,145,0,4,9,1001,0,0,35,0,0,0,35,60,104,52,26,26,1,1,1,1
1609747174.92322,0,1.00044,11,255,3,153,1131,2000,PIOC,131,1609747029,0,1,1,144,0,7,0,0,0,0,35,0,0,0,35,60,104,52,26,26,1,1,1,1
1609747175.31560,0,1.00037,23,255,1,147,1111,2000,PIOC,111,1609747085,0,1,2,86,0,4,14,1110,0,0,35,0,0,0,35,60,104,52,26,26,1,1,1,1
1609747175.37124,0,1.00053,99,255,4,143,1231,2000,BFP,231,1609747028,0,1,1,146,0,5,0,0,0,0,35,0,0,0,35,60,104,52,26,26,1,1,1,1
1609747175.67765,0,1.00042,32,255,2,148,1121,2000,PIOC,121,1609747028,0,1,1,146,0,4,9,1001,0,0,35,0,0,0,35,60,104,52,26,26,1,1,1,1
1609747175.92369,0,1.00047,11,255,3,153,1131,2000,PIOC,131,1609747029,0,1,1,145,0,7,0,0,0,0,35,0,0,0,35,60,104,52,26,26,1,1,1,1
1609747176.31591,0,1.00031,23,255,1,147,1111,2000,PIOC,111,1609747085,0,1,2,87,0,4,14,1110,0,0,35,0,0,0,35,60,104,52,26,26,1,1,1,1
1609747176.37149,0,1.00025,99,255,4,143,1231,2000,BFP,231,1609747028,0,1,1,147,0,5,0,0,0,0,35,0,0,0,35,60,104,52,26,26,1,1,1,1
1609747176.67799,0,1.00034,32,255,2,148,1121,2000,PIOC,121,1609747028,0,1,1,147,0,4,9,1001,0,0,35,0,0,0,35,60,104,52,26,26,1,1,1,1
1609747176.92398,0,1.00029,11,255,3,153,1131,2000,PIOC,131,1609747029,0,1,1,146,0,7,0,0,0,0,35,0,0,0,35,60,104,52,26,26,1,1,1,1
1609747177.31630,0,1.00039,23,255,1,147,1111,2000,PIOC,111,1609747085,0,1,2,88,0,4,14,1110,0,0,35,0,0,0,35,60,104,52,26,26,1,1,1,1
1609747177.37213,0,1.00064,99,255,4,143,1231,2000,BFP,231,1609747028,0,1,1,148,0,5,0,0,0,0,35,0,0,0,35,60,104,52,26,26,1,1,1,1
1609747177.67843,0,1.00044,32,255,2,148,1121,2000,PIOC,121,1609747028,0,1,1,148,0,4,9,1001,0,0,35,0,0,0,35,60,104,52,26,26,1,1,1,1
1609747177.92535,0,1.00137,11,255,3,153,1131,2000,PIOC,131,1609747029,0,1,1,147,0,7,0,0,0,0,35,0,0,0,35,60,104,52,26,26,1,1,1,1
1609747178.31671,0,1.00041,23,255,1,147,1111,2000,PIOC,111,1609747085,0,1,2,89,0,4,14,1110,0,0,35,0,0,0,35,60,104,52,26,26,1,1,1,1
1609747178.37282,0,1.00069,99,255,4,143,1231,2000,BFP,231,1609747028,0,1,1,149,0,5,0,0,0,0,35,0,0,0,35,60,104,52,26,26,1,1,1,1
1609747178.67876,0,1.00033,32,255,2,148,1121,2000,PIOC,121,1609747028,0,1,1,149,0,4,9,1001,0,0,35,0,0,0,35,60,104,52,26,26,1,1,1,1
1609747178.92564,0,1.00029,11,255,3,153,1131,2000,PIOC,131,1609747029,0,1,1,148,0,7,0,0,0,0,35,0,0,0,35,60,104,52,26,26,1,1,1,1
1609747179.31717,0,1.00046,23,255,1,147,1111,2000,PIOC,111,1609747085,0,1,2,90,0,4,14,1110,0,0,35,0,0,0,35,60,104,52,26,26,1,1,1,1
1609747179.37330,0,1.00048,99,255,4,143,1231,2000,BFP,231,1609747028,0,1,1,150,0,5,0,0,0,0,35,0,0,0,35,60,104,52,26,26,1,1,1,1
1609747179.68111,0,1.00235,32,255,2,148,1121,2000,PIOC,121,1609747028,0,1,1,150,0,4,9,1001,0,0,35,0,0,0,35,60,104,52,26,26,1,1,1,1
1609747179.92585,0,1.00021,11,255,3,153,1131,2000,PIOC,131,1609747029,0,1,1,149,0,7,0,0,0,0,35,0,0,0,35,60,104,52,26,26,1,1,1,1
1609747180.31747,0,1.00030,23,255,1,147,1111,2000,PIOC,111,1609747085,0,1,2,91,0,4,14,1110,0,0,35,0,0,0,35,60,104,52,26,26,1,1,1,1
1609747180.37354,0,1.00024,99,255,4,143,1231,2000,BFP,231,1609747028,0,1,1,151,0,5,0,0,0,0,35,0,0,0,35,60,104,52,26,26,1,1,1,1
1609747180.68160,0,1.00049,32,255,2,148,1121,2000,PIOC,121,1609747028,0,1,1,151,0,4,9,1001,0,0,35,0,0,0,35,60,104,52,26,26,1,1,1,1
1609747180.92696,0,1.00111,11,255,3,153,1131,2000,PIOC,131,1609747029,0,1,1,150,0,7,0,0,0,0,35,0,0,0,35,60,104,52,26,26,1,1,1,1
1609747181.31828,0,1.00081,23,255,1,147,1111,2000,PIOC,111,1609747085,0,1,2,92,0,4,14,1110,0,0,35,0,0,0,35,60,104,52,26,26,1,1,1,1
1609747181.37391,0,1.00037,99,255,4,143,1231,2000,BFP,231,1609747028,0,1,1,152,0,5,0,0,0,0,35,0,0,0,35,60,104,52,26,26,1,1,1,1
1609747181.68194,0,1.00034,32,255,2,148,1121,2000,PIOC,121,1609747028,0,1,1,152,0,4,9,1001,0,0,35,0,0,0,35,60,104,52,26,26,1,1,1,1
1609747181.92756,0,1.00060,11,255,3,153,1131,2000,PIOC,131,1609747029,0,1,1,151,0,7,0,0,0,0,35,0,0,0,35,60,104,52,26,26,1,1,1,1
1609747182.31859,0,1.00031,23,255,1,147,1111,2000,PIOC,111,1609747085,0,1,2,93,0,4,14,1110,0,0,35,0,0,0,35,60,104,52,26,26,1,1,1,1
1609747182.37468,0,1.00077,99,255,4,143,1231,2000,BFP,231,1609747028,0,1,1,153,0,5,0,0,0,0,35,0,0,0,35,60,104,52,26,26,1,1,1,1
1609747182.68334,0,1.00140,32,255,2,148,1121,2000,PIOC,121,1609747028,0,1,1,153,0,4,9,1001,0,0,35,0,0,0,35,60,104,52,26,26,1,1,1,1
1609747182.92799,0,1.00043,11,255,3,153,1131,2000,PIOC,131,1609747029,0,1,1,152,0,7,0,0,0,0,35,0,0,0,35,60,104,52,26,26,1,1,1,1
1609747183.31929,0,1.00070,23,255,1,147,1111,2000,PIOC,111,1609747085,0,1,2,94,0,4,14,1110,0,0,35,0,0,0,35,60,104,52,26,26,1,1,1,1
1609747183.37505,0,1.00037,99,255,4,143,1231,2000,BFP,231,1609747028,0,1,1,154,0,5,0,0,0,0,35,0,0,0,35,60,104,52,26,26,1,1,1,1
1609747183.68431,0,1.00097,32,255,2,148,1121,2000,PIOC,121,1609747028,0,1,1,154,0,4,9,1001,0,0,35,0,0,0,35,60,104,52,26,26,1,1,1,1
1609747183.92919,0,1.00120,11,255,3,153,1131,2000,PIOC,131,1609747029,0,1,1,153,0,7,0,0,0,0,35,0,0,0,35,60,104,52,26,26,1,1,1,1
