year,month,day,hour,minute,second,millisecond,UTC,open_CB-TRSF1,open_CB-TRSF2,open_CB1-22KV,open_CB2-22KV,open_CB3-22KV,Status_CB1-22KV,Status_CB3-22KV,Status_CB-FDR1,Status_CB-FDR4
2021,1,4,17,57,6,531,1609747026.531000,0,0,0,0,0,1,1,1,1,
2021,1,4,17,57,6,651,1609747026.651000,0,0,0,0,0,1,1,1,1,
2021,1,4,17,57,6,763,1609747026.763000,0,0,0,0,0,1,1,1,1,
2021,1,4,17,57,6,876,1609747026.876000,0,0,0,0,0,1,1,1,1,
2021,1,4,17,57,6,988,1609747026.988000,0,0,0,0,0,1,1,1,1,
2021,1,4,17,57,7,98,1609747027.098000,0,0,0,0,0,1,1,1,1,
2021,1,4,17,57,7,209,1609747027.209000,0,0,0,0,0,1,1,1,1,
2021,1,4,17,57,7,319,1609747027.319000,0,0,0,0,0,1,1,1,1,
2021,1,4,17,57,7,429,1609747027.429000,0,0,0,0,0,1,1,1,1,
2021,1,4,17,57,7,544,1609747027.544000,0,0,0,0,0,1,1,1,1,
2021,1,4,17,57,7,657,1609747027.657000,0,0,0,0,0,1,1,1,1,
2021,1,4,17,57,7,774,1609747027.774000,0,0,0,0,0,1,1,1,1,
2021,1,4,17,57,7,885,1609747027.885000,0,0,0,0,0,1,1,1,1,
2021,1,4,17,57,8,0,1609747028.000000,0,0,0,0,0,1,1,1,1,
2021,1,4,17,57,8,112,1609747028.112000,0,0,0,0,0,1,1,1,1,
2021,1,4,17,57,8,221,1609747028.221000,0,0,0,0,0,1,1,1,1,
2021,1,4,17,57,8,334,1609747028.334000,0,0,0,0,0,1,1,1,1,
2021,1,4,17,57,8,446,1609747028.446000,0,0,0,0,0,1,1,1,1,
2021,1,4,17,57,8,559,1609747028.559000,0,0,0,0,0,1,1,1,1,
2021,1,4,17,57,8,672,1609747028.672000,0,0,0,0,0,1,1,1,1,
2021,1,4,17,57,8,785,1609747028.785000,0,0,0,0,0,1,1,1,1,
2021,1,4,17,57,8,895,1609747028.895000,0,0,0,0,0,1,1,1,1,
2021,1,4,17,57,9,6,1609747029.006000,0,0,0,0,0,1,1,1,1,
2021,1,4,17,57,9,117,1609747029.117000,0,0,0,0,0,1,1,1,1,
2021,1,4,17,57,9,227,1609747029.227000,0,0,0,0,0,1,1,1,1,
2021,1,4,17,57,9,342,1609747029.342000,0,0,0,0,0,1,1,1,1,
2021,1,4,17,57,9,460,1609747029.460000,0,0,0,0,0,1,1,1,1,
2021,1,4,17,57,9,571,1609747029.571000,0,0,0,0,0,1,1,1,1,
2021,1,4,17,57,9,685,1609747029.685000,0,0,0,0,0,1,1,1,1,
2021,1,4,17,57,9,804,1609747029.804000,0,0,0,0,0,1,1,1,1,
2021,1,4,17,57,9,914,1609747029.914000,0,0,0,0,0,1,1,1,1,
2021,1,4,17,57,10,26,1609747030.026000,0,0,0,0,0,1,1,1,1,
2021,1,4,17,57,10,139,1609747030.139000,0,0,0,0,0,1,1,1,1,
2021,1,4,17,57,10,255,1609747030.255000,0,0,0,0,0,1,1,1,1,
2021,1,4,17,57,10,369,1609747030.369000,0,0,0,0,0,1,1,1,1,
2021,1,4,17,57,10,480,1609747030.480000,0,0,0,0,0,1,1,1,1,
2021,1,4,17,57,10,591,1609747030.591000,0,0,0,0,0,1,1,1,1,
2021,1,4,17,57,10,701,1609747030.701000,0,0,0,0,0,1,1,1,1,
2021,1,4,17,57,10,812,1609747030.812000,0,0,0,0,0,1,1,1,1,
2021,1,4,17,57,10,928,1609747030.928000,0,0,0,0,0,1,1,1,1,
2021,1,4,17,57,11,41,1609747031.041000,0,0,0,0,0,1,1,1,1,
2021,1,4,17,57,11,156,1609747031.156000,0,0,0,0,0,1,1,1,1,
2021,1,4,17,57,11,273,1609747031.273000,0,0,0,0,0,1,1,1,1,
2021,1,4,17,57,11,388,1609747031.388000,0,0,0,0,0,1,1,1,1,
2021,1,4,17,57,11,500,1609747031.500000,0,0,0,0,0,1,1,1,1,
2021,1,4,17,57,11,616,1609747031.616000,0,0,0,0,0,1,1,1,1,
2021,1,4,17,57,11,734,1609747031.734000,0,0,0,0,0,1,1,1,1,
2021,1,4,17,57,11,854,1609747031.854000,0,0,0,0,0,1,1,1,1,
2021,1,4,17,57,11,965,1609747031.965000,0,0,0,0,0,1,1,1,1,
2021,1,4,17,57,12,83,1609747032.083000,0,0,0,0,0,1,1,1,1,
2021,1,4,17,57,12,200,1609747032.200000,0,0,0,0,0,1,1,1,1,
2021,1,4,17,57,12,310,1609747032.310000,0,0,0,0,0,1,1,1,1,
2021,1,4,17,57,12,423,1609747032.423000,0,0,0,0,0,1,1,1,1,
2021,1,4,17,57,12,535,1609747032.535000,0,0,0,0,0,1,1,1,1,
2021,1,4,17,57,12,646,1609747032.646000,0,0,0,0,0,1,1,1,1,
2021,1,4,17,57,12,758,1609747032.758000,0,0,0,0,0,1,1,1,1,
2021,1,4,17,57,12,869,1609747032.869000,0,0,0,0,0,1,1,1,1,
2021,1,4,17,57,12,983,1609747032.983000,0,0,0,0,0,1,1,1,1,
2021,1,4,17,57,13,101,1609747033.101000,0,0,0,0,0,1,1,1,1,
2021,1,4,17,57,13,216,1609747033.216000,0,0,0,0,0,1,1,1,1,
2021,1,4,17,57,13,330,1609747033.330000,0,0,0,0,0,1,1,1,1,
2021,1,4,17,57,13,444,1609747033.444000,0,0,0,0,0,1,1,1,1,
2021,1,4,17,57,13,557,1609747033.557000,0,0,0,0,0,1,1,1,1,
2021,1,4,17,57,13,675,1609747033.675000,0,0,0,0,0,1,1,1,1,
2021,1,4,17,57,13,788,1609747033.788000,0,0,0,0,0,1,1,1,1,
2021,1,4,17,57,13,899,1609747033.899000,0,0,0,0,0,1,1,1,1,
2021,1,4,17,57,14,21,1609747034.021000,0,0,0,0,0,1,1,1,1,
2021,1,4,17,57,14,138,1609747034.138000,0,0,0,0,0,1,1,1,1,
2021,1,4,17,57,14,248,1609747034.248000,0,0,0,0,0,1,1,1,1,
2021,1,4,17,57,14,360,1609747034.360000,0,0,0,0,0,1,1,1,1,
2021,1,4,17,57,14,474,1609747034.474000,0,0,0,0,0,1,1,1,1,
2021,1,4,17,57,14,590,1609747034.590000,0,0,0,0,0,1,1,1,1,
2021,1,4,17,57,14,709,1609747034.709000,0,0,0,0,0,1,1,1,1,
2021,1,4,17,57,14,844,1609747034.844000,0,0,0,0,0,1,1,1,1,
2021,1,4,17,57,14,954,1609747034.954000,0,0,0,0,0,1,1,1,1,
2021,1,4,17,57,15,69,1609747035.069000,0,0,0,0,0,1,1,1,1,
2021,1,4,17,57,15,187,1609747035.187000,0,0,0,0,0,1,1,1,1,
2021,1,4,17,57,15,304,1609747035.304000,0,0,0,0,0,1,1,1,1,
2021,1,4,17,57,15,424,1609747035.424000,0,0,0,0,0,1,1,1,1,
2021,1,4,17,57,15,536,1609747035.536000,0,0,0,0,0,1,1,1,1,
2021,1,4,17,57,15,653,1609747035.653000,0,0,0,0,0,1,1,1,1,
2021,1,4,17,57,15,764,1609747035.764000,0,0,0,0,0,1,1,1,1,
2021,1,4,17,57,15,879,1609747035.879000,0,0,0,0,0,1,1,1,1,
2021,1,4,17,57,16,0,1609747036.000000,0,0,0,0,0,1,1,1,1,
2021,1,4,17,57,16,112,1609747036.112000,0,0,0,0,0,1,1,1,1,
2021,1,4,17,57,16,226,1609747036.226000,0,0,0,0,0,1,1,1,1,
2021,1,4,17,57,16,342,1609747036.342000,0,0,0,0,0,1,1,1,1,
2021,1,4,17,57,16,457,1609747036.457000,0,0,0,0,0,1,1,1,1,
2021,1,4,17,57,16,570,1609747036.570000,0,0,0,0,0,1,1,1,1,
2021,1,4,17,57,16,689,1609747036.689000,0,0,0,0,0,1,1,1,1,
2021,1,4,17,57,16,802,1609747036.802000,0,0,0,0,0,1,1,1,1,
2021,1,4,17,57,16,919,1609747036.919000,0,0,0,0,0,1,1,1,1,
2021,1,4,17,57,17,37,1609747037.037000,0,0,0,0,0,1,1,1,1,
2021,1,4,17,57,17,149,1609747037.149000,0,0,0,0,0,1,1,1,1,
2021,1,4,17,57,17,265,1609747037.265000,0,0,0,0,0,1,1,1,1,
2021,1,4,17,57,17,385,1609747037.385000,0,0,0,0,0,1,1,1,1,
2021,1,4,17,57,17,499,1609747037.499000,0,0,0,0,0,1,1,1,1,
2021,1,4,17,57,17,609,1609747037.609000,0,0,0,0,0,1,1,1,1,
2021,1,4,17,57,17,727,1609747037.727000,0,0,0,0,0,1,1,1,1,
2021,1,4,17,57,17,842,1609747037.842000,0,0,0,0,0,1,1,1,1,
2021,1,4,17,57,17,961,1609747037.961000,0,0,0,0,0,1,1,1,1,
2021,1,4,17,57,18,78,1609747038.078000,0,0,0,0,0,1,1,1,1,
2021,1,4,17,57,18,192,1609747038.192000,0,0,0,0,0,1,1,1,1,
2021,1,4,17,57,18,305,1609747038.305000,0,0,0,0,0,1,1,1,1,
2021,1,4,17,57,18,422,1609747038.422000,0,0,0,0,0,1,1,1,1,
2021,1,4,17,57,18,533,1609747038.533000,0,0,0,0,0,1,1,1,1,
2021,1,4,17,57,18,652,1609747038.652000,0,0,0,0,0,1,1,1,1,
2021,1,4,17,57,18,770,1609747038.770000,0,0,0,0,0,1,1,1,1,
2021,1,4,17,57,18,887,1609747038.887000,0,0,0,0,0,1,1,1,1,
2021,1,4,17,57,19,5,1609747039.005000,0,0,0,0,0,1,1,1,1,
2021,1,4,17,57,19,116,1609747039.116000,0,0,0,0,0,1,1,1,1,
2021,1,4,17,57,19,227,1609747039.227000,0,0,0,0,0,1,1,1,1,
2021,1,4,17,57,19,339,1609747039.339000,0,0,0,0,0,1,1,1,1,
2021,1,4,17,57,19,457,1609747039.457000,0,0,0,0,0,1,1,1,1,
2021,1,4,17,57,19,570,1609747039.570000,0,0,0,0,0,1,1,1,1,
2021,1,4,17,57,19,692,1609747039.692000,0,0,0,0,0,1,1,1,1,
2021,1,4,17,57,19,810,1609747039.810000,0,0,0,0,0,1,1,1,1,
2021,1,4,17,57,19,925,1609747039.925000,0,0,0,0,0,1,1,1,1,
2021,1,4,17,57,20,45,1609747040.045000,0,0,0,0,0,1,1,1,1,
2021,1,4,17,57,20,162,1609747040.162000,0,0,0,0,0,1,1,1,1,
2021,1,4,17,57,20,278,1609747040.278000,0,0,0,0,0,1,1,1,1,
2021,1,4,17,57,20,397,1609747040.397000,0,0,0,0,0,1,1,1,1,
2021,1,4,17,57,20,519,1609747040.519000,0,0,0,0,0,1,1,1,1,
2021,1,4,17,57,20,640,1609747040.640000,0,0,0,0,0,1,1,1,1,
2021,1,4,17,57,20,757,1609747040.757000,0,0,0,0,0,1,1,1,1,
2021,1,4,17,57,20,875,1609747040.875000,0,0,0,0,0,1,1,1,1,
2021,1,4,17,57,20,990,1609747040.990000,0,0,0,0,0,1,1,1,1,
2021,1,4,17,57,21,111,1609747041.111000,0,0,0,0,0,1,1,1,1,
2021,1,4,17,57,21,226,1609747041.226000,0,0,0,0,0,1,1,1,1,
2021,1,4,17,57,21,342,1609747041.342000,0,0,0,0,0,1,1,1,1,
2021,1,4,17,57,21,465,1609747041.465000,0,0,0,0,0,1,1,1,1,
2021,1,4,17,57,21,576,1609747041.576000,0,0,0,0,0,1,1,1,1,
2021,1,4,17,57,21,689,1609747041.689000,0,0,0,0,0,1,1,1,1,
2021,1,4,17,57,21,808,1609747041.808000,0,0,0,0,0,1,1,1,1,
2021,1,4,17,57,21,930,1609747041.930000,0,0,0,0,0,1,1,1,1,
2021,1,4,17,57,22,56,1609747042.056000,0,0,0,0,0,1,1,1,1,
2021,1,4,17,57,22,175,1609747042.175000,0,0,0,0,0,1,1,1,1,
2021,1,4,17,57,22,295,1609747042.295000,0,0,0,0,0,1,1,1,1,
2021,1,4,17,57,22,410,1609747042.410000,0,0,0,0,0,1,1,1,1,
2021,1,4,17,57,22,525,1609747042.525000,0,0,0,0,0,1,1,1,1,
2021,1,4,17,57,22,638,1609747042.638000,0,0,0,0,0,1,1,1,1,
2021,1,4,17,57,22,760,1609747042.760000,0,0,0,0,0,1,1,1,1,
2021,1,4,17,57,22,871,1609747042.871000,0,0,0,0,0,1,1,1,1,
2021,1,4,17,57,22,990,1609747042.990000,0,0,0,0,0,1,1,1,1,
2021,1,4,17,57,23,110,1609747043.110000,0,0,0,0,0,1,1,1,1,
2021,1,4,17,57,23,228,1609747043.228000,0,0,0,0,0,1,1,1,1,
2021,1,4,17,57,23,342,1609747043.342000,0,0,0,0,0,1,1,1,1,
2021,1,4,17,57,23,455,1609747043.455000,0,0,0,0,0,1,1,1,1,
2021,1,4,17,57,23,568,1609747043.568000,0,0,0,0,0,1,1,1,1,
2021,1,4,17,57,23,680,1609747043.680000,0,0,0,0,0,1,1,1,1,
2021,1,4,17,57,23,799,1609747043.799000,0,0,0,0,0,1,1,1,1,
2021,1,4,17,57,23,917,1609747043.917000,0,0,0,0,0,1,1,1,1,
2021,1,4,17,57,24,36,1609747044.036000,0,0,0,0,0,1,1,1,1,
2021,1,4,17,57,24,148,1609747044.148000,0,0,0,0,0,1,1,1,1,
2021,1,4,17,57,24,264,1609747044.264000,0,0,0,0,0,1,1,1,1,
2021,1,4,17,57,24,382,1609747044.382000,0,0,0,0,0,1,1,1,1,
2021,1,4,17,57,24,501,1609747044.501000,0,0,0,0,0,1,1,1,1,
2021,1,4,17,57,24,624,1609747044.624000,0,0,0,0,0,1,1,1,1,
2021,1,4,17,57,24,745,1609747044.745000,0,0,0,0,0,1,1,1,1,
2021,1,4,17,57,24,857,1609747044.857000,0,0,0,0,0,1,1,1,1,
2021,1,4,17,57,24,971,1609747044.971000,0,0,0,0,0,1,1,1,1,
2021,1,4,17,57,25,93,1609747045.093000,0,0,0,0,0,1,1,1,1,
2021,1,4,17,57,25,217,1609747045.217000,0,0,0,0,0,1,1,1,1,
2021,1,4,17,57,25,334,1609747045.334000,0,0,0,0,0,1,1,1,1,
2021,1,4,17,57,25,456,1609747045.456000,0,0,0,0,0,1,1,1,1,
2021,1,4,17,57,25,575,1609747045.575000,0,0,0,0,0,1,1,1,1,
2021,1,4,17,57,25,694,1609747045.694000,0,0,0,0,0,1,1,1,1,
2021,1,4,17,57,25,810,1609747045.810000,0,0,0,0,0,1,1,1,1,
2021,1,4,17,57,25,925,1609747045.925000,0,0,0,0,0,1,1,1,1,
2021,1,4,17,57,26,43,1609747046.043000,0,0,0,0,0,1,1,1,1,
2021,1,4,17,57,26,156,1609747046.156000,0,0,0,0,0,1,1,1,1,
2021,1,4,17,57,26,271,1609747046.271000,0,0,0,0,0,1,1,1,1,
2021,1,4,17,57,26,391,1609747046.391000,0,0,0,0,0,1,1,1,1,
2021,1,4,17,57,26,505,1609747046.505000,0,0,0,0,0,1,1,1,1,
2021,1,4,17,57,26,625,1609747046.625000,0,0,0,0,0,1,1,1,1,
2021,1,4,17,57,26,741,1609747046.741000,0,0,0,0,0,1,1,1,1,
2021,1,4,17,57,26,857,1609747046.857000,0,0,0,0,0,1,1,1,1,
2021,1,4,17,57,26,972,1609747046.972000,0,0,0,0,0,1,1,1,1,
2021,1,4,17,57,27,89,1609747047.089000,0,0,0,0,0,1,1,1,1,
2021,1,4,17,57,27,205,1609747047.205000,0,0,0,0,0,1,1,1,1,
2021,1,4,17,57,27,331,1609747047.331000,0,0,0,0,0,1,1,1,1,
2021,1,4,17,57,27,452,1609747047.452000,0,0,0,0,0,1,1,1,1,
2021,1,4,17,57,27,571,1609747047.571000,0,0,0,0,0,1,1,1,1,
2021,1,4,17,57,27,689,1609747047.689000,0,0,0,0,0,1,1,1,1,
2021,1,4,17,57,27,808,1609747047.808000,0,0,0,0,0,1,1,1,1,
2021,1,4,17,57,27,927,1609747047.927000,0,0,0,0,0,1,1,1,1,
2021,1,4,17,57,28,58,1609747048.058000,0,0,0,0,0,1,1,1,1,
2021,1,4,17,57,28,171,1609747048.171000,0,0,0,0,0,1,1,1,1,
2021,1,4,17,57,28,292,1609747048.292000,0,0,0,0,0,1,1,1,1,
2021,1,4,17,57,28,408,1609747048.408000,0,0,0,0,0,1,1,1,1,
2021,1,4,17,57,28,525,1609747048.525000,0,0,0,0,0,1,1,1,1,
2021,1,4,17,57,28,646,1609747048.646000,0,0,0,0,0,1,1,1,1,
2021,1,4,17,57,28,764,1609747048.764000,0,0,0,0,0,1,1,1,1,
2021,1,4,17,57,28,878,1609747048.878000,0,0,0,0,0,1,1,1,1,
2021,1,4,17,57,28,999,1609747048.999000,0,0,0,0,0,1,1,1,1,
2021,1,4,17,57,29,118,1609747049.118000,0,0,0,0,0,1,1,1,1,
2021,1,4,17,57,29,239,1609747049.239000,0,0,0,0,0,1,1,1,1,
2021,1,4,17,57,29,356,1609747049.356000,0,0,0,0,0,1,1,1,1,
2021,1,4,17,57,29,472,1609747049.472000,0,0,0,0,0,1,1,1,1,
2021,1,4,17,57,29,588,1609747049.588000,0,0,0,0,0,1,1,1,1,
2021,1,4,17,57,29,704,1609747049.704000,0,0,0,0,0,1,1,1,1,
2021,1,4,17,57,29,820,1609747049.820000,0,0,0,0,0,1,1,1,1,
2021,1,4,17,57,29,939,1609747049.939000,0,0,0,0,0,1,1,1,1,
2021,1,4,17,57,30,55,1609747050.055000,0,0,0,0,0,1,1,1,1,
2021,1,4,17,57,30,170,1609747050.170000,0,0,0,0,0,1,1,1,1,
2021,1,4,17,57,30,286,1609747050.286000,0,0,0,0,0,1,1,1,1,
2021,1,4,17,57,30,402,1609747050.402000,0,0,0,0,0,1,1,1,1,
2021,1,4,17,57,30,521,1609747050.521000,0,0,0,0,0,1,1,1,1,
2021,1,4,17,57,30,640,1609747050.640000,0,0,0,0,0,1,1,1,1,
2021,1,4,17,57,30,759,1609747050.759000,0,0,0,0,0,1,1,1,1,
2021,1,4,17,57,30,876,1609747050.876000,0,0,0,0,0,1,1,1,1,
2021,1,4,17,57,30,994,1609747050.994000,0,0,0,0,0,1,1,1,1,
2021,1,4,17,57,31,112,1609747051.112000,0,0,0,0,0,1,1,1,1,
2021,1,4,17,57,31,231,1609747051.231000,0,0,0,0,0,1,1,1,1,
2021,1,4,17,57,31,347,1609747051.347000,0,0,0,0,0,1,1,1,1,
2021,1,4,17,57,31,470,1609747051.470000,0,0,0,0,0,1,1,1,1,
2021,1,4,17,57,31,586,1609747051.586000,0,0,0,0,0,1,1,1,1,
2021,1,4,17,57,31,706,1609747051.706000,0,0,0,0,0,1,1,1,1,
2021,1,4,17,57,31,829,1609747051.829000,0,0,0,0,0,1,1,1,1,
2021,1,4,17,57,31,946,1609747051.946000,0,0,0,0,0,1,1,1,1,
2021,1,4,17,57,32,62,1609747052.062000,0,0,0,0,0,1,1,1,1,
2021,1,4,17,57,32,246,1609747052.246000,0,0,0,0,0,1,1,1,1,
2021,1,4,17,57,32,425,1609747052.425000,0,0,0,0,0,1,1,1,1,
2021,1,4,17,57,32,610,1609747052.610000,0,0,0,0,0,1,1,1,1,
2021,1,4,17,57,32,727,1609747052.727000,0,0,0,0,0,1,1,1,1,
2021,1,4,17,57,32,845,1609747052.845000,0,0,0,0,0,1,1,1,1,
2021,1,4,17,57,32,967,1609747052.967000,0,0,0,0,0,1,1,1,1,
2021,1,4,17,57,33,82,1609747053.082000,0,0,0,0,0,1,1,1,1,
2021,1,4,17,57,33,205,1609747053.205000,0,0,0,0,0,1,1,1,1,
2021,1,4,17,57,33,320,1609747053.320000,0,0,0,0,0,1,1,1,1,
2021,1,4,17,57,33,436,1609747053.436000,0,0,0,0,0,1,1,1,1,
2021,1,4,17,57,33,553,1609747053.553000,0,0,0,0,0,1,1,1,1,
2021,1,4,17,57,33,681,1609747053.681000,0,0,0,0,0,1,1,1,1,
2021,1,4,17,57,33,800,1609747053.800000,0,0,0,0,0,1,1,1,1,
2021,1,4,17,57,33,917,1609747053.917000,0,0,0,0,0,1,1,1,1,
2021,1,4,17,57,34,31,1609747054.031000,0,0,0,0,0,1,1,1,1,
2021,1,4,17,57,34,153,1609747054.153000,0,0,0,0,0,1,1,1,1,
2021,1,4,17,57,34,269,1609747054.269000,0,0,0,0,0,1,1,1,1,
2021,1,4,17,57,34,386,1609747054.386000,0,0,0,0,0,1,1,1,1,
2021,1,4,17,57,34,504,1609747054.504000,0,0,0,0,0,1,1,1,1,
2021,1,4,17,57,34,621,1609747054.621000,0,0,0,0,0,1,1,1,1,
2021,1,4,17,57,34,742,1609747054.742000,0,0,0,0,0,1,1,1,1,
2021,1,4,17,57,34,861,1609747054.861000,0,0,0,0,0,1,1,1,1,
2021,1,4,17,57,34,983,1609747054.983000,0,0,0,0,0,1,1,1,1,
2021,1,4,17,57,35,96,1609747055.096000,0,0,0,0,0,1,1,1,1,
2021,1,4,17,57,35,219,1609747055.219000,0,0,0,0,0,1,1,1,1,
2021,1,4,17,57,35,339,1609747055.339000,0,0,0,0,0,1,1,1,1,
2021,1,4,17,57,35,463,1609747055.463000,0,0,0,0,0,1,1,1,1,
2021,1,4,17,57,35,580,1609747055.580000,0,0,0,0,0,1,1,1,1,
2021,1,4,17,57,35,696,1609747055.696000,0,0,0,0,0,1,1,1,1,
2021,1,4,17,57,35,816,1609747055.816000,0,0,0,0,0,1,1,1,1,
2021,1,4,17,57,35,939,1609747055.939000,0,0,0,0,0,1,1,1,1,
2021,1,4,17,57,36,57,1609747056.057000,0,0,0,0,0,1,1,1,1,
2021,1,4,17,57,36,174,1609747056.174000,0,0,0,0,0,1,1,1,1,
2021,1,4,17,57,36,294,1609747056.294000,0,0,0,0,0,1,1,1,1,
2021,1,4,17,57,36,408,1609747056.408000,0,0,0,0,0,1,1,1,1,
2021,1,4,17,57,36,521,1609747056.521000,0,0,0,0,0,1,1,1,1,
2021,1,4,17,57,36,641,1609747056.641000,0,0,0,0,0,1,1,1,1,
2021,1,4,17,57,36,766,1609747056.766000,0,0,0,0,0,1,1,1,1,
2021,1,4,17,57,36,884,1609747056.884000,0,0,0,0,0,1,1,1,1,
2021,1,4,17,57,36,998,1609747056.998000,0,0,0,0,0,1,1,1,1,
2021,1,4,17,57,37,119,1609747057.119000,0,0,0,0,0,1,1,1,1,
2021,1,4,17,57,37,232,1609747057.232000,0,0,0,0,0,1,1,1,1,
2021,1,4,17,57,37,349,1609747057.349000,0,0,0,0,0,1,1,1,1,
2021,1,4,17,57,37,467,1609747057.467000,0,0,0,0,0,1,1,1,1,
2021,1,4,17,57,37,584,1609747057.584000,0,0,0,0,0,1,1,1,1,
2021,1,4,17,57,37,699,1609747057.699000,0,0,0,0,0,1,1,1,1,
2021,1,4,17,57,37,819,1609747057.819000,0,0,0,0,0,1,1,1,1,
2021,1,4,17,57,37,936,1609747057.936000,0,0,0,0,0,1,1,1,1,
2021,1,4,17,57,38,56,1609747058.056000,0,0,0,0,0,1,1,1,1,
2021,1,4,17,57,38,174,1609747058.174000,0,0,0,0,0,1,1,1,1,
2021,1,4,17,57,38,288,1609747058.288000,0,0,0,0,0,1,1,1,1,
2021,1,4,17,57,38,407,1609747058.407000,0,0,0,0,0,1,1,1,1,
2021,1,4,17,57,38,520,1609747058.520000,0,0,0,0,0,1,1,1,1,
2021,1,4,17,57,38,633,1609747058.633000,0,0,0,0,0,1,1,1,1,
2021,1,4,17,57,38,748,1609747058.748000,0,0,0,0,0,1,1,1,1,
2021,1,4,17,57,38,868,1609747058.868000,0,0,0,0,0,1,1,1,1,
2021,1,4,17,57,38,983,1609747058.983000,0,0,0,0,0,1,1,1,1,
2021,1,4,17,57,39,103,1609747059.103000,0,0,0,0,0,1,1,1,1,
2021,1,4,17,57,39,219,1609747059.219000,0,0,0,0,0,1,1,1,1,
2021,1,4,17,57,39,335,1609747059.335000,0,0,0,0,0,1,1,1,1,
2021,1,4,17,57,39,454,1609747059.454000,0,0,0,0,0,1,1,1,1,
2021,1,4,17,57,39,575,1609747059.575000,0,0,0,0,0,1,1,1,1,
2021,1,4,17,57,39,693,1609747059.693000,0,0,0,0,0,1,1,1,1,
2021,1,4,17,57,39,810,1609747059.810000,0,0,0,0,0,1,1,1,1,
2021,1,4,17,57,39,924,1609747059.924000,0,0,0,0,0,1,1,1,1,
2021,1,4,17,57,40,38,1609747060.038000,0,0,0,0,0,1,1,1,1,
2021,1,4,17,57,40,153,1609747060.153000,0,0,0,0,0,1,1,1,1,
2021,1,4,17,57,40,271,1609747060.271000,0,0,0,0,0,1,1,1,1,
2021,1,4,17,57,40,393,1609747060.393000,0,0,0,0,0,1,1,1,1,
2021,1,4,17,57,40,506,1609747060.506000,0,0,0,0,0,1,1,1,1,
2021,1,4,17,57,40,620,1609747060.620000,0,0,0,0,0,1,1,1,1,
2021,1,4,17,57,40,735,1609747060.735000,0,0,0,0,0,1,1,1,1,
2021,1,4,17,57,40,853,1609747060.853000,0,0,0,0,0,1,1,1,1,
2021,1,4,17,57,40,974,1609747060.974000,0,0,0,0,0,1,1,1,1,
2021,1,4,17,57,41,93,1609747061.093000,0,0,0,0,0,1,1,1,1,
2021,1,4,17,57,41,206,1609747061.206000,0,0,0,0,0,1,1,1,1,
2021,1,4,17,57,41,323,1609747061.323000,0,0,0,0,0,1,1,1,1,
2021,1,4,17,57,41,442,1609747061.442000,0,0,0,0,0,1,1,1,1,
2021,1,4,17,57,41,556,1609747061.556000,0,0,0,0,0,1,1,1,1,
2021,1,4,17,57,41,675,1609747061.675000,0,0,0,0,0,1,1,1,1,
2021,1,4,17,57,41,794,1609747061.794000,0,0,0,0,0,1,1,1,1,
2021,1,4,17,57,41,907,1609747061.907000,0,0,0,0,0,1,1,1,1,
2021,1,4,17,57,42,30,1609747062.030000,0,0,0,0,0,1,1,1,1,
2021,1,4,17,57,42,142,1609747062.142000,0,0,0,0,0,1,1,1,1,
2021,1,4,17,57,42,254,1609747062.254000,0,0,0,0,0,1,1,1,1,
2021,1,4,17,57,42,375,1609747062.375000,0,0,0,0,0,1,1,1,1,
2021,1,4,17,57,42,494,1609747062.494000,0,0,0,0,0,1,1,1,1,
2021,1,4,17,57,42,613,1609747062.613000,0,0,0,0,0,1,1,1,1,
2021,1,4,17,57,42,728,1609747062.728000,0,0,0,0,0,1,1,1,1,
2021,1,4,17,57,42,844,1609747062.844000,0,0,0,0,0,1,1,1,1,
2021,1,4,17,57,42,957,1609747062.957000,0,0,0,0,0,1,1,1,1,
2021,1,4,17,57,43,73,1609747063.073000,0,0,0,0,0,1,1,1,1,
2021,1,4,17,57,43,193,1609747063.193000,0,0,0,0,0,1,1,1,1,
2021,1,4,17,57,43,309,1609747063.309000,0,0,0,0,0,1,1,1,1,
2021,1,4,17,57,43,428,1609747063.428000,0,0,0,0,0,1,1,1,1,
2021,1,4,17,57,43,540,1609747063.540000,0,0,0,0,0,1,1,1,1,
2021,1,4,17,57,43,658,1609747063.658000,0,0,0,0,0,1,1,1,1,
2021,1,4,17,57,43,771,1609747063.771000,0,0,0,0,0,1,1,1,1,
2021,1,4,17,57,43,889,1609747063.889000,0,0,0,0,0,1,1,1,1,
2021,1,4,17,57,44,13,1609747064.013000,0,0,0,0,0,1,1,1,1,
2021,1,4,17,57,44,125,1609747064.125000,0,0,0,0,0,1,1,1,1,
2021,1,4,17,57,44,236,1609747064.236000,0,0,0,0,0,1,1,1,1,
2021,1,4,17,57,44,357,1609747064.357000,0,0,0,0,0,1,1,1,1,
2021,1,4,17,57,44,472,1609747064.472000,0,0,0,0,0,1,1,1,1,
2021,1,4,17,57,44,593,1609747064.593000,0,0,0,0,0,1,1,1,1,
2021,1,4,17,57,44,711,1609747064.711000,0,0,0,0,0,1,1,1,1,
2021,1,4,17,57,44,825,1609747064.825000,0,0,0,0,0,1,1,1,1,
2021,1,4,17,57,44,940,1609747064.940000,0,0,0,0,0,1,1,1,1,
2021,1,4,17,57,45,52,1609747065.052000,0,0,0,0,0,1,1,1,1,
2021,1,4,17,57,45,164,1609747065.164000,0,0,0,0,0,1,1,1,1,
2021,1,4,17,57,45,276,1609747065.276000,0,0,0,0,0,1,1,1,1,
2021,1,4,17,57,45,393,1609747065.393000,0,0,0,0,0,1,1,1,1,
2021,1,4,17,57,45,510,1609747065.510000,0,0,0,0,0,1,1,1,1,
2021,1,4,17,57,45,628,1609747065.628000,0,0,0,0,0,1,1,1,1,
2021,1,4,17,57,45,744,1609747065.744000,0,0,0,0,0,1,1,1,1,
2021,1,4,17,57,45,858,1609747065.858000,0,0,0,0,0,1,1,1,1,
2021,1,4,17,57,45,971,1609747065.971000,0,0,0,0,0,1,1,1,1,
2021,1,4,17,57,46,90,1609747066.090000,0,0,0,0,0,1,1,1,1,
2021,1,4,17,57,46,213,1609747066.213000,0,0,0,0,0,1,1,1,1,
2021,1,4,17,57,46,330,1609747066.330000,0,0,0,0,0,1,1,1,1,
2021,1,4,17,57,46,446,1609747066.446000,0,0,0,0,0,1,1,1,1,
2021,1,4,17,57,46,562,1609747066.562000,0,0,0,0,0,1,1,1,1,
2021,1,4,17,57,46,674,1609747066.674000,0,0,0,0,0,1,1,1,1,
2021,1,4,17,57,46,789,1609747066.789000,0,0,0,0,0,1,1,1,1,
2021,1,4,17,57,46,910,1609747066.910000,0,0,0,0,0,1,1,1,1,
2021,1,4,17,57,47,29,1609747067.029000,0,0,0,0,0,1,1,1,1,
2021,1,4,17,57,47,143,1609747067.143000,0,0,0,0,0,1,1,1,1,
2021,1,4,17,57,47,255,1609747067.255000,0,0,0,0,0,1,1,1,1,
2021,1,4,17,57,47,374,1609747067.374000,0,0,0,0,0,1,1,1,1,
2021,1,4,17,57,47,486,1609747067.486000,0,0,0,0,0,1,1,1,1,
2021,1,4,17,57,47,605,1609747067.605000,0,0,0,0,0,1,1,1,1,
2021,1,4,17,57,47,723,1609747067.723000,0,0,0,0,0,1,1,1,1,
2021,1,4,17,57,47,837,1609747067.837000,0,0,0,0,0,1,1,1,1,
2021,1,4,17,57,47,951,1609747067.951000,0,0,0,0,0,1,1,1,1,
2021,1,4,17,57,48,66,1609747068.066000,0,0,0,0,0,1,1,1,1,
2021,1,4,17,57,48,179,1609747068.179000,0,0,0,0,0,1,1,1,1,
2021,1,4,17,57,48,293,1609747068.293000,0,0,0,0,0,1,1,1,1,
2021,1,4,17,57,48,405,1609747068.405000,0,0,0,0,0,1,1,1,1,
2021,1,4,17,57,48,518,1609747068.518000,0,0,0,0,0,1,1,1,1,
2021,1,4,17,57,48,631,1609747068.631000,0,0,0,0,0,1,1,1,1,
2021,1,4,17,57,48,746,1609747068.746000,0,0,0,0,0,1,1,1,1,
2021,1,4,17,57,48,865,1609747068.865000,0,0,0,0,0,1,1,1,1,
2021,1,4,17,57,48,978,1609747068.978000,0,0,0,0,0,1,1,1,1,
2021,1,4,17,57,49,98,1609747069.098000,0,0,0,0,0,1,1,1,1,
2021,1,4,17,57,49,212,1609747069.212000,0,0,0,0,0,1,1,1,1,
2021,1,4,17,57,49,326,1609747069.326000,0,0,0,0,0,1,1,1,1,
2021,1,4,17,57,49,440,1609747069.440000,0,0,0,0,0,1,1,1,1,
2021,1,4,17,57,49,557,1609747069.557000,0,0,0,0,0,1,1,1,1,
2021,1,4,17,57,49,676,1609747069.676000,0,0,0,0,0,1,1,1,1,
2021,1,4,17,57,49,792,1609747069.792000,0,0,0,0,0,1,1,1,1,
2021,1,4,17,57,49,907,1609747069.907000,0,0,0,0,0,1,1,1,1,
2021,1,4,17,57,50,28,1609747070.028000,0,0,0,0,0,1,1,1,1,
2021,1,4,17,57,50,141,1609747070.141000,0,0,0,0,0,1,1,1,1,
2021,1,4,17,57,50,269,1609747070.269000,0,0,0,0,0,1,1,1,1,
2021,1,4,17,57,50,387,1609747070.387000,0,0,0,0,0,1,1,1,1,
2021,1,4,17,57,50,503,1609747070.503000,0,0,0,0,0,1,1,1,1,
2021,1,4,17,57,50,617,1609747070.617000,0,0,0,0,0,1,1,1,1,
2021,1,4,17,57,50,737,1609747070.737000,0,0,0,0,0,1,1,1,1,
2021,1,4,17,57,50,849,1609747070.849000,0,0,0,0,0,1,1,1,1,
2021,1,4,17,57,50,963,1609747070.963000,0,0,0,0,0,1,1,1,1,
2021,1,4,17,57,51,77,1609747071.077000,0,0,0,0,0,1,1,1,1,
2021,1,4,17,57,51,193,1609747071.193000,0,0,0,0,0,1,1,1,1,
2021,1,4,17,57,51,306,1609747071.306000,0,0,0,0,0,1,1,1,1,
2021,1,4,17,57,51,420,1609747071.420000,0,0,0,0,0,1,1,1,1,
2021,1,4,17,57,51,534,1609747071.534000,0,0,0,0,0,1,1,1,1,
2021,1,4,17,57,51,647,1609747071.647000,0,0,0,0,0,1,1,1,1,
2021,1,4,17,57,51,767,1609747071.767000,0,0,0,0,0,1,1,1,1,
2021,1,4,17,57,51,890,1609747071.890000,0,0,0,0,0,1,1,1,1,
2021,1,4,17,57,52,4,1609747072.004000,0,0,0,0,0,1,1,1,1,
2021,1,4,17,57,52,125,1609747072.125000,0,0,0,0,0,1,1,1,1,
2021,1,4,17,57,52,239,1609747072.239000,0,0,0,0,0,1,1,1,1,
2021,1,4,17,57,52,352,1609747072.352000,0,0,0,0,0,1,1,1,1,
2021,1,4,17,57,52,464,1609747072.464000,0,0,0,0,0,1,1,1,1,
2021,1,4,17,57,52,576,1609747072.576000,0,0,0,0,0,1,1,1,1,
2021,1,4,17,57,52,689,1609747072.689000,0,0,0,0,0,1,1,1,1,
2021,1,4,17,57,52,801,1609747072.801000,0,0,0,0,0,1,1,1,1,
2021,1,4,17,57,52,915,1609747072.915000,0,0,0,0,0,1,1,1,1,
2021,1,4,17,57,53,33,1609747073.033000,0,0,0,0,0,1,1,1,1,
2021,1,4,17,57,53,145,1609747073.145000,0,0,0,0,0,1,1,1,1,
2021,1,4,17,57,53,262,1609747073.262000,0,0,0,0,0,1,1,1,1,
2021,1,4,17,57,53,375,1609747073.375000,0,0,0,0,0,1,1,1,1,
2021,1,4,17,57,53,496,1609747073.496000,0,0,0,0,0,1,1,1,1,
2021,1,4,17,57,53,608,1609747073.608000,0,0,0,0,0,1,1,1,1,
2021,1,4,17,57,53,721,1609747073.721000,0,0,0,0,0,1,1,1,1,
2021,1,4,17,57,53,834,1609747073.834000,0,0,0,0,0,1,1,1,1,
2021,1,4,17,57,53,955,1609747073.955000,0,0,0,0,0,1,1,1,1,
2021,1,4,17,57,54,73,1609747074.073000,0,0,0,0,0,1,1,1,1,
2021,1,4,17,57,54,185,1609747074.185000,0,0,0,0,0,1,1,1,1,
2021,1,4,17,57,54,299,1609747074.299000,0,0,0,0,0,1,1,1,1,
2021,1,4,17,57,54,413,1609747074.413000,0,0,0,0,0,1,1,1,1,
2021,1,4,17,57,54,537,1609747074.537000,0,0,0,0,0,1,1,1,1,
2021,1,4,17,57,54,654,1609747074.654000,0,0,0,0,0,1,1,1,1,
2021,1,4,17,57,54,773,1609747074.773000,0,0,0,0,0,1,1,1,1,
2021,1,4,17,57,54,890,1609747074.890000,0,0,0,0,0,1,1,1,1,
2021,1,4,17,57,55,13,1609747075.013000,0,0,0,0,0,1,1,1,1,
2021,1,4,17,57,55,126,1609747075.126000,0,0,0,0,0,1,1,1,1,
2021,1,4,17,57,55,246,1609747075.246000,0,0,0,0,0,1,1,1,1,
2021,1,4,17,57,55,364,1609747075.364000,0,0,0,0,0,1,1,1,1,
2021,1,4,17,57,55,479,1609747075.479000,0,0,0,0,0,1,1,1,1,
2021,1,4,17,57,55,591,1609747075.591000,0,0,0,0,0,1,1,1,1,
2021,1,4,17,57,55,707,1609747075.707000,0,0,0,0,0,1,1,1,1,
2021,1,4,17,57,55,823,1609747075.823000,0,0,0,0,0,1,1,1,1,
2021,1,4,17,57,55,945,1609747075.945000,0,0,0,0,0,1,1,1,1,
2021,1,4,17,57,56,64,1609747076.064000,0,0,0,0,0,1,1,1,1,
2021,1,4,17,57,56,179,1609747076.179000,0,0,0,0,0,1,1,1,1,
2021,1,4,17,57,56,298,1609747076.298000,0,0,0,0,0,1,1,1,1,
2021,1,4,17,57,56,414,1609747076.414000,0,0,0,0,0,1,1,1,1,
2021,1,4,17,57,56,528,1609747076.528000,0,0,0,0,0,1,1,1,1,
2021,1,4,17,57,56,641,1609747076.641000,0,0,0,0,0,1,1,1,1,
2021,1,4,17,57,56,761,1609747076.761000,0,0,0,0,0,1,1,1,1,
2021,1,4,17,57,56,875,1609747076.875000,0,0,0,0,0,1,1,1,1,
2021,1,4,17,57,56,989,1609747076.989000,0,0,0,0,0,1,1,1,1,
2021,1,4,17,57,57,108,1609747077.108000,0,0,0,0,0,1,1,1,1,
2021,1,4,17,57,57,220,1609747077.220000,0,0,0,0,0,1,1,1,1,
2021,1,4,17,57,57,332,1609747077.332000,0,0,0,0,0,1,1,1,1,
2021,1,4,17,57,57,445,1609747077.445000,0,0,0,0,0,1,1,1,1,
2021,1,4,17,57,57,560,1609747077.560000,0,0,0,0,0,1,1,1,1,
2021,1,4,17,57,57,676,1609747077.676000,0,0,0,0,0,1,1,1,1,
2021,1,4,17,57,57,799,1609747077.799000,0,0,0,0,0,1,1,1,1,
2021,1,4,17,57,57,911,1609747077.911000,0,0,0,0,0,1,1,1,1,
2021,1,4,17,57,58,32,1609747078.032000,0,0,0,0,0,1,1,1,1,
2021,1,4,17,57,58,153,1609747078.153000,0,0,0,0,0,1,1,1,1,
2021,1,4,17,57,58,268,1609747078.268000,0,0,0,0,0,1,1,1,1,
2021,1,4,17,57,58,383,1609747078.383000,0,0,0,0,0,1,1,1,1,
2021,1,4,17,57,58,504,1609747078.504000,0,0,0,0,0,1,1,1,1,
2021,1,4,17,57,58,622,1609747078.622000,0,0,0,0,0,1,1,1,1,
2021,1,4,17,57,58,744,1609747078.744000,0,0,0,0,0,1,1,1,1,
2021,1,4,17,57,58,870,1609747078.870000,0,0,0,0,0,1,1,1,1,
2021,1,4,17,57,58,985,1609747078.985000,0,0,0,0,0,1,1,1,1,
2021,1,4,17,57,59,101,1609747079.101000,0,0,0,0,0,1,1,1,1,
2021,1,4,17,57,59,216,1609747079.216000,0,0,0,0,0,1,1,1,1,
2021,1,4,17,57,59,341,1609747079.341000,0,0,0,0,0,1,1,1,1,
2021,1,4,17,57,59,470,1609747079.470000,0,0,0,0,0,1,1,1,1,
2021,1,4,17,57,59,586,1609747079.586000,0,0,0,0,0,1,1,1,1,
2021,1,4,17,57,59,705,1609747079.705000,0,0,0,0,0,1,1,1,1,
2021,1,4,17,57,59,829,1609747079.829000,0,0,0,0,0,1,1,1,1,
2021,1,4,17,57,59,958,1609747079.958000,0,0,0,0,0,1,1,1,1,
2021,1,4,17,58,0,76,1609747080.076000,0,0,0,0,0,1,1,1,1,
2021,1,4,17,58,0,203,1609747080.203000,0,0,0,0,0,1,1,1,1,
2021,1,4,17,58,0,323,1609747080.323000,0,0,0,0,0,1,1,1,1,
2021,1,4,17,58,0,439,1609747080.439000,0,0,0,0,0,1,1,1,1,
2021,1,4,17,58,0,561,1609747080.561000,0,0,0,0,0,1,1,1,1,
2021,1,4,17,58,0,678,1609747080.678000,0,0,0,0,0,1,1,1,1,
2021,1,4,17,58,0,797,1609747080.797000,0,0,0,0,0,1,1,1,1,
2021,1,4,17,58,0,908,1609747080.908000,0,0,0,0,0,1,1,1,1,
2021,1,4,17,58,1,22,1609747081.022000,0,0,0,0,0,1,1,1,1,
2021,1,4,17,58,1,140,1609747081.140000,0,0,0,0,0,1,1,1,1,
2021,1,4,17,58,1,256,1609747081.256000,0,0,0,0,0,1,1,1,1,
2021,1,4,17,58,1,378,1609747081.378000,0,0,0,0,0,1,1,1,1,
2021,1,4,17,58,1,505,1609747081.505000,0,0,0,0,0,1,1,1,1,
2021,1,4,17,58,1,622,1609747081.622000,0,0,0,0,0,1,1,1,1,
2021,1,4,17,58,1,739,1609747081.739000,0,0,0,0,0,1,1,1,1,
2021,1,4,17,58,1,856,1609747081.856000,0,0,0,0,0,1,1,1,1,
2021,1,4,17,58,1,976,1609747081.976000,0,0,0,0,0,1,1,1,1,
2021,1,4,17,58,2,92,1609747082.092000,0,0,0,0,0,1,1,1,1,
2021,1,4,17,58,2,209,1609747082.209000,0,0,0,0,0,1,1,1,1,
2021,1,4,17,58,2,323,1609747082.323000,0,0,0,0,0,1,1,1,1,
2021,1,4,17,58,2,442,1609747082.442000,0,0,0,0,0,1,1,1,1,
2021,1,4,17,58,2,556,1609747082.556000,0,0,0,0,0,1,1,1,1,
2021,1,4,17,58,2,678,1609747082.678000,0,0,0,0,0,1,1,1,1,
2021,1,4,17,58,2,799,1609747082.799000,0,0,0,0,0,1,1,1,1,
2021,1,4,17,58,2,923,1609747082.923000,0,0,0,0,0,1,1,1,1,
2021,1,4,17,58,3,43,1609747083.043000,0,0,0,0,0,1,1,1,1,
2021,1,4,17,58,3,164,1609747083.164000,0,0,0,0,0,1,1,1,1,
2021,1,4,17,58,3,278,1609747083.278000,0,0,0,0,0,1,1,1,1,
2021,1,4,17,58,3,401,1609747083.401000,0,0,0,0,0,1,1,1,1,
2021,1,4,17,58,3,517,1609747083.517000,0,0,0,0,0,1,1,1,1,
2021,1,4,17,58,3,629,1609747083.629000,0,0,0,0,0,1,1,1,1,
2021,1,4,17,58,3,744,1609747083.744000,0,0,0,0,0,1,1,1,1,
2021,1,4,17,58,3,864,1609747083.864000,0,0,0,0,0,1,1,1,1,
2021,1,4,17,58,3,982,1609747083.982000,0,0,0,0,0,1,1,1,1,
2021,1,4,17,58,4,100,1609747084.100000,0,0,0,0,0,1,1,1,1,
2021,1,4,17,58,4,215,1609747084.215000,0,0,0,0,0,1,1,1,1,
2021,1,4,17,58,4,334,1609747084.334000,0,0,0,0,0,1,1,1,1,
2021,1,4,17,58,4,452,1609747084.452000,0,0,0,0,0,1,1,1,1,
2021,1,4,17,58,4,568,1609747084.568000,0,0,0,0,0,1,1,1,1,
2021,1,4,17,58,4,688,1609747084.688000,0,0,0,0,0,1,1,1,1,
2021,1,4,17,58,4,811,1609747084.811000,0,0,0,0,0,1,1,1,1,
2021,1,4,17,58,4,929,1609747084.929000,0,0,0,0,0,1,1,1,1,
2021,1,4,17,58,5,46,1609747085.046000,0,0,0,0,0,1,1,1,1,
2021,1,4,17,58,5,159,1609747085.159000,0,0,0,0,0,1,1,1,1,
2021,1,4,17,58,5,274,1609747085.274000,0,0,0,0,0,1,1,1,1,
2021,1,4,17,58,5,394,1609747085.394000,0,0,0,0,0,1,1,1,1,
2021,1,4,17,58,5,508,1609747085.508000,0,0,0,0,0,1,1,1,1,
2021,1,4,17,58,5,627,1609747085.627000,0,0,0,0,0,1,1,1,1,
2021,1,4,17,58,5,746,1609747085.746000,0,0,0,0,0,1,1,1,1,
2021,1,4,17,58,5,864,1609747085.864000,0,0,0,0,0,1,1,1,1,
2021,1,4,17,58,5,976,1609747085.976000,0,0,0,0,0,1,1,1,1,
2021,1,4,17,58,6,93,1609747086.093000,0,0,0,0,0,1,1,1,1,
2021,1,4,17,58,6,207,1609747086.207000,0,0,0,0,0,1,1,1,1,
2021,1,4,17,58,6,324,1609747086.324000,0,0,0,0,0,1,1,1,1,
2021,1,4,17,58,6,438,1609747086.438000,0,0,0,0,0,1,1,1,1,
2021,1,4,17,58,6,552,1609747086.552000,0,0,0,0,0,1,1,1,1,
2021,1,4,17,58,6,666,1609747086.666000,0,0,0,0,0,1,1,1,1,
2021,1,4,17,58,6,788,1609747086.788000,0,0,0,0,0,1,1,1,1,
2021,1,4,17,58,6,907,1609747086.907000,0,0,0,0,0,1,1,1,1,
2021,1,4,17,58,7,25,1609747087.025000,0,0,0,0,0,1,1,1,1,
2021,1,4,17,58,7,138,1609747087.138000,0,0,0,0,0,1,1,1,1,
2021,1,4,17,58,7,251,1609747087.251000,0,0,0,0,0,1,1,1,1,
2021,1,4,17,58,7,370,1609747087.370000,0,0,0,0,0,1,1,1,1,
2021,1,4,17,58,7,487,1609747087.487000,0,0,0,0,0,1,1,1,1,
2021,1,4,17,58,7,607,1609747087.607000,0,0,0,0,0,1,1,1,1,
2021,1,4,17,58,7,723,1609747087.723000,0,0,0,0,0,1,1,1,1,
2021,1,4,17,58,7,835,1609747087.835000,0,0,0,0,0,1,1,1,1,
2021,1,4,17,58,7,949,1609747087.949000,0,0,0,0,0,1,1,1,1,
2021,1,4,17,58,8,73,1609747088.073000,0,0,0,0,0,1,1,1,1,
2021,1,4,17,58,8,193,1609747088.193000,0,0,0,0,0,1,1,1,1,
2021,1,4,17,58,8,311,1609747088.311000,0,0,0,0,0,1,1,1,1,
2021,1,4,17,58,8,426,1609747088.426000,0,0,0,0,0,1,1,1,1,
2021,1,4,17,58,8,540,1609747088.540000,0,0,0,0,0,1,1,1,1,
2021,1,4,17,58,8,656,1609747088.656000,0,0,0,0,0,1,1,1,1,
2021,1,4,17,58,8,773,1609747088.773000,0,0,0,0,0,1,1,1,1,
2021,1,4,17,58,8,886,1609747088.886000,0,0,0,0,0,1,1,1,1,
2021,1,4,17,58,9,5,1609747089.005000,0,0,0,0,0,1,1,1,1,
2021,1,4,17,58,9,124,1609747089.124000,0,0,0,0,0,1,1,1,1,
2021,1,4,17,58,9,239,1609747089.239000,0,0,0,0,0,1,1,1,1,
2021,1,4,17,58,9,353,1609747089.353000,0,0,0,0,0,1,1,1,1,
2021,1,4,17,58,9,469,1609747089.469000,0,0,0,0,0,1,1,1,1,
2021,1,4,17,58,9,581,1609747089.581000,0,0,0,0,0,1,1,1,1,
2021,1,4,17,58,9,695,1609747089.695000,0,0,0,0,0,1,1,1,1,
2021,1,4,17,58,9,812,1609747089.812000,0,0,0,0,0,1,1,1,1,
2021,1,4,17,58,9,926,1609747089.926000,0,0,0,0,0,1,1,1,1,
2021,1,4,17,58,10,46,1609747090.046000,0,0,0,0,0,1,1,1,1,
2021,1,4,17,58,10,163,1609747090.163000,0,0,0,0,0,1,1,1,1,
2021,1,4,17,58,10,277,1609747090.277000,0,0,0,0,0,1,1,1,1,
2021,1,4,17,58,10,389,1609747090.389000,0,0,0,0,0,1,1,1,1,
2021,1,4,17,58,10,502,1609747090.502000,0,0,0,0,0,1,1,1,1,
2021,1,4,17,58,10,625,1609747090.625000,0,0,0,0,0,1,1,1,1,
2021,1,4,17,58,10,743,1609747090.743000,0,0,0,0,0,1,1,1,1,
2021,1,4,17,58,10,857,1609747090.857000,0,0,0,0,0,1,1,1,1,
2021,1,4,17,58,10,971,1609747090.971000,0,0,0,0,0,1,1,1,1,
2021,1,4,17,58,11,83,1609747091.083000,0,0,0,0,0,1,1,1,1,
2021,1,4,17,58,11,198,1609747091.198000,0,0,0,0,0,1,1,1,1,
2021,1,4,17,58,11,319,1609747091.319000,0,0,0,0,0,1,1,1,1,
2021,1,4,17,58,11,436,1609747091.436000,0,0,0,0,0,1,1,1,1,
2021,1,4,17,58,11,550,1609747091.550000,0,0,0,0,0,1,1,1,1,
2021,1,4,17,58,11,662,1609747091.662000,0,0,0,0,0,1,1,1,1,
2021,1,4,17,58,11,782,1609747091.782000,0,0,0,0,0,1,1,1,1,
2021,1,4,17,58,11,896,1609747091.896000,0,0,0,0,0,1,1,1,1,
2021,1,4,17,58,12,18,1609747092.018000,0,0,0,0,0,1,1,1,1,
2021,1,4,17,58,12,131,1609747092.131000,0,0,0,0,0,1,1,1,1,
2021,1,4,17,58,12,245,1609747092.245000,0,0,0,0,0,1,1,1,1,
2021,1,4,17,58,12,365,1609747092.365000,0,0,0,0,0,1,1,1,1,
2021,1,4,17,58,12,483,1609747092.483000,0,0,0,0,0,1,1,1,1,
2021,1,4,17,58,12,603,1609747092.603000,0,0,0,0,0,1,1,1,1,
2021,1,4,17,58,12,718,1609747092.718000,0,0,0,0,0,1,1,1,1,
2021,1,4,17,58,12,834,1609747092.834000,0,0,0,0,0,1,1,1,1,
2021,1,4,17,58,12,952,1609747092.952000,0,0,0,0,0,1,1,1,1,
2021,1,4,17,58,13,73,1609747093.073000,0,0,0,0,0,1,1,1,1,
2021,1,4,17,58,13,185,1609747093.185000,0,0,0,0,0,1,1,1,1,
2021,1,4,17,58,13,307,1609747093.307000,0,0,0,0,0,1,1,1,1,
2021,1,4,17,58,13,422,1609747093.422000,0,0,0,0,0,1,1,1,1,
2021,1,4,17,58,13,543,1609747093.543000,0,0,0,0,0,1,1,1,1,
2021,1,4,17,58,13,656,1609747093.656000,0,0,0,0,0,1,1,1,1,
2021,1,4,17,58,13,768,1609747093.768000,0,0,0,0,0,1,1,1,1,
2021,1,4,17,58,13,884,1609747093.884000,0,0,0,0,0,1,1,1,1,
2021,1,4,17,58,14,1,1609747094.001000,0,0,0,0,0,1,1,1,1,
2021,1,4,17,58,14,118,1609747094.118000,0,0,0,0,0,1,1,1,1,
2021,1,4,17,58,14,234,1609747094.234000,0,0,0,0,0,1,1,1,1,
2021,1,4,17,58,14,353,1609747094.353000,0,0,0,0,0,1,1,1,1,
2021,1,4,17,58,14,479,1609747094.479000,0,0,0,0,0,1,1,1,1,
2021,1,4,17,58,14,597,1609747094.597000,0,0,0,0,0,1,1,1,1,
2021,1,4,17,58,14,717,1609747094.717000,0,0,0,0,0,1,1,1,1,
2021,1,4,17,58,14,833,1609747094.833000,0,0,0,0,0,1,1,1,1,
2021,1,4,17,58,14,948,1609747094.948000,0,0,0,0,0,1,1,1,1,
2021,1,4,17,58,15,71,1609747095.071000,0,0,0,0,0,1,1,1,1,
2021,1,4,17,58,15,188,1609747095.188000,0,0,0,0,0,1,1,1,1,
2021,1,4,17,58,15,306,1609747095.306000,0,0,0,0,0,1,1,1,1,
2021,1,4,17,58,15,426,1609747095.426000,0,0,0,0,0,1,1,1,1,
2021,1,4,17,58,15,543,1609747095.543000,0,0,0,0,0,1,1,1,1,
2021,1,4,17,58,15,657,1609747095.657000,0,0,0,0,0,1,1,1,1,
2021,1,4,17,58,15,775,1609747095.775000,0,0,0,0,0,1,1,1,1,
2021,1,4,17,58,15,892,1609747095.892000,0,0,0,0,0,1,1,1,1,
2021,1,4,17,58,16,13,1609747096.013000,0,0,0,0,0,1,1,1,1,
2021,1,4,17,58,16,135,1609747096.135000,0,0,0,0,0,1,1,1,1,
2021,1,4,17,58,16,253,1609747096.253000,0,0,0,0,0,1,1,1,1,
2021,1,4,17,58,16,371,1609747096.371000,0,0,0,0,0,1,1,1,1,
2021,1,4,17,58,16,487,1609747096.487000,0,0,0,0,0,1,1,1,1,
2021,1,4,17,58,16,603,1609747096.603000,0,0,0,0,0,1,1,1,1,
2021,1,4,17,58,16,717,1609747096.717000,0,0,0,0,0,1,1,1,1,
2021,1,4,17,58,16,836,1609747096.836000,0,0,0,0,0,1,1,1,1,
2021,1,4,17,58,16,959,1609747096.959000,0,0,0,0,0,1,1,1,1,
2021,1,4,17,58,17,77,1609747097.077000,0,0,0,0,0,1,1,1,1,
2021,1,4,17,58,17,195,1609747097.195000,0,0,0,0,0,1,1,1,1,
2021,1,4,17,58,17,310,1609747097.310000,0,0,0,0,0,1,1,1,1,
2021,1,4,17,58,17,427,1609747097.427000,0,0,0,0,0,1,1,1,1,
2021,1,4,17,58,17,541,1609747097.541000,0,0,0,0,0,1,1,1,1,
2021,1,4,17,58,17,660,1609747097.660000,0,0,0,0,0,1,1,1,1,
2021,1,4,17,58,17,781,1609747097.781000,0,0,0,0,0,1,1,1,1,
2021,1,4,17,58,17,895,1609747097.895000,0,0,0,0,0,1,1,1,1,
2021,1,4,17,58,18,12,1609747098.012000,0,0,0,0,0,1,1,1,1,
2021,1,4,17,58,18,125,1609747098.125000,0,0,0,0,0,1,1,1,1,
2021,1,4,17,58,18,239,1609747098.239000,0,0,0,0,0,1,1,1,1,
2021,1,4,17,58,18,358,1609747098.358000,0,0,0,0,0,1,1,1,1,
2021,1,4,17,58,18,474,1609747098.474000,0,0,0,0,0,1,1,1,1,
2021,1,4,17,58,18,589,1609747098.589000,0,0,0,0,0,1,1,1,1,
2021,1,4,17,58,18,703,1609747098.703000,0,0,0,0,0,1,1,1,1,
2021,1,4,17,58,18,816,1609747098.816000,0,0,0,0,0,1,1,1,1,
2021,1,4,17,58,18,934,1609747098.934000,0,0,0,0,0,1,1,1,1,
2021,1,4,17,58,19,51,1609747099.051000,0,0,0,0,0,1,1,1,1,
2021,1,4,17,58,19,164,1609747099.164000,0,0,0,0,0,1,1,1,1,
2021,1,4,17,58,19,278,1609747099.278000,0,0,0,0,0,1,1,1,1,
2021,1,4,17,58,19,397,1609747099.397000,0,0,0,0,0,1,1,1,1,
2021,1,4,17,58,19,512,1609747099.512000,0,0,0,0,0,1,1,1,1,
2021,1,4,17,58,19,627,1609747099.627000,0,0,0,0,0,1,1,1,1,
2021,1,4,17,58,19,746,1609747099.746000,0,0,0,0,0,1,1,1,1,
2021,1,4,17,58,19,858,1609747099.858000,0,0,0,0,0,1,1,1,1,
2021,1,4,17,58,19,977,1609747099.977000,0,0,0,0,0,1,1,1,1,
2021,1,4,17,58,20,93,1609747100.093000,0,0,0,0,0,1,1,1,1,
2021,1,4,17,58,20,207,1609747100.207000,0,0,0,0,0,1,1,1,1,
2021,1,4,17,58,20,320,1609747100.320000,0,0,0,0,0,1,1,1,1,
2021,1,4,17,58,20,443,1609747100.443000,0,0,0,0,0,1,1,1,1,
2021,1,4,17,58,20,561,1609747100.561000,0,0,0,0,0,1,1,1,1,
2021,1,4,17,58,20,676,1609747100.676000,0,0,0,0,0,1,1,1,1,
2021,1,4,17,58,20,788,1609747100.788000,0,0,0,0,0,1,1,1,1,
2021,1,4,17,58,20,901,1609747100.901000,0,0,0,0,0,1,1,1,1,
2021,1,4,17,58,21,23,1609747101.023000,0,0,0,0,0,1,1,1,1,
2021,1,4,17,58,21,140,1609747101.140000,0,0,0,0,0,1,1,1,1,
2021,1,4,17,58,21,258,1609747101.258000,0,0,0,0,0,1,1,1,1,
2021,1,4,17,58,21,375,1609747101.375000,0,0,0,0,0,1,1,1,1,
2021,1,4,17,58,21,492,1609747101.492000,0,0,0,0,0,1,1,1,1,
2021,1,4,17,58,21,608,1609747101.608000,0,0,0,0,0,1,1,1,1,
2021,1,4,17,58,21,723,1609747101.723000,0,0,0,0,0,1,1,1,1,
2021,1,4,17,58,21,841,1609747101.841000,0,0,0,0,0,1,1,1,1,
2021,1,4,17,58,21,960,1609747101.960000,0,0,0,0,0,1,1,1,1,
2021,1,4,17,58,22,79,1609747102.079000,0,0,0,0,0,1,1,1,1,
2021,1,4,17,58,22,194,1609747102.194000,0,0,0,0,0,1,1,1,1,
2021,1,4,17,58,22,310,1609747102.310000,0,0,0,0,0,1,1,1,1,
2021,1,4,17,58,22,426,1609747102.426000,0,0,0,0,0,1,1,1,1,
2021,1,4,17,58,22,543,1609747102.543000,0,0,0,0,0,1,1,1,1,
2021,1,4,17,58,22,656,1609747102.656000,0,0,0,0,0,1,1,1,1,
2021,1,4,17,58,22,771,1609747102.771000,0,0,0,0,0,1,1,1,1,
2021,1,4,17,58,22,887,1609747102.887000,0,0,0,0,0,1,1,1,1,
2021,1,4,17,58,23,1,1609747103.001000,0,0,0,0,0,1,1,1,1,
2021,1,4,17,58,23,114,1609747103.114000,0,0,0,0,0,1,1,1,1,
2021,1,4,17,58,23,227,1609747103.227000,0,0,0,0,0,1,1,1,1,
2021,1,4,17,58,23,340,1609747103.340000,0,0,0,0,0,1,1,1,1,
2021,1,4,17,58,23,461,1609747103.461000,0,0,0,0,0,1,1,1,1,
2021,1,4,17,58,23,576,1609747103.576000,0,0,0,0,0,1,1,1,1,
2021,1,4,17,58,23,689,1609747103.689000,0,0,0,0,0,1,1,1,1,
2021,1,4,17,58,23,801,1609747103.801000,0,0,0,0,0,1,1,1,1,
2021,1,4,17,58,23,915,1609747103.915000,0,0,0,0,0,1,1,1,1,
2021,1,4,17,58,24,37,1609747104.037000,0,0,0,0,0,1,1,1,1,
2021,1,4,17,58,24,149,1609747104.149000,0,0,0,0,0,1,1,1,1,
2021,1,4,17,58,24,263,1609747104.263000,0,0,0,0,0,1,1,1,1,
2021,1,4,17,58,24,385,1609747104.385000,0,0,0,0,0,1,1,1,1,
2021,1,4,17,58,24,501,1609747104.501000,0,0,0,0,0,1,1,1,1,
2021,1,4,17,58,24,616,1609747104.616000,0,0,0,0,0,1,1,1,1,
2021,1,4,17,58,24,732,1609747104.732000,0,0,0,0,0,1,1,1,1,
2021,1,4,17,58,24,846,1609747104.846000,0,0,0,0,0,1,1,1,1,
2021,1,4,17,58,24,965,1609747104.965000,0,0,0,0,0,1,1,1,1,
2021,1,4,17,58,25,81,1609747105.081000,0,0,0,0,0,1,1,1,1,
2021,1,4,17,58,25,193,1609747105.193000,0,0,0,0,0,1,1,1,1,
2021,1,4,17,58,25,306,1609747105.306000,0,0,0,0,0,1,1,1,1,
2021,1,4,17,58,25,425,1609747105.425000,0,0,0,0,0,1,1,1,1,
2021,1,4,17,58,25,543,1609747105.543000,0,0,0,0,0,1,1,1,1,
2021,1,4,17,58,25,663,1609747105.663000,0,0,0,0,0,1,1,1,1,
2021,1,4,17,58,25,779,1609747105.779000,0,0,0,0,0,1,1,1,1,
2021,1,4,17,58,25,894,1609747105.894000,0,0,0,0,0,1,1,1,1,
2021,1,4,17,58,26,10,1609747106.010000,0,0,0,0,0,1,1,1,1,
2021,1,4,17,58,26,128,1609747106.128000,0,0,0,0,0,1,1,1,1,
2021,1,4,17,58,26,240,1609747106.240000,0,0,0,0,0,1,1,1,1,
2021,1,4,17,58,26,353,1609747106.353000,0,0,0,0,0,1,1,1,1,
2021,1,4,17,58,26,479,1609747106.479000,0,0,0,0,0,1,1,1,1,
2021,1,4,17,58,26,595,1609747106.595000,0,0,0,0,0,1,1,1,1,
2021,1,4,17,58,26,707,1609747106.707000,0,0,0,0,0,1,1,1,1,
2021,1,4,17,58,26,825,1609747106.825000,0,0,0,0,0,1,1,1,1,
2021,1,4,17,58,26,943,1609747106.943000,0,0,0,0,0,1,1,1,1,
2021,1,4,17,58,27,58,1609747107.058000,0,0,0,0,0,1,1,1,1,
2021,1,4,17,58,27,176,1609747107.176000,0,0,0,0,0,1,1,1,1,
2021,1,4,17,58,27,298,1609747107.298000,0,0,0,0,0,1,1,1,1,
2021,1,4,17,58,27,412,1609747107.412000,0,0,0,0,0,1,1,1,1,
2021,1,4,17,58,27,526,1609747107.526000,0,0,0,0,0,1,1,1,1,
2021,1,4,17,58,27,642,1609747107.642000,0,0,0,0,0,1,1,1,1,
2021,1,4,17,58,27,755,1609747107.755000,0,0,0,0,0,1,1,1,1,
2021,1,4,17,58,27,868,1609747107.868000,0,0,0,0,0,1,1,1,1,
2021,1,4,17,58,27,987,1609747107.987000,0,0,0,0,0,1,1,1,1,
2021,1,4,17,58,28,100,1609747108.100000,0,0,0,0,0,1,1,1,1,
2021,1,4,17,58,28,216,1609747108.216000,0,0,0,0,0,1,1,1,1,
2021,1,4,17,58,28,329,1609747108.329000,0,0,0,0,0,1,1,1,1,
2021,1,4,17,58,28,445,1609747108.445000,0,0,0,0,0,1,1,1,1,
2021,1,4,17,58,28,561,1609747108.561000,0,0,0,0,0,1,1,1,1,
2021,1,4,17,58,28,674,1609747108.674000,0,0,0,0,0,1,1,1,1,
2021,1,4,17,58,28,789,1609747108.789000,0,0,0,0,0,1,1,1,1,
2021,1,4,17,58,28,909,1609747108.909000,0,0,0,0,0,1,1,1,1,
2021,1,4,17,58,29,30,1609747109.030000,0,0,0,0,0,1,1,1,1,
2021,1,4,17,58,29,143,1609747109.143000,0,0,0,0,0,1,1,1,1,
2021,1,4,17,58,29,255,1609747109.255000,0,0,0,0,0,1,1,1,1,
2021,1,4,17,58,29,369,1609747109.369000,0,0,0,0,0,1,1,1,1,
2021,1,4,17,58,29,487,1609747109.487000,0,0,0,0,0,1,1,1,1,
2021,1,4,17,58,29,609,1609747109.609000,0,0,0,0,0,1,1,1,1,
2021,1,4,17,58,29,730,1609747109.730000,0,0,0,0,0,1,1,1,1,
2021,1,4,17,58,29,854,1609747109.854000,0,0,0,0,0,1,1,1,1,
2021,1,4,17,58,29,971,1609747109.971000,0,0,0,0,0,1,1,1,1,
2021,1,4,17,58,30,95,1609747110.095000,0,0,0,0,0,1,1,1,1,
2021,1,4,17,58,30,211,1609747110.211000,0,0,0,0,0,1,1,1,1,
2021,1,4,17,58,30,331,1609747110.331000,0,0,0,0,0,1,1,1,1,
2021,1,4,17,58,30,445,1609747110.445000,0,0,0,0,0,1,1,1,1,
2021,1,4,17,58,30,561,1609747110.561000,0,0,0,0,0,1,1,1,1,
2021,1,4,17,58,30,683,1609747110.683000,0,0,0,0,0,1,1,1,1,
2021,1,4,17,58,30,806,1609747110.806000,0,0,0,0,0,1,1,1,1,
2021,1,4,17,58,30,918,1609747110.918000,0,0,0,0,0,1,1,1,1,
2021,1,4,17,58,31,37,1609747111.037000,0,0,0,0,0,1,1,1,1,
2021,1,4,17,58,31,155,1609747111.155000,0,0,0,0,0,1,1,1,1,
2021,1,4,17,58,31,271,1609747111.271000,0,0,0,0,0,1,1,1,1,
2021,1,4,17,58,31,389,1609747111.389000,0,0,0,0,0,1,1,1,1,
2021,1,4,17,58,31,511,1609747111.511000,0,0,0,0,0,1,1,1,1,
2021,1,4,17,58,31,623,1609747111.623000,0,0,0,0,0,1,1,1,1,
2021,1,4,17,58,31,743,1609747111.743000,0,0,0,0,0,1,1,1,1,
2021,1,4,17,58,31,856,1609747111.856000,0,0,0,0,0,1,1,1,1,
2021,1,4,17,58,31,974,1609747111.974000,0,0,0,0,0,1,1,1,1,
2021,1,4,17,58,32,94,1609747112.094000,0,0,0,0,0,1,1,1,1,
2021,1,4,17,58,32,212,1609747112.212000,0,0,0,0,0,1,1,1,1,
2021,1,4,17,58,32,335,1609747112.335000,0,0,0,0,0,1,1,1,1,
2021,1,4,17,58,32,458,1609747112.458000,0,0,0,0,0,1,1,1,1,
2021,1,4,17,58,32,572,1609747112.572000,0,0,0,0,0,1,1,1,1,
2021,1,4,17,58,32,693,1609747112.693000,0,0,0,0,0,1,1,1,1,
2021,1,4,17,58,32,814,1609747112.814000,0,0,0,0,0,1,1,1,1,
2021,1,4,17,58,32,929,1609747112.929000,0,0,0,0,0,1,1,1,1,
2021,1,4,17,58,33,46,1609747113.046000,0,0,0,0,0,1,1,1,1,
2021,1,4,17,58,33,160,1609747113.160000,0,0,0,0,0,1,1,1,1,
2021,1,4,17,58,33,279,1609747113.279000,0,0,0,0,0,1,1,1,1,
2021,1,4,17,58,33,393,1609747113.393000,0,0,0,0,0,1,1,1,1,
2021,1,4,17,58,33,509,1609747113.509000,0,0,0,0,0,1,1,1,1,
2021,1,4,17,58,33,626,1609747113.626000,0,0,0,0,0,1,1,1,1,
2021,1,4,17,58,33,739,1609747113.739000,0,0,0,0,0,1,1,1,1,
2021,1,4,17,58,33,860,1609747113.860000,0,0,0,0,0,1,1,1,1,
2021,1,4,17,58,33,983,1609747113.983000,0,0,0,0,0,1,1,1,1,
2021,1,4,17,58,34,100,1609747114.100000,0,0,0,0,0,1,1,1,1,
2021,1,4,17,58,34,217,1609747114.217000,0,0,0,0,0,1,1,1,1,
2021,1,4,17,58,34,337,1609747114.337000,0,0,0,0,0,1,1,1,1,
2021,1,4,17,58,34,452,1609747114.452000,0,0,0,0,0,1,1,1,1,
2021,1,4,17,58,34,568,1609747114.568000,0,0,0,0,0,1,1,1,1,
2021,1,4,17,58,34,680,1609747114.680000,0,0,0,0,0,1,1,1,1,
2021,1,4,17,58,34,805,1609747114.805000,0,0,0,0,0,1,1,1,1,
2021,1,4,17,58,34,924,1609747114.924000,0,0,0,0,0,1,1,1,1,
2021,1,4,17,58,35,48,1609747115.048000,0,0,0,0,0,1,1,1,1,
2021,1,4,17,58,35,167,1609747115.167000,0,0,0,0,0,1,1,1,1,
2021,1,4,17,58,35,280,1609747115.280000,0,0,0,0,0,1,1,1,1,
2021,1,4,17,58,35,393,1609747115.393000,0,0,0,0,0,1,1,1,1,
2021,1,4,17,58,35,507,1609747115.507000,0,0,0,0,0,1,1,1,1,
2021,1,4,17,58,35,624,1609747115.624000,0,0,0,0,0,1,1,1,1,
2021,1,4,17,58,35,736,1609747115.736000,0,0,0,0,0,1,1,1,1,
2021,1,4,17,58,35,855,1609747115.855000,0,0,0,0,0,1,1,1,1,
2021,1,4,17,58,35,973,1609747115.973000,0,0,0,0,0,1,1,1,1,
2021,1,4,17,58,36,85,1609747116.085000,0,0,0,0,0,1,1,1,1,
2021,1,4,17,58,36,200,1609747116.200000,0,0,0,0,0,1,1,1,1,
2021,1,4,17,58,36,314,1609747116.314000,0,0,0,0,0,1,1,1,1,
2021,1,4,17,58,36,432,1609747116.432000,0,0,0,0,0,1,1,1,1,
2021,1,4,17,58,36,548,1609747116.548000,0,0,0,0,0,1,1,1,1,
2021,1,4,17,58,36,664,1609747116.664000,0,0,0,0,0,1,1,1,1,
2021,1,4,17,58,36,785,1609747116.785000,0,0,0,0,0,1,1,1,1,
2021,1,4,17,58,36,900,1609747116.900000,0,0,0,0,0,1,1,1,1,
2021,1,4,17,58,37,20,1609747117.020000,0,0,0,0,0,1,1,1,1,
2021,1,4,17,58,37,142,1609747117.142000,0,0,0,0,0,1,1,1,1,
2021,1,4,17,58,37,258,1609747117.258000,0,0,0,0,0,1,1,1,1,
2021,1,4,17,58,37,372,1609747117.372000,0,0,0,0,0,1,1,1,1,
2021,1,4,17,58,37,493,1609747117.493000,0,0,0,0,0,1,1,1,1,
2021,1,4,17,58,37,611,1609747117.611000,0,0,0,0,0,1,1,1,1,
2021,1,4,17,58,37,735,1609747117.735000,0,0,0,0,0,1,1,1,1,
2021,1,4,17,58,37,852,1609747117.852000,0,0,0,0,0,1,1,1,1,
2021,1,4,17,58,37,968,1609747117.968000,0,0,0,0,0,1,1,1,1,
2021,1,4,17,58,38,90,1609747118.090000,0,0,0,0,0,1,1,1,1,
2021,1,4,17,58,38,207,1609747118.207000,0,0,0,0,0,1,1,1,1,
2021,1,4,17,58,38,326,1609747118.326000,0,0,0,0,0,1,1,1,1,
2021,1,4,17,58,38,445,1609747118.445000,0,0,0,0,0,1,1,1,1,
2021,1,4,17,58,38,565,1609747118.565000,0,0,0,0,0,1,1,1,1,
2021,1,4,17,58,38,686,1609747118.686000,0,0,0,0,0,1,1,1,1,
2021,1,4,17,58,38,803,1609747118.803000,0,0,0,0,0,1,1,1,1,
2021,1,4,17,58,38,919,1609747118.919000,0,0,0,0,0,1,1,1,1,
2021,1,4,17,58,39,34,1609747119.034000,0,0,0,0,0,1,1,1,1,
2021,1,4,17,58,39,152,1609747119.152000,0,0,0,0,0,1,1,1,1,
2021,1,4,17,58,39,266,1609747119.266000,0,0,0,0,0,1,1,1,1,
2021,1,4,17,58,39,381,1609747119.381000,0,0,0,0,0,1,1,1,1,
2021,1,4,17,58,39,502,1609747119.502000,0,0,0,0,0,1,1,1,1,
2021,1,4,17,58,39,623,1609747119.623000,0,0,0,0,0,1,1,1,1,
2021,1,4,17,58,39,743,1609747119.743000,0,0,0,0,0,1,1,1,1,
2021,1,4,17,58,39,859,1609747119.859000,0,0,0,0,0,1,1,1,1,
2021,1,4,17,58,39,976,1609747119.976000,0,0,0,0,0,1,1,1,1,
2021,1,4,17,58,40,97,1609747120.097000,0,0,0,0,0,1,1,1,1,
2021,1,4,17,58,40,212,1609747120.212000,0,0,0,0,0,1,1,1,1,
2021,1,4,17,58,40,336,1609747120.336000,0,0,0,0,0,1,1,1,1,
2021,1,4,17,58,40,455,1609747120.455000,0,0,0,0,0,1,1,1,1,
2021,1,4,17,58,40,572,1609747120.572000,0,0,0,0,0,1,1,1,1,
2021,1,4,17,58,40,686,1609747120.686000,0,0,0,0,0,1,1,1,1,
2021,1,4,17,58,40,806,1609747120.806000,0,0,0,0,0,1,1,1,1,
2021,1,4,17,58,40,922,1609747120.922000,0,0,0,0,0,1,1,1,1,
2021,1,4,17,58,41,42,1609747121.042000,0,0,0,0,0,1,1,1,1,
2021,1,4,17,58,41,168,1609747121.168000,0,0,0,0,0,1,1,1,1,
2021,1,4,17,58,41,282,1609747121.282000,0,0,0,0,0,1,1,1,1,
2021,1,4,17,58,41,400,1609747121.400000,0,0,0,0,0,1,1,1,1,
2021,1,4,17,58,41,520,1609747121.520000,0,0,0,0,0,1,1,1,1,
2021,1,4,17,58,41,639,1609747121.639000,0,0,0,0,0,1,1,1,1,
2021,1,4,17,58,41,755,1609747121.755000,0,0,0,0,0,1,1,1,1,
2021,1,4,17,58,41,870,1609747121.870000,0,0,0,0,0,1,1,1,1,
2021,1,4,17,58,41,986,1609747121.986000,0,0,0,0,0,1,1,1,1,
2021,1,4,17,58,42,108,1609747122.108000,0,0,0,0,0,1,1,1,1,
2021,1,4,17,58,42,228,1609747122.228000,0,0,0,0,0,1,1,1,1,
2021,1,4,17,58,42,344,1609747122.344000,0,0,0,0,0,1,1,1,1,
2021,1,4,17,58,42,463,1609747122.463000,0,0,0,0,0,1,1,1,1,
2021,1,4,17,58,42,581,1609747122.581000,0,0,0,0,0,1,1,1,1,
2021,1,4,17,58,42,697,1609747122.697000,0,0,0,0,0,1,1,1,1,
2021,1,4,17,58,42,813,1609747122.813000,0,0,0,0,0,1,1,1,1,
2021,1,4,17,58,42,933,1609747122.933000,0,0,0,0,0,1,1,1,1,
2021,1,4,17,58,43,59,1609747123.059000,0,0,0,0,0,1,1,1,1,
2021,1,4,17,58,43,175,1609747123.175000,0,0,0,0,0,1,1,1,1,
2021,1,4,17,58,43,290,1609747123.290000,0,0,0,0,0,1,1,1,1,
2021,1,4,17,58,43,415,1609747123.415000,0,0,0,0,0,1,1,1,1,
2021,1,4,17,58,43,530,1609747123.530000,0,0,0,0,0,1,1,1,1,
2021,1,4,17,58,43,650,1609747123.650000,0,0,0,0,0,1,1,1,1,
2021,1,4,17,58,43,767,1609747123.767000,0,0,0,0,0,1,1,1,1,
2021,1,4,17,58,43,890,1609747123.890000,0,0,0,0,0,1,1,1,1,
2021,1,4,17,58,44,5,1609747124.005000,0,0,0,0,0,1,1,1,1,
2021,1,4,17,58,44,124,1609747124.124000,0,0,0,0,0,1,1,1,1,
2021,1,4,17,58,44,243,1609747124.243000,0,0,0,0,0,1,1,1,1,
2021,1,4,17,58,44,362,1609747124.362000,0,0,0,0,0,1,1,1,1,
2021,1,4,17,58,44,485,1609747124.485000,0,0,0,0,0,1,1,1,1,
2021,1,4,17,58,44,601,1609747124.601000,0,0,0,0,0,1,1,1,1,
2021,1,4,17,58,44,714,1609747124.714000,0,0,0,0,0,1,1,1,1,
2021,1,4,17,58,44,833,1609747124.833000,0,0,0,0,0,1,1,1,1,
2021,1,4,17,58,44,958,1609747124.958000,0,0,0,0,0,1,1,1,1,
2021,1,4,17,58,45,77,1609747125.077000,0,0,0,0,0,1,1,1,1,
2021,1,4,17,58,45,194,1609747125.194000,0,0,0,0,0,1,1,1,1,
2021,1,4,17,58,45,309,1609747125.309000,0,0,0,0,0,1,1,1,1,
2021,1,4,17,58,45,424,1609747125.424000,0,0,0,0,0,1,1,1,1,
2021,1,4,17,58,45,545,1609747125.545000,0,0,0,0,0,1,1,1,1,
2021,1,4,17,58,45,665,1609747125.665000,0,0,0,0,0,1,1,1,1,
2021,1,4,17,58,45,782,1609747125.782000,0,0,0,0,0,1,1,1,1,
2021,1,4,17,58,45,895,1609747125.895000,0,0,0,0,0,1,1,1,1,
2021,1,4,17,58,46,9,1609747126.009000,0,0,0,0,0,1,1,1,1,
2021,1,4,17,58,46,130,1609747126.130000,0,0,0,0,0,1,1,1,1,
2021,1,4,17,58,46,256,1609747126.256000,0,0,0,0,0,1,1,1,1,
2021,1,4,17,58,46,377,1609747126.377000,0,0,0,0,0,1,1,1,1,
2021,1,4,17,58,46,494,1609747126.494000,0,0,0,0,0,1,1,1,1,
2021,1,4,17,58,46,611,1609747126.611000,0,0,0,0,0,1,1,1,1,
2021,1,4,17,58,46,727,1609747126.727000,0,0,0,0,0,1,1,1,1,
2021,1,4,17,58,46,840,1609747126.840000,0,0,0,0,0,1,1,1,1,
2021,1,4,17,58,46,954,1609747126.954000,0,0,0,0,0,1,1,1,1,
2021,1,4,17,58,47,75,1609747127.075000,0,0,0,0,0,1,1,1,1,
2021,1,4,17,58,47,192,1609747127.192000,0,0,0,0,0,1,1,1,1,
2021,1,4,17,58,47,306,1609747127.306000,0,0,0,0,0,1,1,1,1,
2021,1,4,17,58,47,427,1609747127.427000,0,0,0,0,0,1,1,1,1,
2021,1,4,17,58,47,543,1609747127.543000,0,0,0,0,0,1,1,1,1,
2021,1,4,17,58,47,664,1609747127.664000,0,0,0,0,0,1,1,1,1,
2021,1,4,17,58,47,777,1609747127.777000,0,0,0,0,0,1,1,1,1,
2021,1,4,17,58,47,892,1609747127.892000,0,0,0,0,0,1,1,1,1,
2021,1,4,17,58,48,7,1609747128.007000,0,0,0,0,0,1,1,1,1,
2021,1,4,17,58,48,125,1609747128.125000,0,0,0,0,0,1,1,1,1,
2021,1,4,17,58,48,242,1609747128.242000,0,0,0,0,0,1,1,1,1,
2021,1,4,17,58,48,364,1609747128.364000,0,0,0,0,0,1,1,1,1,
2021,1,4,17,58,48,481,1609747128.481000,0,0,0,0,0,1,1,1,1,
2021,1,4,17,58,48,596,1609747128.596000,0,0,0,0,0,1,1,1,1,
2021,1,4,17,58,48,708,1609747128.708000,0,0,0,0,0,1,1,1,1,
2021,1,4,17,58,48,824,1609747128.824000,0,0,0,0,0,1,1,1,1,
2021,1,4,17,58,48,937,1609747128.937000,0,0,0,0,0,1,1,1,1,
2021,1,4,17,58,49,57,1609747129.057000,0,0,0,0,0,1,1,1,1,
2021,1,4,17,58,49,171,1609747129.171000,0,0,0,0,0,1,1,1,1,
2021,1,4,17,58,49,288,1609747129.288000,0,0,0,0,0,1,1,1,1,
2021,1,4,17,58,49,406,1609747129.406000,0,0,0,0,0,1,1,1,1,
2021,1,4,17,58,49,518,1609747129.518000,0,0,0,0,0,1,1,1,1,
2021,1,4,17,58,49,631,1609747129.631000,0,0,0,0,0,1,1,1,1,
2021,1,4,17,58,49,752,1609747129.752000,0,0,0,0,0,1,1,1,1,
2021,1,4,17,58,49,873,1609747129.873000,0,0,0,0,0,1,1,1,1,
2021,1,4,17,58,49,993,1609747129.993000,0,0,0,0,0,1,1,1,1,
2021,1,4,17,58,50,107,1609747130.107000,0,0,0,0,0,1,1,1,1,
2021,1,4,17,58,50,220,1609747130.220000,0,0,0,0,0,1,1,1,1,
2021,1,4,17,58,50,339,1609747130.339000,0,0,0,0,0,1,1,1,1,
2021,1,4,17,58,50,460,1609747130.460000,0,0,0,0,0,1,1,1,1,
2021,1,4,17,58,50,573,1609747130.573000,0,0,0,0,0,1,1,1,1,
2021,1,4,17,58,50,686,1609747130.686000,0,0,0,0,0,1,1,1,1,
2021,1,4,17,58,50,806,1609747130.806000,0,0,0,0,0,1,1,1,1,
2021,1,4,17,58,50,922,1609747130.922000,0,0,0,0,0,1,1,1,1,
2021,1,4,17,58,51,43,1609747131.043000,0,0,0,0,0,1,1,1,1,
2021,1,4,17,58,51,164,1609747131.164000,0,0,0,0,0,1,1,1,1,
2021,1,4,17,58,51,285,1609747131.285000,0,0,0,0,0,1,1,1,1,
2021,1,4,17,58,51,403,1609747131.403000,0,0,0,0,0,1,1,1,1,
2021,1,4,17,58,51,518,1609747131.518000,0,0,0,0,0,1,1,1,1,
2021,1,4,17,58,51,641,1609747131.641000,0,0,0,0,0,1,1,1,1,
2021,1,4,17,58,51,762,1609747131.762000,0,0,0,0,0,1,1,1,1,
2021,1,4,17,58,51,877,1609747131.877000,0,0,0,0,0,1,1,1,1,
2021,1,4,17,58,51,996,1609747131.996000,0,0,0,0,0,1,1,1,1,
2021,1,4,17,58,52,115,1609747132.115000,0,0,0,0,0,1,1,1,1,
2021,1,4,17,58,52,231,1609747132.231000,0,0,0,0,0,1,1,1,1,
2021,1,4,17,58,52,349,1609747132.349000,0,0,0,0,0,1,1,1,1,
2021,1,4,17,58,52,463,1609747132.463000,0,0,0,0,0,1,1,1,1,
2021,1,4,17,58,52,583,1609747132.583000,0,0,0,0,0,1,1,1,1,
2021,1,4,17,58,52,703,1609747132.703000,0,0,0,0,0,1,1,1,1,
2021,1,4,17,58,52,824,1609747132.824000,0,0,0,0,0,1,1,1,1,
2021,1,4,17,58,52,939,1609747132.939000,0,0,0,0,0,1,1,1,1,
2021,1,4,17,58,53,57,1609747133.057000,0,0,0,0,0,1,1,1,1,
2021,1,4,17,58,53,179,1609747133.179000,0,0,0,0,0,1,1,1,1,
2021,1,4,17,58,53,297,1609747133.297000,0,0,0,0,0,1,1,1,1,
2021,1,4,17,58,53,414,1609747133.414000,0,0,0,0,0,1,1,1,1,
2021,1,4,17,58,53,533,1609747133.533000,0,0,0,0,0,1,1,1,1,
2021,1,4,17,58,53,648,1609747133.648000,0,0,0,0,0,1,1,1,1,
2021,1,4,17,58,53,766,1609747133.766000,0,0,0,0,0,1,1,1,1,
2021,1,4,17,58,53,884,1609747133.884000,0,0,0,0,0,1,1,1,1,
2021,1,4,17,58,54,2,1609747134.002000,0,0,0,0,0,1,1,1,1,
2021,1,4,17,58,54,119,1609747134.119000,0,0,0,0,0,1,1,1,1,
2021,1,4,17,58,54,239,1609747134.239000,0,0,0,0,0,1,1,1,1,
2021,1,4,17,58,54,363,1609747134.363000,0,0,0,0,0,1,1,1,1,
2021,1,4,17,58,54,488,1609747134.488000,0,0,0,0,0,1,1,1,1,
2021,1,4,17,58,54,612,1609747134.612000,0,0,0,0,0,1,1,1,1,
2021,1,4,17,58,54,735,1609747134.735000,0,0,0,0,0,1,1,1,1,
2021,1,4,17,58,54,859,1609747134.859000,0,0,0,0,0,1,1,1,1,
2021,1,4,17,58,54,983,1609747134.983000,0,0,0,0,0,1,1,1,1,
2021,1,4,17,58,55,105,1609747135.105000,0,0,0,0,0,1,1,1,1,
2021,1,4,17,58,55,227,1609747135.227000,0,0,0,0,0,1,1,1,1,
2021,1,4,17,58,55,354,1609747135.354000,0,0,0,0,0,1,1,1,1,
2021,1,4,17,58,55,482,1609747135.482000,0,0,0,0,0,1,1,1,1,
2021,1,4,17,58,55,598,1609747135.598000,0,0,0,0,0,1,1,1,1,
2021,1,4,17,58,55,713,1609747135.713000,0,0,0,0,0,1,1,1,1,
2021,1,4,17,58,55,829,1609747135.829000,0,0,0,0,0,1,1,1,1,
2021,1,4,17,58,55,948,1609747135.948000,0,0,0,0,0,1,1,1,1,
2021,1,4,17,58,56,75,1609747136.075000,0,0,0,0,0,1,1,1,1,
2021,1,4,17,58,56,193,1609747136.193000,0,0,0,0,0,1,1,1,1,
2021,1,4,17,58,56,315,1609747136.315000,0,0,0,0,0,1,1,1,1,
2021,1,4,17,58,56,435,1609747136.435000,0,0,0,0,0,1,1,1,1,
2021,1,4,17,58,56,556,1609747136.556000,0,0,0,0,0,1,1,1,1,
2021,1,4,17,58,56,671,1609747136.671000,0,0,0,0,0,1,1,1,1,
2021,1,4,17,58,56,788,1609747136.788000,0,0,0,0,0,1,1,1,1,
2021,1,4,17,58,56,908,1609747136.908000,0,0,0,0,0,1,1,1,1,
2021,1,4,17,58,57,26,1609747137.026000,0,0,0,0,0,1,1,1,1,
2021,1,4,17,58,57,142,1609747137.142000,0,0,0,0,0,1,1,1,1,
2021,1,4,17,58,57,261,1609747137.261000,0,0,0,0,0,1,1,1,1,
2021,1,4,17,58,57,384,1609747137.384000,0,0,0,0,0,1,1,1,1,
2021,1,4,17,58,57,503,1609747137.503000,0,0,0,0,0,1,1,1,1,
2021,1,4,17,58,57,618,1609747137.618000,0,0,0,0,0,1,1,1,1,
2021,1,4,17,58,57,739,1609747137.739000,0,0,0,0,0,1,1,1,1,
2021,1,4,17,58,57,855,1609747137.855000,0,0,0,0,0,1,1,1,1,
2021,1,4,17,58,57,970,1609747137.970000,0,0,0,0,0,1,1,1,1,
2021,1,4,17,58,58,95,1609747138.095000,0,0,0,0,0,1,1,1,1,
2021,1,4,17,58,58,214,1609747138.214000,0,0,0,0,0,1,1,1,1,
2021,1,4,17,58,58,338,1609747138.338000,0,0,0,0,0,1,1,1,1,
2021,1,4,17,58,58,452,1609747138.452000,0,0,0,0,0,1,1,1,1,
2021,1,4,17,58,58,566,1609747138.566000,0,0,0,0,0,1,1,1,1,
2021,1,4,17,58,58,690,1609747138.690000,0,0,0,0,0,1,1,1,1,
2021,1,4,17,58,58,819,1609747138.819000,0,0,0,0,0,1,1,1,1,
2021,1,4,17,58,58,939,1609747138.939000,0,0,0,0,0,1,1,1,1,
2021,1,4,17,58,59,59,1609747139.059000,0,0,0,0,0,1,1,1,1,
2021,1,4,17,58,59,183,1609747139.183000,0,0,0,0,0,1,1,1,1,
2021,1,4,17,58,59,305,1609747139.305000,0,0,0,0,0,1,1,1,1,
2021,1,4,17,58,59,419,1609747139.419000,0,0,0,0,0,1,1,1,1,
2021,1,4,17,58,59,533,1609747139.533000,0,0,0,0,0,1,1,1,1,
2021,1,4,17,58,59,652,1609747139.652000,0,0,0,0,0,1,1,1,1,
2021,1,4,17,58,59,769,1609747139.769000,0,0,0,0,0,1,1,1,1,
2021,1,4,17,58,59,885,1609747139.885000,0,0,0,0,0,1,1,1,1,
2021,1,4,17,59,0,2,1609747140.002000,0,0,0,0,0,1,1,1,1,
2021,1,4,17,59,0,126,1609747140.126000,0,0,0,0,0,1,1,1,1,
2021,1,4,17,59,0,245,1609747140.245000,0,0,0,0,0,1,1,1,1,
2021,1,4,17,59,0,360,1609747140.360000,0,0,0,0,0,1,1,1,1,
2021,1,4,17,59,0,473,1609747140.473000,0,0,0,0,0,1,1,1,1,
2021,1,4,17,59,0,590,1609747140.590000,0,0,0,0,0,1,1,1,1,
2021,1,4,17,59,0,715,1609747140.715000,0,0,0,0,0,1,1,1,1,
2021,1,4,17,59,0,834,1609747140.834000,0,0,0,0,0,1,1,1,1,
2021,1,4,17,59,0,951,1609747140.951000,0,0,0,0,0,1,1,1,1,
2021,1,4,17,59,1,66,1609747141.066000,0,0,0,0,0,1,1,1,1,
2021,1,4,17,59,1,185,1609747141.185000,0,0,0,0,0,1,1,1,1,
2021,1,4,17,59,1,310,1609747141.310000,0,0,0,0,0,1,1,1,1,
2021,1,4,17,59,1,432,1609747141.432000,0,0,0,0,0,1,1,1,1,
2021,1,4,17,59,1,549,1609747141.549000,0,0,0,0,0,1,1,1,1,
2021,1,4,17,59,1,679,1609747141.679000,0,0,0,0,0,1,1,1,1,
2021,1,4,17,59,1,806,1609747141.806000,0,0,0,0,0,1,1,1,1,
2021,1,4,17,59,1,929,1609747141.929000,0,0,0,0,0,1,1,1,1,
2021,1,4,17,59,2,60,1609747142.060000,0,0,0,0,0,1,1,1,1,
2021,1,4,17,59,2,185,1609747142.185000,0,0,0,0,0,1,1,1,1,
2021,1,4,17,59,2,325,1609747142.325000,0,0,0,0,0,1,1,1,1,
2021,1,4,17,59,2,463,1609747142.463000,0,0,0,0,0,1,1,1,1,
2021,1,4,17,59,2,592,1609747142.592000,0,0,0,0,0,1,1,1,1,
2021,1,4,17,59,2,727,1609747142.727000,0,0,0,0,0,1,1,1,1,
2021,1,4,17,59,2,883,1609747142.883000,0,0,0,0,0,1,1,1,1,
2021,1,4,17,59,3,16,1609747143.016000,0,0,0,0,0,1,1,1,1,
2021,1,4,17,59,3,157,1609747143.157000,0,0,0,0,0,1,1,1,1,
2021,1,4,17,59,3,287,1609747143.287000,0,0,0,0,0,1,1,1,1,
2021,1,4,17,59,3,407,1609747143.407000,0,0,0,0,0,1,1,1,1,
2021,1,4,17,59,3,532,1609747143.532000,0,0,0,0,0,1,1,1,1,
2021,1,4,17,59,3,652,1609747143.652000,0,0,0,0,0,1,1,1,1,
2021,1,4,17,59,3,768,1609747143.768000,0,0,0,0,0,1,1,1,1,
2021,1,4,17,59,3,899,1609747143.899000,0,0,0,0,0,1,1,1,1,
2021,1,4,17,59,4,17,1609747144.017000,0,0,0,0,0,1,1,1,1,
2021,1,4,17,59,4,147,1609747144.147000,0,0,0,0,0,1,1,1,1,
2021,1,4,17,59,4,268,1609747144.268000,0,0,0,0,0,1,1,1,1,
2021,1,4,17,59,4,388,1609747144.388000,0,0,0,0,0,1,1,1,1,
2021,1,4,17,59,4,513,1609747144.513000,0,0,0,0,0,1,1,1,1,
2021,1,4,17,59,4,637,1609747144.637000,0,0,0,0,0,1,1,1,1,
2021,1,4,17,59,4,758,1609747144.758000,0,0,0,0,0,1,1,1,1,
2021,1,4,17,59,4,876,1609747144.876000,0,0,0,0,0,1,1,1,1,
2021,1,4,17,59,4,999,1609747144.999000,0,0,0,0,0,1,1,1,1,
2021,1,4,17,59,5,117,1609747145.117000,0,0,0,0,0,1,1,1,1,
2021,1,4,17,59,5,291,1609747145.291000,0,0,0,0,0,1,1,1,1,
2021,1,4,17,59,5,460,1609747145.460000,0,0,0,0,0,1,1,1,1,
2021,1,4,17,59,5,632,1609747145.632000,0,0,0,0,0,1,1,1,1,
2021,1,4,17,59,5,778,1609747145.778000,0,0,0,0,0,1,1,1,1,
2021,1,4,17,59,5,903,1609747145.903000,0,0,0,0,0,1,1,1,1,
2021,1,4,17,59,6,19,1609747146.019000,0,0,0,0,0,1,1,1,1,
2021,1,4,17,59,6,136,1609747146.136000,0,0,0,0,0,1,1,1,1,
2021,1,4,17,59,6,255,1609747146.255000,0,0,0,0,0,1,1,1,1,
2021,1,4,17,59,6,369,1609747146.369000,0,0,0,0,0,1,1,1,1,
2021,1,4,17,59,6,491,1609747146.491000,0,0,0,0,0,1,1,1,1,
2021,1,4,17,59,6,609,1609747146.609000,0,0,0,0,0,1,1,1,1,
2021,1,4,17,59,6,729,1609747146.729000,0,0,0,0,0,1,1,1,1,
2021,1,4,17,59,6,853,1609747146.853000,0,0,0,0,0,1,1,1,1,
2021,1,4,17,59,6,968,1609747146.968000,0,0,0,0,0,1,1,1,1,
2021,1,4,17,59,7,81,1609747147.081000,0,0,0,0,0,1,1,1,1,
2021,1,4,17,59,7,201,1609747147.201000,0,0,0,0,0,1,1,1,1,
2021,1,4,17,59,7,320,1609747147.320000,0,0,0,0,0,1,1,1,1,
2021,1,4,17,59,7,443,1609747147.443000,0,0,0,0,0,1,1,1,1,
2021,1,4,17,59,7,558,1609747147.558000,0,0,0,0,0,1,1,1,1,
2021,1,4,17,59,7,674,1609747147.674000,0,0,0,0,0,1,1,1,1,
2021,1,4,17,59,7,792,1609747147.792000,0,0,0,0,0,1,1,1,1,
2021,1,4,17,59,7,911,1609747147.911000,0,0,0,0,0,1,1,1,1,
2021,1,4,17,59,8,37,1609747148.037000,0,0,0,0,0,1,1,1,1,
2021,1,4,17,59,8,150,1609747148.150000,0,0,0,0,0,1,1,1,1,
2021,1,4,17,59,8,266,1609747148.266000,0,0,0,0,0,1,1,1,1,
2021,1,4,17,59,8,381,1609747148.381000,0,0,0,0,0,1,1,1,1,
2021,1,4,17,59,8,505,1609747148.505000,0,0,0,0,0,1,1,1,1,
2021,1,4,17,59,8,622,1609747148.622000,0,0,0,0,0,1,1,1,1,
2021,1,4,17,59,8,743,1609747148.743000,0,0,0,0,0,1,1,1,1,
2021,1,4,17,59,8,867,1609747148.867000,0,0,0,0,0,1,1,1,1,
2021,1,4,17,59,8,982,1609747148.982000,0,0,0,0,0,1,1,1,1,
2021,1,4,17,59,9,100,1609747149.100000,0,0,0,0,0,1,1,1,1,
2021,1,4,17,59,9,219,1609747149.219000,0,0,0,0,0,1,1,1,1,
2021,1,4,17,59,9,352,1609747149.352000,0,0,0,0,0,1,1,1,1,
2021,1,4,17,59,9,471,1609747149.471000,0,0,0,0,0,1,1,1,1,
2021,1,4,17,59,9,586,1609747149.586000,0,0,0,0,0,1,1,1,1,
2021,1,4,17,59,9,706,1609747149.706000,0,0,0,0,0,1,1,1,1,
2021,1,4,17,59,9,827,1609747149.827000,0,0,0,0,0,1,1,1,1,
2021,1,4,17,59,9,945,1609747149.945000,0,0,0,0,0,1,1,1,1,
2021,1,4,17,59,10,66,1609747150.066000,0,0,0,0,0,1,1,1,1,
2021,1,4,17,59,10,184,1609747150.184000,0,0,0,0,0,1,1,1,1,
2021,1,4,17,59,10,301,1609747150.301000,0,0,0,0,0,1,1,1,1,
2021,1,4,17,59,10,415,1609747150.415000,0,0,0,0,0,1,1,1,1,
2021,1,4,17,59,10,539,1609747150.539000,0,0,0,0,0,1,1,1,1,
2021,1,4,17,59,10,664,1609747150.664000,0,0,0,0,0,1,1,1,1,
2021,1,4,17,59,10,779,1609747150.779000,0,0,0,0,0,1,1,1,1,
2021,1,4,17,59,10,892,1609747150.892000,0,0,0,0,0,1,1,1,1,
2021,1,4,17,59,11,12,1609747151.012000,0,0,0,0,0,1,1,1,1,
2021,1,4,17,59,11,137,1609747151.137000,0,0,0,0,0,1,1,1,1,
2021,1,4,17,59,11,254,1609747151.254000,0,0,0,0,0,1,1,1,1,
2021,1,4,17,59,11,369,1609747151.369000,0,0,0,0,0,1,1,1,1,
2021,1,4,17,59,11,494,1609747151.494000,0,0,0,0,0,1,1,1,1,
2021,1,4,17,59,11,611,1609747151.611000,0,0,0,0,0,1,1,1,1,
2021,1,4,17,59,11,728,1609747151.728000,0,0,0,0,0,1,1,1,1,
2021,1,4,17,59,11,844,1609747151.844000,0,0,0,0,0,1,1,1,1,
2021,1,4,17,59,11,965,1609747151.965000,0,0,0,0,0,1,1,1,1,
2021,1,4,17,59,12,89,1609747152.089000,0,0,0,0,0,1,1,1,1,
2021,1,4,17,59,12,209,1609747152.209000,0,0,0,0,0,1,1,1,1,
2021,1,4,17,59,12,327,1609747152.327000,0,0,0,0,0,1,1,1,1,
2021,1,4,17,59,12,456,1609747152.456000,0,0,0,0,0,1,1,1,1,
2021,1,4,17,59,12,575,1609747152.575000,0,0,0,0,0,1,1,1,1,
2021,1,4,17,59,12,690,1609747152.690000,0,0,0,0,0,1,1,1,1,
2021,1,4,17,59,12,805,1609747152.805000,0,0,0,0,0,1,1,1,1,
2021,1,4,17,59,12,926,1609747152.926000,0,0,0,0,0,1,1,1,1,
2021,1,4,17,59,13,48,1609747153.048000,0,0,0,0,0,1,1,1,1,
2021,1,4,17,59,13,162,1609747153.162000,0,0,0,0,0,1,1,1,1,
2021,1,4,17,59,13,275,1609747153.275000,0,0,0,0,0,1,1,1,1,
2021,1,4,17,59,13,396,1609747153.396000,0,0,0,0,0,1,1,1,1,
2021,1,4,17,59,13,515,1609747153.515000,0,0,0,0,0,1,1,1,1,
2021,1,4,17,59,13,634,1609747153.634000,0,0,0,0,0,1,1,1,1,
2021,1,4,17,59,13,752,1609747153.752000,0,0,0,0,0,1,1,1,1,
2021,1,4,17,59,13,875,1609747153.875000,0,0,0,0,0,1,1,1,1,
2021,1,4,17,59,13,991,1609747153.991000,0,0,0,0,0,1,1,1,1,
2021,1,4,17,59,14,113,1609747154.113000,0,0,0,0,0,1,1,1,1,
2021,1,4,17,59,14,229,1609747154.229000,0,0,0,0,0,1,1,1,1,
2021,1,4,17,59,14,347,1609747154.347000,0,0,0,0,0,1,1,1,1,
2021,1,4,17,59,14,473,1609747154.473000,0,0,0,0,0,1,1,1,1,
2021,1,4,17,59,14,586,1609747154.586000,0,0,0,0,0,1,1,1,1,
2021,1,4,17,59,14,707,1609747154.707000,0,0,0,0,0,1,1,1,1,
2021,1,4,17,59,14,824,1609747154.824000,0,0,0,0,0,1,1,1,1,
2021,1,4,17,59,14,938,1609747154.938000,0,0,0,0,0,1,1,1,1,
2021,1,4,17,59,15,63,1609747155.063000,0,0,0,0,0,1,1,1,1,
2021,1,4,17,59,15,182,1609747155.182000,0,0,0,0,0,1,1,1,1,
2021,1,4,17,59,15,300,1609747155.300000,0,0,0,0,0,1,1,1,1,
2021,1,4,17,59,15,415,1609747155.415000,0,0,0,0,0,1,1,1,1,
2021,1,4,17,59,15,536,1609747155.536000,0,0,0,0,0,1,1,1,1,
2021,1,4,17,59,15,657,1609747155.657000,0,0,0,0,0,1,1,1,1,
2021,1,4,17,59,15,775,1609747155.775000,0,0,0,0,0,1,1,1,1,
2021,1,4,17,59,15,890,1609747155.890000,0,0,0,0,0,1,1,1,1,
2021,1,4,17,59,16,18,1609747156.018000,0,0,0,0,0,1,1,1,1,
2021,1,4,17,59,16,142,1609747156.142000,0,0,0,0,0,1,1,1,1,
2021,1,4,17,59,16,270,1609747156.270000,0,0,0,0,0,1,1,1,1,
2021,1,4,17,59,16,384,1609747156.384000,0,0,0,0,0,1,1,1,1,
2021,1,4,17,59,16,507,1609747156.507000,0,0,0,0,0,1,1,1,1,
2021,1,4,17,59,16,629,1609747156.629000,0,0,0,0,0,1,1,1,1,
2021,1,4,17,59,16,749,1609747156.749000,0,0,0,0,0,1,1,1,1,
2021,1,4,17,59,16,867,1609747156.867000,0,0,0,0,0,1,1,1,1,
2021,1,4,17,59,16,989,1609747156.989000,0,0,0,0,0,1,1,1,1,
2021,1,4,17,59,17,110,1609747157.110000,0,0,0,0,0,1,1,1,1,
2021,1,4,17,59,17,227,1609747157.227000,0,0,0,0,0,1,1,1,1,
2021,1,4,17,59,17,351,1609747157.351000,0,0,0,0,0,1,1,1,1,
2021,1,4,17,59,17,475,1609747157.475000,0,0,0,0,0,1,1,1,1,
2021,1,4,17,59,17,593,1609747157.593000,0,0,0,0,0,1,1,1,1,
2021,1,4,17,59,17,719,1609747157.719000,0,0,0,0,0,1,1,1,1,
2021,1,4,17,59,17,834,1609747157.834000,0,0,0,0,0,1,1,1,1,
2021,1,4,17,59,17,955,1609747157.955000,0,0,0,0,0,1,1,1,1,
2021,1,4,17,59,18,72,1609747158.072000,0,0,0,0,0,1,1,1,1,
2021,1,4,17,59,18,191,1609747158.191000,0,0,0,0,0,1,1,1,1,
2021,1,4,17,59,18,307,1609747158.307000,0,0,0,0,0,1,1,1,1,
2021,1,4,17,59,18,425,1609747158.425000,0,0,0,0,0,1,1,1,1,
2021,1,4,17,59,18,544,1609747158.544000,0,0,0,0,0,1,1,1,1,
2021,1,4,17,59,18,661,1609747158.661000,0,0,0,0,0,1,1,1,1,
2021,1,4,17,59,18,779,1609747158.779000,0,0,0,0,0,1,1,1,1,
2021,1,4,17,59,18,894,1609747158.894000,0,0,0,0,0,1,1,1,1,
2021,1,4,17,59,19,11,1609747159.011000,0,0,0,0,0,1,1,1,1,
2021,1,4,17,59,19,132,1609747159.132000,0,0,0,0,0,1,1,1,1,
2021,1,4,17,59,19,255,1609747159.255000,0,0,0,0,0,1,1,1,1,
2021,1,4,17,59,19,374,1609747159.374000,0,0,0,0,0,1,1,1,1,
2021,1,4,17,59,19,494,1609747159.494000,0,0,0,0,0,1,1,1,1,
2021,1,4,17,59,19,608,1609747159.608000,0,0,0,0,0,1,1,1,1,
2021,1,4,17,59,19,723,1609747159.723000,0,0,0,0,0,1,1,1,1,
2021,1,4,17,59,19,845,1609747159.845000,0,0,0,0,0,1,1,1,1,
2021,1,4,17,59,19,960,1609747159.960000,0,0,0,0,0,1,1,1,1,
2021,1,4,17,59,20,85,1609747160.085000,0,0,0,0,0,1,1,1,1,
2021,1,4,17,59,20,200,1609747160.200000,0,0,0,0,0,1,1,1,1,
2021,1,4,17,59,20,318,1609747160.318000,0,0,0,0,0,1,1,1,1,
2021,1,4,17,59,20,438,1609747160.438000,0,0,0,0,0,1,1,1,1,
2021,1,4,17,59,20,555,1609747160.555000,0,0,0,0,0,1,1,1,1,
2021,1,4,17,59,20,669,1609747160.669000,0,0,0,0,0,1,1,1,1,
2021,1,4,17,59,20,793,1609747160.793000,0,0,0,0,0,1,1,1,1,
2021,1,4,17,59,20,910,1609747160.910000,0,0,0,0,0,1,1,1,1,
2021,1,4,17,59,21,29,1609747161.029000,0,0,0,0,0,1,1,1,1,
2021,1,4,17,59,21,144,1609747161.144000,0,0,0,0,0,1,1,1,1,
2021,1,4,17,59,21,262,1609747161.262000,0,0,0,0,0,1,1,1,1,
2021,1,4,17,59,21,385,1609747161.385000,0,0,0,0,0,1,1,1,1,
2021,1,4,17,59,21,499,1609747161.499000,0,0,0,0,0,1,1,1,1,
2021,1,4,17,59,21,613,1609747161.613000,0,0,0,0,0,1,1,1,1,
2021,1,4,17,59,21,735,1609747161.735000,0,0,0,0,0,1,1,1,1,
2021,1,4,17,59,21,851,1609747161.851000,0,0,0,0,0,1,1,1,1,
2021,1,4,17,59,21,967,1609747161.967000,0,0,0,0,0,1,1,1,1,
2021,1,4,17,59,22,85,1609747162.085000,0,0,0,0,0,1,1,1,1,
2021,1,4,17,59,22,201,1609747162.201000,0,0,0,0,0,1,1,1,1,
2021,1,4,17,59,22,315,1609747162.315000,0,0,0,0,0,1,1,1,1,
2021,1,4,17,59,22,431,1609747162.431000,0,0,0,0,0,1,1,1,1,
2021,1,4,17,59,22,546,1609747162.546000,0,0,0,0,0,1,1,1,1,
2021,1,4,17,59,22,663,1609747162.663000,0,0,0,0,0,1,1,1,1,
2021,1,4,17,59,22,783,1609747162.783000,0,0,0,0,0,1,1,1,1,
2021,1,4,17,59,22,901,1609747162.901000,0,0,0,0,0,1,1,1,1,
2021,1,4,17,59,23,23,1609747163.023000,0,0,0,0,0,1,1,1,1,
2021,1,4,17,59,23,146,1609747163.146000,0,0,0,0,0,1,1,1,1,
2021,1,4,17,59,23,264,1609747163.264000,0,0,0,0,0,1,1,1,1,
2021,1,4,17,59,23,386,1609747163.386000,0,0,0,0,0,1,1,1,1,
2021,1,4,17,59,23,511,1609747163.511000,0,0,0,0,0,1,1,1,1,
2021,1,4,17,59,23,628,1609747163.628000,0,0,0,0,0,1,1,1,1,
2021,1,4,17,59,23,747,1609747163.747000,0,0,0,0,0,1,1,1,1,
2021,1,4,17,59,23,870,1609747163.870000,0,0,0,0,0,1,1,1,1,
2021,1,4,17,59,23,990,1609747163.990000,0,0,0,0,0,1,1,1,1,
2021,1,4,17,59,24,109,1609747164.109000,0,0,0,0,0,1,1,1,1,
2021,1,4,17,59,24,230,1609747164.230000,0,0,0,0,0,1,1,1,1,
2021,1,4,17,59,24,346,1609747164.346000,0,0,0,0,0,1,1,1,1,
2021,1,4,17,59,24,469,1609747164.469000,0,0,0,0,0,1,1,1,1,
2021,1,4,17,59,24,587,1609747164.587000,0,0,0,0,0,1,1,1,1,
2021,1,4,17,59,24,709,1609747164.709000,0,0,0,0,0,1,1,1,1,
2021,1,4,17,59,24,833,1609747164.833000,0,0,0,0,0,1,1,1,1,
2021,1,4,17,59,24,952,1609747164.952000,0,0,0,0,0,1,1,1,1,
2021,1,4,17,59,25,67,1609747165.067000,0,0,0,0,0,1,1,1,1,
2021,1,4,17,59,25,189,1609747165.189000,0,0,0,0,0,1,1,1,1,
2021,1,4,17,59,25,305,1609747165.305000,0,0,0,0,0,1,1,1,1,
2021,1,4,17,59,25,425,1609747165.425000,0,0,0,0,0,1,1,1,1,
2021,1,4,17,59,25,545,1609747165.545000,0,0,0,0,0,1,1,1,1,
2021,1,4,17,59,25,663,1609747165.663000,0,0,0,0,0,1,1,1,1,
2021,1,4,17,59,25,786,1609747165.786000,0,0,0,0,0,1,1,1,1,
2021,1,4,17,59,25,903,1609747165.903000,0,0,0,0,0,1,1,1,1,
2021,1,4,17,59,26,17,1609747166.017000,0,0,0,0,0,1,1,1,1,
2021,1,4,17,59,26,135,1609747166.135000,0,0,0,0,0,1,1,1,1,
2021,1,4,17,59,26,253,1609747166.253000,0,0,0,0,0,1,1,1,1,
2021,1,4,17,59,26,368,1609747166.368000,0,0,0,0,0,1,1,1,1,
2021,1,4,17,59,26,485,1609747166.485000,0,0,0,0,0,1,1,1,1,
2021,1,4,17,59,26,608,1609747166.608000,0,0,0,0,0,1,1,1,1,
2021,1,4,17,59,26,725,1609747166.725000,0,0,0,0,0,1,1,1,1,
2021,1,4,17,59,26,848,1609747166.848000,0,0,0,0,0,1,1,1,1,
2021,1,4,17,59,26,965,1609747166.965000,0,0,0,0,0,1,1,1,1,
2021,1,4,17,59,27,83,1609747167.083000,0,0,0,0,0,1,1,1,1,
2021,1,4,17,59,27,201,1609747167.201000,0,0,0,0,0,1,1,1,1,
2021,1,4,17,59,27,323,1609747167.323000,0,0,0,0,0,1,1,1,1,
2021,1,4,17,59,27,443,1609747167.443000,0,0,0,0,0,1,1,1,1,
2021,1,4,17,59,27,562,1609747167.562000,0,0,0,0,0,1,1,1,1,
2021,1,4,17,59,27,681,1609747167.681000,0,0,0,0,0,1,1,1,1,
2021,1,4,17,59,27,798,1609747167.798000,0,0,0,0,0,1,1,1,1,
2021,1,4,17,59,27,916,1609747167.916000,0,0,0,0,0,1,1,1,1,
2021,1,4,17,59,28,36,1609747168.036000,0,0,0,0,0,1,1,1,1,
2021,1,4,17,59,28,151,1609747168.151000,0,0,0,0,0,1,1,1,1,
2021,1,4,17,59,28,269,1609747168.269000,0,0,0,0,0,1,1,1,1,
2021,1,4,17,59,28,389,1609747168.389000,0,0,0,0,0,1,1,1,1,
2021,1,4,17,59,28,512,1609747168.512000,0,0,0,0,0,1,1,1,1,
2021,1,4,17,59,28,630,1609747168.630000,0,0,0,0,0,1,1,1,1,
2021,1,4,17,59,28,752,1609747168.752000,0,0,0,0,0,1,1,1,1,
2021,1,4,17,59,28,876,1609747168.876000,0,0,0,0,0,1,1,1,1,
2021,1,4,17,59,28,993,1609747168.993000,0,0,0,0,0,1,1,1,1,
2021,1,4,17,59,29,110,1609747169.110000,0,0,0,0,0,1,1,1,1,
2021,1,4,17,59,29,223,1609747169.223000,0,0,0,0,0,1,1,1,1,
2021,1,4,17,59,29,348,1609747169.348000,0,0,0,0,0,1,1,1,1,
2021,1,4,17,59,29,463,1609747169.463000,0,0,0,0,0,1,1,1,1,
2021,1,4,17,59,29,579,1609747169.579000,0,0,0,0,0,1,1,1,1,
2021,1,4,17,59,29,696,1609747169.696000,0,0,0,0,0,1,1,1,1,
2021,1,4,17,59,29,813,1609747169.813000,0,0,0,0,0,1,1,1,1,
2021,1,4,17,59,29,934,1609747169.934000,0,0,0,0,0,1,1,1,1,
2021,1,4,17,59,30,53,1609747170.053000,0,0,0,0,0,1,1,1,1,
2021,1,4,17,59,30,173,1609747170.173000,0,0,0,0,0,1,1,1,1,
2021,1,4,17,59,30,286,1609747170.286000,0,0,0,0,0,1,1,1,1,
2021,1,4,17,59,30,409,1609747170.409000,0,0,0,0,0,1,1,1,1,
2021,1,4,17,59,30,533,1609747170.533000,0,0,0,0,0,1,1,1,1,
2021,1,4,17,59,30,650,1609747170.650000,0,0,0,0,0,1,1,1,1,
2021,1,4,17,59,30,763,1609747170.763000,0,0,0,0,0,1,1,1,1,
2021,1,4,17,59,30,878,1609747170.878000,0,0,0,0,0,1,1,1,1,
2021,1,4,17,59,30,992,1609747170.992000,0,0,0,0,0,1,1,1,1,
2021,1,4,17,59,31,111,1609747171.111000,0,0,0,0,0,1,1,1,1,
2021,1,4,17,59,31,226,1609747171.226000,0,0,0,0,0,1,1,1,1,
2021,1,4,17,59,31,342,1609747171.342000,0,0,0,0,0,1,1,1,1,
2021,1,4,17,59,31,455,1609747171.455000,0,0,0,0,0,1,1,1,1,
2021,1,4,17,59,31,574,1609747171.574000,0,0,0,0,0,1,1,1,1,
2021,1,4,17,59,31,691,1609747171.691000,0,0,0,0,0,1,1,1,1,
2021,1,4,17,59,31,808,1609747171.808000,0,0,0,0,0,1,1,1,1,
2021,1,4,17,59,31,926,1609747171.926000,0,0,0,0,0,1,1,1,1,
2021,1,4,17,59,32,44,1609747172.044000,0,0,0,0,0,1,1,1,1,
2021,1,4,17,59,32,160,1609747172.160000,0,0,0,0,0,1,1,1,1,
2021,1,4,17,59,32,275,1609747172.275000,0,0,0,0,0,1,1,1,1,
2021,1,4,17,59,32,390,1609747172.390000,0,0,0,0,0,1,1,1,1,
2021,1,4,17,59,32,512,1609747172.512000,0,0,0,0,0,1,1,1,1,
2021,1,4,17,59,32,636,1609747172.636000,0,0,0,0,0,1,1,1,1,
2021,1,4,17,59,32,761,1609747172.761000,0,0,0,0,0,1,1,1,1,
2021,1,4,17,59,32,875,1609747172.875000,0,0,0,0,0,1,1,1,1,
2021,1,4,17,59,32,994,1609747172.994000,0,0,0,0,0,1,1,1,1,
2021,1,4,17,59,33,109,1609747173.109000,0,0,0,0,0,1,1,1,1,
2021,1,4,17,59,33,226,1609747173.226000,0,0,0,0,0,1,1,1,1,
2021,1,4,17,59,33,340,1609747173.340000,0,0,0,0,0,1,1,1,1,
2021,1,4,17,59,33,468,1609747173.468000,0,0,0,0,0,1,1,1,1,
2021,1,4,17,59,33,581,1609747173.581000,0,0,0,0,0,1,1,1,1,
2021,1,4,17,59,33,701,1609747173.701000,0,0,0,0,0,1,1,1,1,
2021,1,4,17,59,33,818,1609747173.818000,0,0,0,0,0,1,1,1,1,
2021,1,4,17,59,33,935,1609747173.935000,0,0,0,0,0,1,1,1,1,
2021,1,4,17,59,34,51,1609747174.051000,0,0,0,0,0,1,1,1,1,
2021,1,4,17,59,34,165,1609747174.165000,0,0,0,0,0,1,1,1,1,
2021,1,4,17,59,34,281,1609747174.281000,0,0,0,0,0,1,1,1,1,
2021,1,4,17,59,34,402,1609747174.402000,0,0,0,0,0,1,1,1,1,
2021,1,4,17,59,34,521,1609747174.521000,0,0,0,0,0,1,1,1,1,
2021,1,4,17,59,34,638,1609747174.638000,0,0,0,0,0,1,1,1,1,
2021,1,4,17,59,34,754,1609747174.754000,0,0,0,0,0,1,1,1,1,
2021,1,4,17,59,34,875,1609747174.875000,0,0,0,0,0,1,1,1,1,
2021,1,4,17,59,34,994,1609747174.994000,0,0,0,0,0,1,1,1,1,
2021,1,4,17,59,35,107,1609747175.107000,0,0,0,0,0,1,1,1,1,
2021,1,4,17,59,35,228,1609747175.228000,0,0,0,0,0,1,1,1,1,
2021,1,4,17,59,35,344,1609747175.344000,0,0,0,0,0,1,1,1,1,
2021,1,4,17,59,35,463,1609747175.463000,0,0,0,0,0,1,1,1,1,
2021,1,4,17,59,35,578,1609747175.578000,0,0,0,0,0,1,1,1,1,
2021,1,4,17,59,35,692,1609747175.692000,0,0,0,0,0,1,1,1,1,
2021,1,4,17,59,35,812,1609747175.812000,0,0,0,0,0,1,1,1,1,
2021,1,4,17,59,35,930,1609747175.930000,0,0,0,0,0,1,1,1,1,
2021,1,4,17,59,36,46,1609747176.046000,0,0,0,0,0,1,1,1,1,
2021,1,4,17,59,36,160,1609747176.160000,0,0,0,0,0,1,1,1,1,
2021,1,4,17,59,36,281,1609747176.281000,0,0,0,0,0,1,1,1,1,
2021,1,4,17,59,36,400,1609747176.400000,0,0,0,0,0,1,1,1,1,
2021,1,4,17,59,36,520,1609747176.520000,0,0,0,0,0,1,1,1,1,
2021,1,4,17,59,36,643,1609747176.643000,0,0,0,0,0,1,1,1,1,
2021,1,4,17,59,36,759,1609747176.759000,0,0,0,0,0,1,1,1,1,
2021,1,4,17,59,36,880,1609747176.880000,0,0,0,0,0,1,1,1,1,
2021,1,4,17,59,36,994,1609747176.994000,0,0,0,0,0,1,1,1,1,
2021,1,4,17,59,37,119,1609747177.119000,0,0,0,0,0,1,1,1,1,
2021,1,4,17,59,37,235,1609747177.235000,0,0,0,0,0,1,1,1,1,
2021,1,4,17,59,37,359,1609747177.359000,0,0,0,0,0,1,1,1,1,
2021,1,4,17,59,37,480,1609747177.480000,0,0,0,0,0,1,1,1,1,
2021,1,4,17,59,37,593,1609747177.593000,0,0,0,0,0,1,1,1,1,
2021,1,4,17,59,37,706,1609747177.706000,0,0,0,0,0,1,1,1,1,
2021,1,4,17,59,37,825,1609747177.825000,0,0,0,0,0,1,1,1,1,
2021,1,4,17,59,37,943,1609747177.943000,0,0,0,0,0,1,1,1,1,
2021,1,4,17,59,38,66,1609747178.066000,0,0,0,0,0,1,1,1,1,
2021,1,4,17,59,38,186,1609747178.186000,0,0,0,0,0,1,1,1,1,
2021,1,4,17,59,38,303,1609747178.303000,0,0,0,0,0,1,1,1,1,
2021,1,4,17,59,38,416,1609747178.416000,0,0,0,0,0,1,1,1,1,
2021,1,4,17,59,38,536,1609747178.536000,0,0,0,0,0,1,1,1,1,
2021,1,4,17,59,38,664,1609747178.664000,0,0,0,0,0,1,1,1,1,
2021,1,4,17,59,38,781,1609747178.781000,0,0,0,0,0,1,1,1,1,
2021,1,4,17,59,38,902,1609747178.902000,0,0,0,0,0,1,1,1,1,
2021,1,4,17,59,39,19,1609747179.019000,0,0,0,0,0,1,1,1,1,
2021,1,4,17,59,39,134,1609747179.134000,0,0,0,0,0,1,1,1,1,
2021,1,4,17,59,39,254,1609747179.254000,0,0,0,0,0,1,1,1,1,
2021,1,4,17,59,39,370,1609747179.370000,0,0,0,0,0,1,1,1,1,
2021,1,4,17,59,39,493,1609747179.493000,0,0,0,0,0,1,1,1,1,
2021,1,4,17,59,39,608,1609747179.608000,0,0,0,0,0,1,1,1,1,
2021,1,4,17,59,39,726,1609747179.726000,0,0,0,0,0,1,1,1,1,
2021,1,4,17,59,39,842,1609747179.842000,0,0,0,0,0,1,1,1,1,
2021,1,4,17,59,39,967,1609747179.967000,0,0,0,0,0,1,1,1,1,
2021,1,4,17,59,40,90,1609747180.090000,0,0,0,0,0,1,1,1,1,
2021,1,4,17,59,40,212,1609747180.212000,0,0,0,0,0,1,1,1,1,
2021,1,4,17,59,40,327,1609747180.327000,0,0,0,0,0,1,1,1,1,
2021,1,4,17,59,40,447,1609747180.447000,0,0,0,0,0,1,1,1,1,
2021,1,4,17,59,40,563,1609747180.563000,0,0,0,0,0,1,1,1,1,
2021,1,4,17,59,40,684,1609747180.684000,0,0,0,0,0,1,1,1,1,
2021,1,4,17,59,40,799,1609747180.799000,0,0,0,0,0,1,1,1,1,
2021,1,4,17,59,40,919,1609747180.919000,0,0,0,0,0,1,1,1,1,
2021,1,4,17,59,41,37,1609747181.037000,0,0,0,0,0,1,1,1,1,
2021,1,4,17,59,41,154,1609747181.154000,0,0,0,0,0,1,1,1,1,
2021,1,4,17,59,41,273,1609747181.273000,0,0,0,0,0,1,1,1,1,
2021,1,4,17,59,41,393,1609747181.393000,0,0,0,0,0,1,1,1,1,
2021,1,4,17,59,41,514,1609747181.514000,0,0,0,0,0,1,1,1,1,
2021,1,4,17,59,41,638,1609747181.638000,0,0,0,0,0,1,1,1,1,
2021,1,4,17,59,41,757,1609747181.757000,0,0,0,0,0,1,1,1,1,
2021,1,4,17,59,41,871,1609747181.871000,0,0,0,0,0,1,1,1,1,
2021,1,4,17,59,41,997,1609747181.997000,0,0,0,0,0,1,1,1,1,
2021,1,4,17,59,42,122,1609747182.122000,0,0,0,0,0,1,1,1,1,
2021,1,4,17,59,42,238,1609747182.238000,0,0,0,0,0,1,1,1,1,
2021,1,4,17,59,42,351,1609747182.351000,0,0,0,0,0,1,1,1,1,
2021,1,4,17,59,42,476,1609747182.476000,0,0,0,0,0,1,1,1,1,
2021,1,4,17,59,42,594,1609747182.594000,0,0,0,0,0,1,1,1,1,
2021,1,4,17,59,42,727,1609747182.727000,0,0,0,0,0,1,1,1,1,
2021,1,4,17,59,42,850,1609747182.850000,0,0,0,0,0,1,1,1,1,
2021,1,4,17,59,42,977,1609747182.977000,0,0,0,0,0,1,1,1,1,
2021,1,4,17,59,43,104,1609747183.104000,0,0,0,0,0,1,1,1,1,
2021,1,4,17,59,43,219,1609747183.219000,0,0,0,0,0,1,1,1,1,
2021,1,4,17,59,43,340,1609747183.340000,0,0,0,0,0,1,1,1,1,
2021,1,4,17,59,43,459,1609747183.459000,0,0,0,0,0,1,1,1,1,
2021,1,4,17,59,43,582,1609747183.582000,0,0,0,0,0,1,1,1,1,
2021,1,4,17,59,43,702,1609747183.702000,0,0,0,0,0,1,1,1,1,
2021,1,4,17,59,43,827,1609747183.827000,0,0,0,0,0,1,1,1,1,
2021,1,4,17,59,43,940,1609747183.940000,0,0,0,0,0,1,1,1,1,
