year,month,day,hour,minute,second,millisecond,UTC,open_CB1-22KV,open_CB2-22KV,open_CB3-22KV,open_CB1-FDR1,open_CB2-FDR2,open_CB-FDR3,open_CB-FDR4,I_FDR1,I_FDR4
2021,1,4,17,57,4,325,1609747024.325000,0,0,0,0,0,0,0,0,26,
2021,1,4,17,57,4,441,1609747024.441000,0,0,0,0,0,0,0,26,26,
2021,1,4,17,57,4,556,1609747024.556000,0,0,0,0,0,0,0,26,26,
2021,1,4,17,57,4,669,1609747024.669000,0,0,0,0,0,0,0,26,26,
2021,1,4,17,57,4,778,1609747024.778000,0,0,0,0,0,0,0,26,26,
2021,1,4,17,57,4,889,1609747024.889000,0,0,0,0,0,0,0,26,26,
2021,1,4,17,57,4,999,1609747024.999000,0,0,0,0,0,0,0,26,26,
2021,1,4,17,57,5,111,1609747025.111000,0,0,0,0,0,0,0,26,26,
2021,1,4,17,57,5,222,1609747025.222000,0,0,0,0,0,0,0,26,26,
2021,1,4,17,57,5,333,1609747025.333000,0,0,0,0,0,0,0,26,26,
2021,1,4,17,57,5,448,1609747025.448000,0,0,0,0,0,0,0,26,26,
2021,1,4,17,57,5,559,1609747025.559000,0,0,0,0,0,0,0,26,26,
2021,1,4,17,57,5,669,1609747025.669000,0,0,0,0,0,0,0,26,26,
2021,1,4,17,57,5,779,1609747025.779000,0,0,0,0,0,0,0,26,26,
2021,1,4,17,57,5,889,1609747025.889000,0,0,0,0,0,0,0,26,26,
2021,1,4,17,57,6,3,1609747026.003000,0,0,0,0,0,0,0,26,26,
2021,1,4,17,57,6,118,1609747026.118000,0,0,0,0,0,0,0,26,26,
2021,1,4,17,57,6,230,1609747026.230000,0,0,0,0,0,0,0,26,26,
2021,1,4,17,57,6,340,1609747026.340000,0,0,0,0,0,0,0,26,26,
2021,1,4,17,57,6,452,1609747026.452000,0,0,0,0,0,0,0,26,26,
2021,1,4,17,57,6,570,1609747026.570000,0,0,0,0,0,0,0,26,26,
2021,1,4,17,57,6,682,1609747026.682000,0,0,0,0,0,0,0,26,26,
2021,1,4,17,57,6,794,1609747026.794000,0,0,0,0,0,0,0,26,26,
2021,1,4,17,57,6,906,1609747026.906000,0,0,0,0,0,0,0,26,26,
2021,1,4,17,57,7,18,1609747027.018000,0,0,0,0,0,0,0,26,26,
2021,1,4,17,57,7,132,1609747027.132000,0,0,0,0,0,0,0,26,26,
2021,1,4,17,57,7,244,1609747027.244000,0,0,0,0,0,0,0,26,26,
2021,1,4,17,57,7,360,1609747027.360000,0,0,0,0,0,0,0,26,26,
2021,1,4,17,57,7,474,1609747027.474000,0,0,0,0,0,0,0,26,26,
2021,1,4,17,57,7,586,1609747027.586000,0,0,0,0,0,0,0,26,26,
2021,1,4,17,57,7,702,1609747027.702000,0,0,0,0,0,0,0,26,26,
2021,1,4,17,57,7,815,1609747027.815000,0,0,0,0,0,0,0,26,26,
2021,1,4,17,57,7,926,1609747027.926000,0,0,0,0,0,0,0,26,26,
2021,1,4,17,57,8,40,1609747028.040000,0,0,0,0,0,0,0,26,26,
2021,1,4,17,57,8,156,1609747028.156000,0,0,0,0,0,0,0,26,26,
2021,1,4,17,57,8,270,1609747028.270000,0,0,0,0,0,0,0,26,26,
2021,1,4,17,57,8,380,1609747028.380000,0,0,0,0,0,0,0,26,26,
2021,1,4,17,57,8,496,1609747028.496000,0,0,0,0,0,0,0,26,26,
2021,1,4,17,57,8,607,1609747028.607000,0,0,0,0,0,0,0,26,26,
2021,1,4,17,57,8,721,1609747028.721000,0,0,0,0,0,0,0,26,26,
2021,1,4,17,57,8,834,1609747028.834000,0,0,0,0,0,0,0,26,26,
2021,1,4,17,57,8,947,1609747028.947000,0,0,0,0,0,0,0,26,26,
2021,1,4,17,57,9,62,1609747029.062000,0,0,0,0,0,0,0,26,26,
2021,1,4,17,57,9,182,1609747029.182000,0,0,0,0,0,0,0,26,26,
2021,1,4,17,57,9,297,1609747029.297000,0,0,0,0,0,0,0,26,26,
2021,1,4,17,57,9,410,1609747029.410000,0,0,0,0,0,0,0,26,26,
2021,1,4,17,57,9,521,1609747029.521000,0,0,0,0,0,0,0,26,26,
2021,1,4,17,57,9,633,1609747029.633000,0,0,0,0,0,0,0,26,26,
2021,1,4,17,57,9,749,1609747029.749000,0,0,0,0,0,0,0,26,26,
2021,1,4,17,57,9,862,1609747029.862000,0,0,0,0,0,0,0,26,26,
2021,1,4,17,57,9,977,1609747029.977000,0,0,0,0,0,0,0,26,26,
2021,1,4,17,57,10,90,1609747030.090000,0,0,0,0,0,0,0,26,26,
2021,1,4,17,57,10,201,1609747030.201000,0,0,0,0,0,0,0,26,26,
2021,1,4,17,57,10,315,1609747030.315000,0,0,0,0,0,0,0,26,26,
2021,1,4,17,57,10,431,1609747030.431000,0,0,0,0,0,0,0,26,26,
2021,1,4,17,57,10,542,1609747030.542000,0,0,0,0,0,0,0,26,26,
2021,1,4,17,57,10,657,1609747030.657000,0,0,0,0,0,0,0,26,26,
2021,1,4,17,57,10,770,1609747030.770000,0,0,0,0,0,0,0,26,26,
2021,1,4,17,57,10,882,1609747030.882000,0,0,0,0,0,0,0,26,26,
2021,1,4,17,57,11,0,1609747031.000000,0,0,0,0,0,0,0,26,26,
2021,1,4,17,57,11,111,1609747031.111000,0,0,0,0,0,0,0,26,26,
2021,1,4,17,57,11,226,1609747031.226000,0,0,0,0,0,0,0,26,26,
2021,1,4,17,57,11,345,1609747031.345000,0,0,0,0,0,0,0,26,26,
2021,1,4,17,57,11,462,1609747031.462000,0,0,0,0,0,0,0,26,26,
2021,1,4,17,57,11,581,1609747031.581000,0,0,0,0,0,0,0,26,26,
2021,1,4,17,57,11,697,1609747031.697000,0,0,0,0,0,0,0,26,26,
2021,1,4,17,57,11,809,1609747031.809000,0,0,0,0,0,0,0,26,26,
2021,1,4,17,57,11,920,1609747031.920000,0,0,0,0,0,0,0,26,26,
2021,1,4,17,57,12,38,1609747032.038000,0,0,0,0,0,0,0,26,26,
2021,1,4,17,57,12,152,1609747032.152000,0,0,0,0,0,0,0,26,26,
2021,1,4,17,57,12,265,1609747032.265000,0,0,0,0,0,0,0,26,26,
2021,1,4,17,57,12,385,1609747032.385000,0,0,0,0,0,0,0,26,26,
2021,1,4,17,57,12,500,1609747032.500000,0,0,0,0,0,0,0,26,26,
2021,1,4,17,57,12,612,1609747032.612000,0,0,0,0,0,0,0,26,26,
2021,1,4,17,57,12,729,1609747032.729000,0,0,0,0,0,0,0,26,26,
2021,1,4,17,57,12,843,1609747032.843000,0,0,0,0,0,0,0,26,26,
2021,1,4,17,57,12,959,1609747032.959000,0,0,0,0,0,0,0,26,26,
2021,1,4,17,57,13,71,1609747033.071000,0,0,0,0,0,0,0,26,26,
2021,1,4,17,57,13,190,1609747033.190000,0,0,0,0,0,0,0,26,26,
2021,1,4,17,57,13,303,1609747033.303000,0,0,0,0,0,0,0,26,26,
2021,1,4,17,57,13,416,1609747033.416000,0,0,0,0,0,0,0,26,26,
2021,1,4,17,57,13,529,1609747033.529000,0,0,0,0,0,0,0,26,26,
2021,1,4,17,57,13,645,1609747033.645000,0,0,0,0,0,0,0,26,26,
2021,1,4,17,57,13,761,1609747033.761000,0,0,0,0,0,0,0,26,26,
2021,1,4,17,57,13,880,1609747033.880000,0,0,0,0,0,0,0,26,26,
2021,1,4,17,57,13,998,1609747033.998000,0,0,0,0,0,0,0,26,26,
2021,1,4,17,57,14,111,1609747034.111000,0,0,0,0,0,0,0,26,26,
2021,1,4,17,57,14,222,1609747034.222000,0,0,0,0,0,0,0,26,26,
2021,1,4,17,57,14,337,1609747034.337000,0,0,0,0,0,0,0,26,26,
2021,1,4,17,57,14,457,1609747034.457000,0,0,0,0,0,0,0,26,26,
2021,1,4,17,57,14,574,1609747034.574000,0,0,0,0,0,0,0,26,26,
2021,1,4,17,57,14,687,1609747034.687000,0,0,0,0,0,0,0,26,26,
2021,1,4,17,57,14,805,1609747034.805000,0,0,0,0,0,0,0,26,26,
2021,1,4,17,57,14,921,1609747034.921000,0,0,0,0,0,0,0,26,26,
2021,1,4,17,57,15,38,1609747035.038000,0,0,0,0,0,0,0,26,26,
2021,1,4,17,57,15,153,1609747035.153000,0,0,0,0,0,0,0,26,26,
2021,1,4,17,57,15,265,1609747035.265000,0,0,0,0,0,0,0,26,26,
2021,1,4,17,57,15,386,1609747035.386000,0,0,0,0,0,0,0,26,26,
2021,1,4,17,57,15,500,1609747035.500000,0,0,0,0,0,0,0,26,26,
2021,1,4,17,57,15,612,1609747035.612000,0,0,0,0,0,0,0,26,26,
2021,1,4,17,57,15,730,1609747035.730000,0,0,0,0,0,0,0,26,26,
2021,1,4,17,57,15,845,1609747035.845000,0,0,0,0,0,0,0,26,26,
2021,1,4,17,57,15,961,1609747035.961000,0,0,0,0,0,0,0,26,26,
2021,1,4,17,57,16,75,1609747036.075000,0,0,0,0,0,0,0,26,26,
2021,1,4,17,57,16,196,1609747036.196000,0,0,0,0,0,0,0,26,26,
2021,1,4,17,57,16,307,1609747036.307000,0,0,0,0,0,0,0,26,26,
2021,1,4,17,57,16,422,1609747036.422000,0,0,0,0,0,0,0,26,26,
2021,1,4,17,57,16,533,1609747036.533000,0,0,0,0,0,0,0,26,26,
2021,1,4,17,57,16,658,1609747036.658000,0,0,0,0,0,0,0,26,26,
2021,1,4,17,57,16,771,1609747036.771000,0,0,0,0,0,0,0,26,26,
2021,1,4,17,57,16,888,1609747036.888000,0,0,0,0,0,0,0,26,26,
2021,1,4,17,57,17,5,1609747037.005000,0,0,0,0,0,0,0,26,26,
2021,1,4,17,57,17,118,1609747037.118000,0,0,0,0,0,0,0,26,26,
2021,1,4,17,57,17,239,1609747037.239000,0,0,0,0,0,0,0,26,26,
2021,1,4,17,57,17,352,1609747037.352000,0,0,0,0,0,0,0,26,26,
2021,1,4,17,57,17,474,1609747037.474000,0,0,0,0,0,0,0,26,26,
2021,1,4,17,57,17,588,1609747037.588000,0,0,0,0,0,0,0,26,26,
2021,1,4,17,57,17,704,1609747037.704000,0,0,0,0,0,0,0,26,26,
2021,1,4,17,57,17,818,1609747037.818000,0,0,0,0,0,0,0,26,26,
2021,1,4,17,57,17,930,1609747037.930000,0,0,0,0,0,0,0,26,26,
2021,1,4,17,57,18,49,1609747038.049000,0,0,0,0,0,0,0,26,26,
2021,1,4,17,57,18,162,1609747038.162000,0,0,0,0,0,0,0,26,26,
2021,1,4,17,57,18,277,1609747038.277000,0,0,0,0,0,0,0,26,26,
2021,1,4,17,57,18,396,1609747038.396000,0,0,0,0,0,0,0,26,26,
2021,1,4,17,57,18,511,1609747038.511000,0,0,0,0,0,0,0,26,26,
2021,1,4,17,57,18,625,1609747038.625000,0,0,0,0,0,0,0,26,26,
2021,1,4,17,57,18,746,1609747038.746000,0,0,0,0,0,0,0,26,26,
2021,1,4,17,57,18,862,1609747038.862000,0,0,0,0,0,0,0,26,26,
2021,1,4,17,57,18,978,1609747038.978000,0,0,0,0,0,0,0,26,26,
2021,1,4,17,57,19,89,1609747039.089000,0,0,0,0,0,0,0,26,26,
2021,1,4,17,57,19,211,1609747039.211000,0,0,0,0,0,0,0,26,26,
2021,1,4,17,57,19,328,1609747039.328000,0,0,0,0,0,0,0,26,26,
2021,1,4,17,57,19,443,1609747039.443000,0,0,0,0,0,0,0,26,26,
2021,1,4,17,57,19,558,1609747039.558000,0,0,0,0,0,0,0,26,26,
2021,1,4,17,57,19,674,1609747039.674000,0,0,0,0,0,0,0,26,26,
2021,1,4,17,57,19,786,1609747039.786000,0,0,0,0,0,0,0,26,26,
2021,1,4,17,57,19,904,1609747039.904000,0,0,0,0,0,0,0,26,26,
2021,1,4,17,57,20,28,1609747040.028000,0,0,0,0,0,0,0,26,26,
2021,1,4,17,57,20,148,1609747040.148000,0,0,0,0,0,0,0,26,26,
2021,1,4,17,57,20,269,1609747040.269000,0,0,0,0,0,0,0,26,26,
2021,1,4,17,57,20,387,1609747040.387000,0,0,0,0,0,0,0,26,26,
2021,1,4,17,57,20,510,1609747040.510000,0,0,0,0,0,0,0,26,26,
2021,1,4,17,57,20,632,1609747040.632000,0,0,0,0,0,0,0,26,26,
2021,1,4,17,57,20,748,1609747040.748000,0,0,0,0,0,0,0,26,26,
2021,1,4,17,57,20,861,1609747040.861000,0,0,0,0,0,0,0,26,26,
2021,1,4,17,57,20,974,1609747040.974000,0,0,0,0,0,0,0,26,26,
2021,1,4,17,57,21,94,1609747041.094000,0,0,0,0,0,0,0,26,26,
2021,1,4,17,57,21,215,1609747041.215000,0,0,0,0,0,0,0,26,26,
2021,1,4,17,57,21,329,1609747041.329000,0,0,0,0,0,0,0,26,26,
2021,1,4,17,57,21,448,1609747041.448000,0,0,0,0,0,0,0,26,26,
2021,1,4,17,57,21,559,1609747041.559000,0,0,0,0,0,0,0,26,26,
2021,1,4,17,57,21,672,1609747041.672000,0,0,0,0,0,0,0,26,26,
2021,1,4,17,57,21,793,1609747041.793000,0,0,0,0,0,0,0,26,26,
2021,1,4,17,57,21,912,1609747041.912000,0,0,0,0,0,0,0,26,26,
2021,1,4,17,57,22,39,1609747042.039000,0,0,0,0,0,0,0,26,26,
2021,1,4,17,57,22,153,1609747042.153000,0,0,0,0,0,0,0,26,26,
2021,1,4,17,57,22,272,1609747042.272000,0,0,0,0,0,0,0,26,26,
2021,1,4,17,57,22,385,1609747042.385000,0,0,0,0,0,0,0,26,26,
2021,1,4,17,57,22,510,1609747042.510000,0,0,0,0,0,0,0,26,26,
2021,1,4,17,57,22,629,1609747042.629000,0,0,0,0,0,0,0,26,26,
2021,1,4,17,57,22,747,1609747042.747000,0,0,0,0,0,0,0,26,26,
2021,1,4,17,57,22,860,1609747042.860000,0,0,0,0,0,0,0,26,26,
2021,1,4,17,57,22,977,1609747042.977000,0,0,0,0,0,0,0,26,26,
2021,1,4,17,57,23,94,1609747043.094000,0,0,0,0,0,0,0,26,26,
2021,1,4,17,57,23,215,1609747043.215000,0,0,0,0,0,0,0,26,26,
2021,1,4,17,57,23,330,1609747043.330000,0,0,0,0,0,0,0,26,26,
2021,1,4,17,57,23,447,1609747043.447000,0,0,0,0,0,0,0,26,26,
2021,1,4,17,57,23,560,1609747043.560000,0,0,0,0,0,0,0,26,26,
2021,1,4,17,57,23,675,1609747043.675000,0,0,0,0,0,0,0,26,26,
2021,1,4,17,57,23,795,1609747043.795000,0,0,0,0,0,0,0,26,26,
2021,1,4,17,57,23,910,1609747043.910000,0,0,0,0,0,0,0,26,26,
2021,1,4,17,57,24,29,1609747044.029000,0,0,0,0,0,0,0,26,26,
2021,1,4,17,57,24,142,1609747044.142000,0,0,0,0,0,0,0,26,26,
2021,1,4,17,57,24,260,1609747044.260000,0,0,0,0,0,0,0,26,26,
2021,1,4,17,57,24,380,1609747044.380000,0,0,0,0,0,0,0,26,26,
2021,1,4,17,57,24,499,1609747044.499000,0,0,0,0,0,0,0,26,26,
2021,1,4,17,57,24,623,1609747044.623000,0,0,0,0,0,0,0,26,26,
2021,1,4,17,57,24,739,1609747044.739000,0,0,0,0,0,0,0,26,26,
2021,1,4,17,57,24,852,1609747044.852000,0,0,0,0,0,0,0,26,26,
2021,1,4,17,57,24,966,1609747044.966000,0,0,0,0,0,0,0,26,26,
2021,1,4,17,57,25,83,1609747045.083000,0,0,0,0,0,0,0,26,26,
2021,1,4,17,57,25,204,1609747045.204000,0,0,0,0,0,0,0,26,26,
2021,1,4,17,57,25,322,1609747045.322000,0,0,0,0,0,0,0,26,26,
2021,1,4,17,57,25,439,1609747045.439000,0,0,0,0,0,0,0,26,26,
2021,1,4,17,57,25,557,1609747045.557000,0,0,0,0,0,0,0,26,26,
2021,1,4,17,57,25,681,1609747045.681000,0,0,0,0,0,0,0,26,26,
2021,1,4,17,57,25,798,1609747045.798000,0,0,0,0,0,0,0,26,26,
2021,1,4,17,57,25,915,1609747045.915000,0,0,0,0,0,0,0,26,26,
2021,1,4,17,57,26,39,1609747046.039000,0,0,0,0,0,0,0,26,26,
2021,1,4,17,57,26,153,1609747046.153000,0,0,0,0,0,0,0,26,26,
2021,1,4,17,57,26,270,1609747046.270000,0,0,0,0,0,0,0,26,26,
2021,1,4,17,57,26,387,1609747046.387000,0,0,0,0,0,0,0,26,26,
2021,1,4,17,57,26,500,1609747046.500000,0,0,0,0,0,0,0,26,26,
2021,1,4,17,57,26,621,1609747046.621000,0,0,0,0,0,0,0,26,26,
2021,1,4,17,57,26,737,1609747046.737000,0,0,0,0,0,0,0,26,26,
2021,1,4,17,57,26,855,1609747046.855000,0,0,0,0,0,0,0,26,26,
2021,1,4,17,57,26,974,1609747046.974000,0,0,0,0,0,0,0,26,26,
2021,1,4,17,57,27,89,1609747047.089000,0,0,0,0,0,0,0,26,26,
2021,1,4,17,57,27,203,1609747047.203000,0,0,0,0,0,0,0,26,26,
2021,1,4,17,57,27,329,1609747047.329000,0,0,0,0,0,0,0,26,26,
2021,1,4,17,57,27,449,1609747047.449000,0,0,0,0,0,0,0,26,26,
2021,1,4,17,57,27,566,1609747047.566000,0,0,0,0,0,0,0,26,26,
2021,1,4,17,57,27,683,1609747047.683000,0,0,0,0,0,0,0,26,26,
2021,1,4,17,57,27,805,1609747047.805000,0,0,0,0,0,0,0,26,26,
2021,1,4,17,57,27,921,1609747047.921000,0,0,0,0,0,0,0,26,26,
2021,1,4,17,57,28,50,1609747048.050000,0,0,0,0,0,0,0,26,26,
2021,1,4,17,57,28,163,1609747048.163000,0,0,0,0,0,0,0,26,26,
2021,1,4,17,57,28,290,1609747048.290000,0,0,0,0,0,0,0,26,26,
2021,1,4,17,57,28,406,1609747048.406000,0,0,0,0,0,0,0,26,26,
2021,1,4,17,57,28,525,1609747048.525000,0,0,0,0,0,0,0,26,26,
2021,1,4,17,57,28,647,1609747048.647000,0,0,0,0,0,0,0,26,26,
2021,1,4,17,57,28,767,1609747048.767000,0,0,0,0,0,0,0,26,26,
2021,1,4,17,57,28,880,1609747048.880000,0,0,0,0,0,0,0,26,26,
2021,1,4,17,57,28,999,1609747048.999000,0,0,0,0,0,0,0,26,26,
2021,1,4,17,57,29,121,1609747049.121000,0,0,0,0,0,0,0,26,26,
2021,1,4,17,57,29,242,1609747049.242000,0,0,0,0,0,0,0,26,26,
2021,1,4,17,57,29,361,1609747049.361000,0,0,0,0,0,0,0,26,26,
2021,1,4,17,57,29,475,1609747049.475000,0,0,0,0,0,0,0,26,26,
2021,1,4,17,57,29,591,1609747049.591000,0,0,0,0,0,0,0,26,26,
2021,1,4,17,57,29,711,1609747049.711000,0,0,0,0,0,0,0,26,26,
2021,1,4,17,57,29,826,1609747049.826000,0,0,0,0,0,0,0,26,26,
2021,1,4,17,57,29,943,1609747049.943000,0,0,0,0,0,0,0,26,26,
2021,1,4,17,57,30,58,1609747050.058000,0,0,0,0,0,0,0,26,26,
2021,1,4,17,57,30,173,1609747050.173000,0,0,0,0,0,0,0,26,26,
2021,1,4,17,57,30,290,1609747050.290000,0,0,0,0,0,0,0,26,26,
2021,1,4,17,57,30,407,1609747050.407000,0,0,0,0,0,0,0,26,26,
2021,1,4,17,57,30,523,1609747050.523000,0,0,0,0,0,0,0,26,26,
2021,1,4,17,57,30,644,1609747050.644000,0,0,0,0,0,0,0,26,26,
2021,1,4,17,57,30,759,1609747050.759000,0,0,0,0,0,0,0,26,26,
2021,1,4,17,57,30,875,1609747050.875000,0,0,0,0,0,0,0,26,26,
2021,1,4,17,57,30,988,1609747050.988000,0,0,0,0,0,0,0,26,26,
2021,1,4,17,57,31,105,1609747051.105000,0,0,0,0,0,0,0,26,26,
2021,1,4,17,57,31,227,1609747051.227000,0,0,0,0,0,0,0,26,26,
2021,1,4,17,57,31,342,1609747051.342000,0,0,0,0,0,0,0,26,26,
2021,1,4,17,57,31,467,1609747051.467000,0,0,0,0,0,0,0,26,26,
2021,1,4,17,57,31,583,1609747051.583000,0,0,0,0,0,0,0,26,26,
2021,1,4,17,57,31,705,1609747051.705000,0,0,0,0,0,0,0,26,26,
2021,1,4,17,57,31,826,1609747051.826000,0,0,0,0,0,0,0,26,26,
2021,1,4,17,57,31,943,1609747051.943000,0,0,0,0,0,0,0,26,26,
2021,1,4,17,57,32,61,1609747052.061000,0,0,0,0,0,0,0,26,26,
2021,1,4,17,57,32,177,1609747052.177000,0,0,0,0,0,0,0,26,26,
2021,1,4,17,57,32,293,1609747052.293000,0,0,0,0,0,0,0,26,26,
2021,1,4,17,57,32,409,1609747052.409000,0,0,0,0,0,0,0,26,26,
2021,1,4,17,57,32,528,1609747052.528000,0,0,0,0,0,0,0,26,26,
2021,1,4,17,57,32,650,1609747052.650000,0,0,0,0,0,0,0,26,26,
2021,1,4,17,57,32,770,1609747052.770000,0,0,0,0,0,0,0,26,26,
2021,1,4,17,57,32,885,1609747052.885000,0,0,0,0,0,0,0,26,26,
2021,1,4,17,57,33,4,1609747053.004000,0,0,0,0,0,0,0,26,26,
2021,1,4,17,57,33,121,1609747053.121000,0,0,0,0,0,0,0,26,26,
2021,1,4,17,57,33,247,1609747053.247000,0,0,0,0,0,0,0,26,26,
2021,1,4,17,57,33,367,1609747053.367000,0,0,0,0,0,0,0,26,26,
2021,1,4,17,57,33,488,1609747053.488000,0,0,0,0,0,0,0,26,26,
2021,1,4,17,57,33,603,1609747053.603000,0,0,0,0,0,0,0,26,26,
2021,1,4,17,57,33,722,1609747053.722000,0,0,0,0,0,0,0,26,26,
2021,1,4,17,57,33,845,1609747053.845000,0,0,0,0,0,0,0,26,26,
2021,1,4,17,57,33,966,1609747053.966000,0,0,0,0,0,0,0,26,26,
2021,1,4,17,57,34,82,1609747054.082000,0,0,0,0,0,0,0,26,26,
2021,1,4,17,57,34,198,1609747054.198000,0,0,0,0,0,0,0,26,26,
2021,1,4,17,57,34,315,1609747054.315000,0,0,0,0,0,0,0,26,26,
2021,1,4,17,57,34,436,1609747054.436000,0,0,0,0,0,0,0,26,26,
2021,1,4,17,57,34,551,1609747054.551000,0,0,0,0,0,0,0,26,26,
2021,1,4,17,57,34,672,1609747054.672000,0,0,0,0,0,0,0,26,26,
2021,1,4,17,57,34,793,1609747054.793000,0,0,0,0,0,0,0,26,26,
2021,1,4,17,57,34,909,1609747054.909000,0,0,0,0,0,0,0,26,26,
2021,1,4,17,57,35,30,1609747055.030000,0,0,0,0,0,0,0,26,26,
2021,1,4,17,57,35,149,1609747055.149000,0,0,0,0,0,0,0,26,26,
2021,1,4,17,57,35,265,1609747055.265000,0,0,0,0,0,0,0,26,26,
2021,1,4,17,57,35,381,1609747055.381000,0,0,0,0,0,0,0,26,26,
2021,1,4,17,57,35,496,1609747055.496000,0,0,0,0,0,0,0,26,26,
2021,1,4,17,57,35,611,1609747055.611000,0,0,0,0,0,0,0,26,26,
2021,1,4,17,57,35,732,1609747055.732000,0,0,0,0,0,0,0,26,26,
2021,1,4,17,57,35,850,1609747055.850000,0,0,0,0,0,0,0,26,26,
2021,1,4,17,57,35,973,1609747055.973000,0,0,0,0,0,0,0,26,26,
2021,1,4,17,57,36,97,1609747056.097000,0,0,0,0,0,0,0,26,26,
2021,1,4,17,57,36,215,1609747056.215000,0,0,0,0,0,0,0,26,26,
2021,1,4,17,57,36,338,1609747056.338000,0,0,0,0,0,0,0,26,26,
2021,1,4,17,57,36,460,1609747056.460000,0,0,0,0,0,0,0,26,26,
2021,1,4,17,57,36,576,1609747056.576000,0,0,0,0,0,0,0,26,26,
2021,1,4,17,57,36,693,1609747056.693000,0,0,0,0,0,0,0,26,26,
2021,1,4,17,57,36,818,1609747056.818000,0,0,0,0,0,0,0,26,26,
2021,1,4,17,57,36,937,1609747056.937000,0,0,0,0,0,0,0,26,26,
2021,1,4,17,57,37,51,1609747057.051000,0,0,0,0,0,0,0,26,26,
2021,1,4,17,57,37,168,1609747057.168000,0,0,0,0,0,0,0,26,26,
2021,1,4,17,57,37,286,1609747057.286000,0,0,0,0,0,0,0,26,26,
2021,1,4,17,57,37,402,1609747057.402000,0,0,0,0,0,0,0,26,26,
2021,1,4,17,57,37,521,1609747057.521000,0,0,0,0,0,0,0,26,26,
2021,1,4,17,57,37,636,1609747057.636000,0,0,0,0,0,0,0,26,26,
2021,1,4,17,57,37,751,1609747057.751000,0,0,0,0,0,0,0,26,26,
2021,1,4,17,57,37,870,1609747057.870000,0,0,0,0,0,0,0,26,26,
2021,1,4,17,57,37,989,1609747057.989000,0,0,0,0,0,0,0,26,26,
2021,1,4,17,57,38,112,1609747058.112000,0,0,0,0,0,0,0,26,26,
2021,1,4,17,57,38,229,1609747058.229000,0,0,0,0,0,0,0,26,26,
2021,1,4,17,57,38,343,1609747058.343000,0,0,0,0,0,0,0,26,26,
2021,1,4,17,57,38,462,1609747058.462000,0,0,0,0,0,0,0,26,26,
2021,1,4,17,57,38,585,1609747058.585000,0,0,0,0,0,0,0,26,26,
2021,1,4,17,57,38,706,1609747058.706000,0,0,0,0,0,0,0,26,26,
2021,1,4,17,57,38,828,1609747058.828000,0,0,0,0,0,0,0,26,26,
2021,1,4,17,57,38,948,1609747058.948000,0,0,0,0,0,0,0,26,26,
2021,1,4,17,57,39,65,1609747059.065000,0,0,0,0,0,0,0,26,26,
2021,1,4,17,57,39,191,1609747059.191000,0,0,0,0,0,0,0,26,26,
2021,1,4,17,57,39,308,1609747059.308000,0,0,0,0,0,0,0,26,26,
2021,1,4,17,57,39,434,1609747059.434000,0,0,0,0,0,0,0,26,26,
2021,1,4,17,57,39,547,1609747059.547000,0,0,0,0,0,0,0,26,26,
2021,1,4,17,57,39,669,1609747059.669000,0,0,0,0,0,0,0,26,26,
2021,1,4,17,57,39,788,1609747059.788000,0,0,0,0,0,0,0,26,26,
2021,1,4,17,57,39,907,1609747059.907000,0,0,0,0,0,0,0,26,26,
2021,1,4,17,57,40,24,1609747060.024000,0,0,0,0,0,0,0,26,26,
2021,1,4,17,57,40,140,1609747060.140000,0,0,0,0,0,0,0,26,26,
2021,1,4,17,57,40,259,1609747060.259000,0,0,0,0,0,0,0,26,26,
2021,1,4,17,57,40,376,1609747060.376000,0,0,0,0,0,0,0,26,26,
2021,1,4,17,57,40,498,1609747060.498000,0,0,0,0,0,0,0,26,26,
2021,1,4,17,57,40,613,1609747060.613000,0,0,0,0,0,0,0,26,26,
2021,1,4,17,57,40,731,1609747060.731000,0,0,0,0,0,0,0,26,26,
2021,1,4,17,57,40,847,1609747060.847000,0,0,0,0,0,0,0,26,26,
2021,1,4,17,57,40,967,1609747060.967000,0,0,0,0,0,0,0,26,26,
2021,1,4,17,57,41,85,1609747061.085000,0,0,0,0,0,0,0,26,26,
2021,1,4,17,57,41,200,1609747061.200000,0,0,0,0,0,0,0,26,26,
2021,1,4,17,57,41,324,1609747061.324000,0,0,0,0,0,0,0,26,26,
2021,1,4,17,57,41,446,1609747061.446000,0,0,0,0,0,0,0,26,26,
2021,1,4,17,57,41,562,1609747061.562000,0,0,0,0,0,0,0,26,26,
2021,1,4,17,57,41,687,1609747061.687000,0,0,0,0,0,0,0,26,26,
2021,1,4,17,57,41,809,1609747061.809000,0,0,0,0,0,0,0,26,26,
2021,1,4,17,57,41,932,1609747061.932000,0,0,0,0,0,0,0,26,26,
2021,1,4,17,57,42,54,1609747062.054000,0,0,0,0,0,0,0,26,26,
2021,1,4,17,57,42,173,1609747062.173000,0,0,0,0,0,0,0,26,26,
2021,1,4,17,57,42,291,1609747062.291000,0,0,0,0,0,0,0,26,26,
2021,1,4,17,57,42,410,1609747062.410000,0,0,0,0,0,0,0,26,26,
2021,1,4,17,57,42,529,1609747062.529000,0,0,0,0,0,0,0,26,26,
2021,1,4,17,57,42,647,1609747062.647000,0,0,0,0,0,0,0,26,26,
2021,1,4,17,57,42,763,1609747062.763000,0,0,0,0,0,0,0,26,26,
2021,1,4,17,57,42,887,1609747062.887000,0,0,0,0,0,0,0,26,26,
2021,1,4,17,57,43,8,1609747063.008000,0,0,0,0,0,0,0,26,26,
2021,1,4,17,57,43,127,1609747063.127000,0,0,0,0,0,0,0,26,26,
2021,1,4,17,57,43,245,1609747063.245000,0,0,0,0,0,0,0,26,26,
2021,1,4,17,57,43,366,1609747063.366000,0,0,0,0,0,0,0,26,26,
2021,1,4,17,57,43,486,1609747063.486000,0,0,0,0,0,0,0,26,26,
2021,1,4,17,57,43,602,1609747063.602000,0,0,0,0,0,0,0,26,26,
2021,1,4,17,57,43,725,1609747063.725000,0,0,0,0,0,0,0,26,26,
2021,1,4,17,57,43,845,1609747063.845000,0,0,0,0,0,0,0,26,26,
2021,1,4,17,57,43,961,1609747063.961000,0,0,0,0,0,0,0,26,26,
2021,1,4,17,57,44,80,1609747064.080000,0,0,0,0,0,0,0,26,26,
2021,1,4,17,57,44,198,1609747064.198000,0,0,0,0,0,0,0,26,26,
2021,1,4,17,57,44,332,1609747064.332000,0,0,0,0,0,0,0,26,26,
2021,1,4,17,57,44,450,1609747064.450000,0,0,0,0,0,0,0,26,26,
2021,1,4,17,57,44,565,1609747064.565000,0,0,0,0,0,0,0,26,26,
2021,1,4,17,57,44,683,1609747064.683000,0,0,0,0,0,0,0,26,26,
2021,1,4,17,57,44,802,1609747064.802000,0,0,0,0,0,0,0,26,26,
2021,1,4,17,57,44,916,1609747064.916000,0,0,0,0,0,0,0,26,26,
2021,1,4,17,57,45,33,1609747065.033000,0,0,0,0,0,0,0,26,26,
2021,1,4,17,57,45,146,1609747065.146000,0,0,0,0,0,0,0,26,26,
2021,1,4,17,57,45,265,1609747065.265000,0,0,0,0,0,0,0,26,26,
2021,1,4,17,57,45,383,1609747065.383000,0,0,0,0,0,0,0,26,26,
2021,1,4,17,57,45,504,1609747065.504000,0,0,0,0,0,0,0,26,26,
2021,1,4,17,57,45,619,1609747065.619000,0,0,0,0,0,0,0,26,26,
2021,1,4,17,57,45,739,1609747065.739000,0,0,0,0,0,0,0,26,26,
2021,1,4,17,57,45,854,1609747065.854000,0,0,0,0,0,0,0,26,26,
2021,1,4,17,57,45,968,1609747065.968000,0,0,0,0,0,0,0,26,26,
2021,1,4,17,57,46,90,1609747066.090000,0,0,0,0,0,0,0,26,26,
2021,1,4,17,57,46,212,1609747066.212000,0,0,0,0,0,0,0,26,26,
2021,1,4,17,57,46,333,1609747066.333000,0,0,0,0,0,0,0,26,26,
2021,1,4,17,57,46,451,1609747066.451000,0,0,0,0,0,0,0,26,26,
2021,1,4,17,57,46,571,1609747066.571000,0,0,0,0,0,0,0,26,26,
2021,1,4,17,57,46,685,1609747066.685000,0,0,0,0,0,0,0,26,26,
2021,1,4,17,57,46,808,1609747066.808000,0,0,0,0,0,0,0,26,26,
2021,1,4,17,57,46,933,1609747066.933000,0,0,0,0,0,0,0,26,26,
2021,1,4,17,57,47,52,1609747067.052000,0,0,0,0,0,0,0,26,26,
2021,1,4,17,57,47,165,1609747067.165000,0,0,0,0,0,0,0,26,26,
2021,1,4,17,57,47,279,1609747067.279000,0,0,0,0,0,0,0,26,26,
2021,1,4,17,57,47,400,1609747067.400000,0,0,0,0,0,0,0,26,26,
2021,1,4,17,57,47,520,1609747067.520000,0,0,0,0,0,0,0,26,26,
2021,1,4,17,57,47,637,1609747067.637000,0,0,0,0,0,0,0,26,26,
2021,1,4,17,57,47,757,1609747067.757000,0,0,0,0,0,0,0,26,26,
2021,1,4,17,57,47,874,1609747067.874000,0,0,0,0,0,0,0,26,26,
2021,1,4,17,57,47,997,1609747067.997000,0,0,0,0,0,0,0,26,26,
2021,1,4,17,57,48,116,1609747068.116000,0,0,0,0,0,0,0,26,26,
2021,1,4,17,57,48,232,1609747068.232000,0,0,0,0,0,0,0,26,26,
2021,1,4,17,57,48,350,1609747068.350000,0,0,0,0,0,0,0,26,26,
2021,1,4,17,57,48,472,1609747068.472000,0,0,0,0,0,0,0,26,26,
2021,1,4,17,57,48,589,1609747068.589000,0,0,0,0,0,0,0,26,26,
2021,1,4,17,57,48,707,1609747068.707000,0,0,0,0,0,0,0,26,26,
2021,1,4,17,57,48,827,1609747068.827000,0,0,0,0,0,0,0,26,26,
2021,1,4,17,57,48,943,1609747068.943000,0,0,0,0,0,0,0,26,26,
2021,1,4,17,57,49,72,1609747069.072000,0,0,0,0,0,0,0,26,26,
2021,1,4,17,57,49,186,1609747069.186000,0,0,0,0,0,0,0,26,26,
2021,1,4,17,57,49,301,1609747069.301000,0,0,0,0,0,0,0,26,26,
2021,1,4,17,57,49,417,1609747069.417000,0,0,0,0,0,0,0,26,26,
2021,1,4,17,57,49,538,1609747069.538000,0,0,0,0,0,0,0,26,26,
2021,1,4,17,57,49,657,1609747069.657000,0,0,0,0,0,0,0,26,26,
2021,1,4,17,57,49,777,1609747069.777000,0,0,0,0,0,0,0,26,26,
2021,1,4,17,57,49,893,1609747069.893000,0,0,0,0,0,0,0,26,26,
2021,1,4,17,57,50,11,1609747070.011000,0,0,0,0,0,0,0,26,26,
2021,1,4,17,57,50,127,1609747070.127000,0,0,0,0,0,0,0,26,26,
2021,1,4,17,57,50,255,1609747070.255000,0,0,0,0,0,0,0,26,26,
2021,1,4,17,57,50,371,1609747070.371000,0,0,0,0,0,0,0,26,26,
2021,1,4,17,57,50,492,1609747070.492000,0,0,0,0,0,0,0,26,26,
2021,1,4,17,57,50,608,1609747070.608000,0,0,0,0,0,0,0,26,26,
2021,1,4,17,57,50,732,1609747070.732000,0,0,0,0,0,0,0,26,26,
2021,1,4,17,57,50,850,1609747070.850000,0,0,0,0,0,0,0,26,26,
2021,1,4,17,57,50,966,1609747070.966000,0,0,0,0,0,0,0,26,26,
2021,1,4,17,57,51,82,1609747071.082000,0,0,0,0,0,0,0,26,26,
2021,1,4,17,57,51,199,1609747071.199000,0,0,0,0,0,0,0,26,26,
2021,1,4,17,57,51,316,1609747071.316000,0,0,0,0,0,0,0,26,26,
2021,1,4,17,57,51,432,1609747071.432000,0,0,0,0,0,0,0,26,26,
2021,1,4,17,57,51,547,1609747071.547000,0,0,0,0,0,0,0,26,26,
2021,1,4,17,57,51,665,1609747071.665000,0,0,0,0,0,0,0,26,26,
2021,1,4,17,57,51,782,1609747071.782000,0,0,0,0,0,0,0,26,26,
2021,1,4,17,57,51,906,1609747071.906000,0,0,0,0,0,0,0,26,26,
2021,1,4,17,57,52,29,1609747072.029000,0,0,0,0,0,0,0,26,26,
2021,1,4,17,57,52,154,1609747072.154000,0,0,0,0,0,0,0,26,26,
2021,1,4,17,57,52,271,1609747072.271000,0,0,0,0,0,0,0,26,26,
2021,1,4,17,57,52,387,1609747072.387000,0,0,0,0,0,0,0,26,26,
2021,1,4,17,57,52,507,1609747072.507000,0,0,0,0,0,0,0,26,26,
2021,1,4,17,57,52,627,1609747072.627000,0,0,0,0,0,0,0,26,26,
2021,1,4,17,57,52,744,1609747072.744000,0,0,0,0,0,0,0,26,26,
2021,1,4,17,57,52,857,1609747072.857000,0,0,0,0,0,0,0,26,26,
2021,1,4,17,57,52,971,1609747072.971000,0,0,0,0,0,0,0,26,26,
2021,1,4,17,57,53,86,1609747073.086000,0,0,0,0,0,0,0,26,26,
2021,1,4,17,57,53,215,1609747073.215000,0,0,0,0,0,0,0,26,26,
2021,1,4,17,57,53,330,1609747073.330000,0,0,0,0,0,0,0,26,26,
2021,1,4,17,57,53,447,1609747073.447000,0,0,0,0,0,0,0,26,26,
2021,1,4,17,57,53,562,1609747073.562000,0,0,0,0,0,0,0,26,26,
2021,1,4,17,57,53,683,1609747073.683000,0,0,0,0,0,0,0,26,26,
2021,1,4,17,57,53,806,1609747073.806000,0,0,0,0,0,0,0,26,26,
2021,1,4,17,57,53,928,1609747073.928000,0,0,0,0,0,0,0,26,26,
2021,1,4,17,57,54,53,1609747074.053000,0,0,0,0,0,0,0,26,26,
2021,1,4,17,57,54,171,1609747074.171000,0,0,0,0,0,0,0,26,26,
2021,1,4,17,57,54,286,1609747074.286000,0,0,0,0,0,0,0,26,26,
2021,1,4,17,57,54,408,1609747074.408000,0,0,0,0,0,0,0,26,26,
2021,1,4,17,57,54,531,1609747074.531000,0,0,0,0,0,0,0,26,26,
2021,1,4,17,57,54,652,1609747074.652000,0,0,0,0,0,0,0,26,26,
2021,1,4,17,57,54,776,1609747074.776000,0,0,0,0,0,0,0,26,26,
2021,1,4,17,57,54,890,1609747074.890000,0,0,0,0,0,0,0,26,26,
2021,1,4,17,57,55,15,1609747075.015000,0,0,0,0,0,0,0,26,26,
2021,1,4,17,57,55,131,1609747075.131000,0,0,0,0,0,0,0,26,26,
2021,1,4,17,57,55,256,1609747075.256000,0,0,0,0,0,0,0,26,26,
2021,1,4,17,57,55,374,1609747075.374000,0,0,0,0,0,0,0,26,26,
2021,1,4,17,57,55,490,1609747075.490000,0,0,0,0,0,0,0,26,26,
2021,1,4,17,57,55,606,1609747075.606000,0,0,0,0,0,0,0,26,26,
2021,1,4,17,57,55,725,1609747075.725000,0,0,0,0,0,0,0,26,26,
2021,1,4,17,57,55,843,1609747075.843000,0,0,0,0,0,0,0,26,26,
2021,1,4,17,57,55,961,1609747075.961000,0,0,0,0,0,0,0,26,26,
2021,1,4,17,57,56,77,1609747076.077000,0,0,0,0,0,0,0,26,26,
2021,1,4,17,57,56,193,1609747076.193000,0,0,0,0,0,0,0,26,26,
2021,1,4,17,57,56,309,1609747076.309000,0,0,0,0,0,0,0,26,26,
2021,1,4,17,57,56,426,1609747076.426000,0,0,0,0,0,0,0,26,26,
2021,1,4,17,57,56,544,1609747076.544000,0,0,0,0,0,0,0,26,26,
2021,1,4,17,57,56,666,1609747076.666000,0,0,0,0,0,0,0,26,26,
2021,1,4,17,57,56,783,1609747076.783000,0,0,0,0,0,0,0,26,26,
2021,1,4,17,57,56,900,1609747076.900000,0,0,0,0,0,0,0,26,26,
2021,1,4,17,57,57,18,1609747077.018000,0,0,0,0,0,0,0,26,26,
2021,1,4,17,57,57,137,1609747077.137000,0,0,0,0,0,0,0,26,26,
2021,1,4,17,57,57,255,1609747077.255000,0,0,0,0,0,0,0,26,26,
2021,1,4,17,57,57,379,1609747077.379000,0,0,0,0,0,0,0,26,26,
2021,1,4,17,57,57,501,1609747077.501000,0,0,0,0,0,0,0,26,26,
2021,1,4,17,57,57,621,1609747077.621000,0,0,0,0,0,0,0,26,26,
2021,1,4,17,57,57,735,1609747077.735000,0,0,0,0,0,0,0,26,26,
2021,1,4,17,57,57,855,1609747077.855000,0,0,0,0,0,0,0,26,26,
2021,1,4,17,57,57,972,1609747077.972000,0,0,0,0,0,0,0,26,26,
2021,1,4,17,57,58,86,1609747078.086000,0,0,0,0,0,0,0,26,26,
2021,1,4,17,57,58,224,1609747078.224000,0,0,0,0,0,0,0,26,26,
2021,1,4,17,57,58,369,1609747078.369000,0,0,0,0,0,0,0,26,26,
2021,1,4,17,57,58,521,1609747078.521000,0,0,0,0,0,0,0,26,26,
2021,1,4,17,57,58,667,1609747078.667000,0,0,0,0,0,0,0,26,26,
2021,1,4,17,57,58,804,1609747078.804000,0,0,0,0,0,0,0,26,26,
2021,1,4,17,57,58,919,1609747078.919000,0,0,0,0,0,0,0,26,26,
2021,1,4,17,57,59,46,1609747079.046000,0,0,0,0,0,0,0,26,26,
2021,1,4,17,57,59,172,1609747079.172000,0,0,0,0,0,0,0,26,26,
2021,1,4,17,57,59,292,1609747079.292000,0,0,0,0,0,0,0,26,26,
2021,1,4,17,57,59,407,1609747079.407000,0,0,0,0,0,0,0,26,26,
2021,1,4,17,57,59,530,1609747079.530000,0,0,0,0,0,0,0,26,26,
2021,1,4,17,57,59,647,1609747079.647000,0,0,0,0,0,0,0,26,26,
2021,1,4,17,57,59,783,1609747079.783000,0,0,0,0,0,0,0,26,26,
2021,1,4,17,57,59,905,1609747079.905000,0,0,0,0,0,0,0,26,26,
2021,1,4,17,58,0,20,1609747080.020000,0,0,0,0,0,0,0,26,26,
2021,1,4,17,58,0,137,1609747080.137000,0,0,0,0,0,0,0,26,26,
2021,1,4,17,58,0,257,1609747080.257000,0,0,0,0,0,0,0,26,26,
2021,1,4,17,58,0,376,1609747080.376000,0,0,0,0,0,0,0,26,26,
2021,1,4,17,58,0,496,1609747080.496000,0,0,0,0,0,0,0,26,26,
2021,1,4,17,58,0,617,1609747080.617000,0,0,0,0,0,0,0,26,26,
2021,1,4,17,58,0,737,1609747080.737000,0,0,0,0,0,0,0,26,26,
2021,1,4,17,58,0,861,1609747080.861000,0,0,0,0,0,0,0,26,26,
2021,1,4,17,58,0,982,1609747080.982000,0,0,0,0,0,0,0,26,26,
2021,1,4,17,58,1,105,1609747081.105000,0,0,0,0,0,0,0,26,26,
2021,1,4,17,58,1,223,1609747081.223000,0,0,0,0,0,0,0,26,26,
2021,1,4,17,58,1,337,1609747081.337000,0,0,0,0,0,0,0,26,26,
2021,1,4,17,58,1,454,1609747081.454000,0,0,0,0,0,0,0,26,26,
2021,1,4,17,58,1,576,1609747081.576000,0,0,0,0,0,0,0,26,26,
2021,1,4,17,58,1,694,1609747081.694000,0,0,0,0,0,0,0,26,26,
2021,1,4,17,58,1,818,1609747081.818000,0,0,0,0,0,0,0,26,26,
2021,1,4,17,58,1,940,1609747081.940000,0,0,0,0,0,0,0,26,26,
2021,1,4,17,58,2,55,1609747082.055000,0,0,0,0,0,0,0,26,26,
2021,1,4,17,58,2,177,1609747082.177000,0,0,0,0,0,0,0,26,26,
2021,1,4,17,58,2,299,1609747082.299000,0,0,0,0,0,0,0,26,26,
2021,1,4,17,58,2,423,1609747082.423000,0,0,0,0,0,0,0,26,26,
2021,1,4,17,58,2,537,1609747082.537000,0,0,0,0,0,0,0,26,26,
2021,1,4,17,58,2,661,1609747082.661000,0,0,0,0,0,0,0,26,26,
2021,1,4,17,58,2,782,1609747082.782000,0,0,0,0,0,0,0,26,26,
2021,1,4,17,58,2,907,1609747082.907000,0,0,0,0,0,0,0,26,26,
2021,1,4,17,58,3,28,1609747083.028000,0,0,0,0,0,0,0,26,26,
2021,1,4,17,58,3,142,1609747083.142000,0,0,0,0,0,0,0,26,26,
2021,1,4,17,58,3,259,1609747083.259000,0,0,0,0,0,0,0,26,26,
2021,1,4,17,58,3,381,1609747083.381000,0,0,0,0,0,0,0,23,26,
2021,1,4,17,58,3,500,1609747083.500000,0,0,0,0,0,0,0,10,26,
2021,1,4,17,58,3,616,1609747083.616000,0,0,0,0,0,0,0,10,26,
2021,1,4,17,58,3,731,1609747083.731000,0,0,0,0,0,0,0,8,26,
2021,1,4,17,58,3,853,1609747083.853000,0,0,0,0,0,0,0,4,26,
2021,1,4,17,58,3,973,1609747083.973000,0,0,0,0,0,0,0,0,26,
2021,1,4,17,58,4,95,1609747084.095000,0,0,0,0,0,0,0,0,26,
2021,1,4,17,58,4,219,1609747084.219000,0,0,0,0,0,0,0,0,26,
2021,1,4,17,58,4,339,1609747084.339000,0,0,0,0,0,0,0,0,26,
2021,1,4,17,58,4,459,1609747084.459000,0,0,0,0,0,0,0,0,26,
2021,1,4,17,58,4,580,1609747084.580000,0,0,0,0,0,0,0,0,26,
2021,1,4,17,58,4,704,1609747084.704000,0,0,0,0,0,0,0,0,26,
2021,1,4,17,58,4,831,1609747084.831000,0,0,0,0,0,0,0,0,26,
2021,1,4,17,58,4,946,1609747084.946000,0,0,0,0,0,0,0,0,26,
2021,1,4,17,58,5,71,1609747085.071000,0,0,0,0,0,0,0,0,26,
2021,1,4,17,58,5,190,1609747085.190000,0,0,0,0,0,0,0,0,26,
2021,1,4,17,58,5,309,1609747085.309000,0,0,0,0,0,0,0,0,26,
2021,1,4,17,58,5,437,1609747085.437000,0,0,0,0,0,0,0,0,26,
2021,1,4,17,58,5,555,1609747085.555000,0,0,0,0,0,0,0,0,26,
2021,1,4,17,58,5,674,1609747085.674000,0,0,0,0,0,0,0,0,26,
2021,1,4,17,58,5,792,1609747085.792000,0,0,0,0,0,0,0,0,26,
2021,1,4,17,58,5,909,1609747085.909000,0,0,0,0,0,0,0,0,26,
2021,1,4,17,58,6,29,1609747086.029000,0,0,0,0,0,0,0,0,26,
2021,1,4,17,58,6,144,1609747086.144000,0,0,0,0,0,0,0,0,26,
2021,1,4,17,58,6,265,1609747086.265000,0,0,0,0,0,0,0,0,26,
2021,1,4,17,58,6,383,1609747086.383000,0,0,0,0,0,0,0,0,26,
2021,1,4,17,58,6,500,1609747086.500000,0,0,0,0,0,0,0,0,26,
2021,1,4,17,58,6,618,1609747086.618000,0,0,0,0,0,0,0,0,26,
2021,1,4,17,58,6,732,1609747086.732000,0,0,0,0,0,0,0,0,26,
2021,1,4,17,58,6,851,1609747086.851000,0,0,0,0,0,0,0,0,26,
2021,1,4,17,58,6,969,1609747086.969000,0,0,0,0,0,0,0,0,26,
2021,1,4,17,58,7,85,1609747087.085000,0,0,0,0,0,0,0,0,26,
2021,1,4,17,58,7,211,1609747087.211000,0,0,0,0,0,0,0,0,26,
2021,1,4,17,58,7,329,1609747087.329000,0,0,0,0,0,0,0,0,26,
2021,1,4,17,58,7,451,1609747087.451000,0,0,0,0,0,0,0,0,26,
2021,1,4,17,58,7,566,1609747087.566000,0,0,0,0,0,0,0,0,26,
2021,1,4,17,58,7,683,1609747087.683000,0,0,0,0,0,0,0,0,26,
2021,1,4,17,58,7,810,1609747087.810000,0,0,0,0,0,0,0,0,26,
2021,1,4,17,58,7,932,1609747087.932000,0,0,0,0,0,0,0,0,26,
2021,1,4,17,58,8,50,1609747088.050000,0,0,0,0,0,0,0,0,26,
2021,1,4,17,58,8,169,1609747088.169000,0,0,0,0,0,0,0,0,26,
2021,1,4,17,58,8,294,1609747088.294000,0,0,0,0,0,0,0,0,26,
2021,1,4,17,58,8,417,1609747088.417000,0,0,0,0,0,0,0,0,26,
2021,1,4,17,58,8,533,1609747088.533000,0,0,0,0,0,0,0,0,26,
2021,1,4,17,58,8,651,1609747088.651000,0,0,0,0,0,0,0,0,26,
2021,1,4,17,58,8,769,1609747088.769000,0,0,0,0,0,0,0,0,26,
2021,1,4,17,58,8,889,1609747088.889000,0,0,0,0,0,0,0,0,26,
2021,1,4,17,58,9,11,1609747089.011000,0,0,0,0,0,0,0,0,26,
2021,1,4,17,58,9,133,1609747089.133000,0,0,0,0,0,0,0,0,26,
2021,1,4,17,58,9,249,1609747089.249000,0,0,0,0,0,0,0,0,26,
2021,1,4,17,58,9,367,1609747089.367000,0,0,0,0,0,0,0,0,26,
2021,1,4,17,58,9,491,1609747089.491000,0,0,0,0,0,0,0,0,26,
2021,1,4,17,58,9,609,1609747089.609000,0,0,0,0,0,0,0,0,26,
2021,1,4,17,58,9,732,1609747089.732000,0,0,0,0,0,0,0,0,26,
2021,1,4,17,58,9,851,1609747089.851000,0,0,0,0,0,0,0,0,26,
2021,1,4,17,58,9,967,1609747089.967000,0,0,0,0,0,0,0,0,26,
2021,1,4,17,58,10,90,1609747090.090000,0,0,0,0,0,0,0,0,26,
2021,1,4,17,58,10,212,1609747090.212000,0,0,0,0,0,0,0,0,26,
2021,1,4,17,58,10,341,1609747090.341000,0,0,0,0,0,0,0,0,26,
2021,1,4,17,58,10,465,1609747090.465000,0,0,0,0,0,0,0,0,26,
2021,1,4,17,58,10,586,1609747090.586000,0,0,0,0,0,0,0,0,26,
2021,1,4,17,58,10,707,1609747090.707000,0,0,0,0,0,0,0,0,26,
2021,1,4,17,58,10,830,1609747090.830000,0,0,0,0,0,0,0,0,26,
2021,1,4,17,58,10,947,1609747090.947000,0,0,0,0,0,0,0,0,26,
2021,1,4,17,58,11,60,1609747091.060000,0,0,0,0,0,0,0,0,26,
2021,1,4,17,58,11,175,1609747091.175000,0,0,0,0,0,0,0,0,26,
2021,1,4,17,58,11,291,1609747091.291000,0,0,0,0,0,0,0,0,26,
2021,1,4,17,58,11,415,1609747091.415000,0,0,0,0,0,0,0,0,26,
2021,1,4,17,58,11,532,1609747091.532000,0,0,0,0,0,0,0,0,26,
2021,1,4,17,58,11,649,1609747091.649000,0,0,0,0,0,0,0,0,26,
2021,1,4,17,58,11,768,1609747091.768000,0,0,0,0,0,0,0,0,26,
2021,1,4,17,58,11,887,1609747091.887000,0,0,0,0,0,0,0,0,26,
2021,1,4,17,58,12,10,1609747092.010000,0,0,0,0,0,0,0,0,26,
2021,1,4,17,58,12,129,1609747092.129000,0,0,0,0,0,0,0,0,26,
2021,1,4,17,58,12,248,1609747092.248000,0,0,0,0,0,0,0,0,26,
2021,1,4,17,58,12,369,1609747092.369000,0,0,0,0,0,0,0,0,26,
2021,1,4,17,58,12,482,1609747092.482000,0,0,0,0,0,0,0,0,26,
2021,1,4,17,58,12,602,1609747092.602000,0,0,0,0,0,0,0,0,26,
2021,1,4,17,58,12,717,1609747092.717000,0,0,0,0,0,0,0,0,26,
2021,1,4,17,58,12,837,1609747092.837000,0,0,0,0,0,0,0,0,26,
2021,1,4,17,58,12,956,1609747092.956000,0,0,0,0,0,0,0,0,26,
2021,1,4,17,58,13,83,1609747093.083000,0,0,0,0,0,0,0,0,26,
2021,1,4,17,58,13,200,1609747093.200000,0,0,0,0,0,0,0,0,26,
2021,1,4,17,58,13,333,1609747093.333000,0,0,0,0,0,0,0,0,26,
2021,1,4,17,58,13,456,1609747093.456000,0,0,0,0,0,0,0,0,26,
2021,1,4,17,58,13,575,1609747093.575000,0,0,0,0,0,0,0,0,26,
2021,1,4,17,58,13,696,1609747093.696000,0,0,0,0,0,0,0,0,26,
2021,1,4,17,58,13,816,1609747093.816000,0,0,0,0,0,0,0,0,26,
2021,1,4,17,58,13,937,1609747093.937000,0,0,0,0,0,0,0,0,26,
2021,1,4,17,58,14,61,1609747094.061000,0,0,0,0,0,0,0,0,26,
2021,1,4,17,58,14,179,1609747094.179000,0,0,0,0,0,0,0,0,26,
2021,1,4,17,58,14,300,1609747094.300000,0,0,0,0,0,0,0,0,26,
2021,1,4,17,58,14,417,1609747094.417000,0,0,0,0,0,0,0,0,26,
2021,1,4,17,58,14,538,1609747094.538000,0,0,0,0,0,0,0,0,26,
2021,1,4,17,58,14,656,1609747094.656000,0,0,0,0,0,0,0,0,26,
2021,1,4,17,58,14,777,1609747094.777000,0,0,0,0,0,0,0,0,26,
2021,1,4,17,58,14,894,1609747094.894000,0,0,0,0,0,0,0,0,26,
2021,1,4,17,58,15,17,1609747095.017000,0,0,0,0,0,0,0,0,26,
2021,1,4,17,58,15,142,1609747095.142000,0,0,0,0,0,0,0,0,26,
2021,1,4,17,58,15,265,1609747095.265000,0,0,0,0,0,0,0,0,26,
2021,1,4,17,58,15,389,1609747095.389000,0,0,0,0,0,0,0,0,26,
2021,1,4,17,58,15,520,1609747095.520000,0,0,0,0,0,0,0,2,5,
2021,1,4,17,58,15,635,1609747095.635000,0,0,0,0,0,0,0,4,4,
2021,1,4,17,58,15,756,1609747095.756000,0,0,0,0,0,0,0,8,8,
2021,1,4,17,58,15,872,1609747095.872000,0,0,0,0,0,0,0,10,10,
2021,1,4,17,58,15,991,1609747095.991000,0,0,0,0,0,0,0,16,16,
2021,1,4,17,58,16,117,1609747096.117000,0,0,0,0,0,0,0,17,17,
2021,1,4,17,58,16,238,1609747096.238000,0,0,0,0,0,0,0,21,21,
2021,1,4,17,58,16,360,1609747096.360000,0,0,0,0,0,0,0,25,25,
2021,1,4,17,58,16,483,1609747096.483000,0,0,0,0,0,0,0,26,26,
2021,1,4,17,58,16,600,1609747096.600000,0,0,0,0,0,0,0,26,26,
2021,1,4,17,58,16,714,1609747096.714000,0,0,0,0,0,0,0,24,24,
2021,1,4,17,58,16,842,1609747096.842000,0,0,0,0,0,0,0,13,13,
2021,1,4,17,58,16,972,1609747096.972000,0,0,0,0,0,0,0,11,11,
2021,1,4,17,58,17,90,1609747097.090000,0,0,0,0,0,0,0,7,7,
2021,1,4,17,58,17,209,1609747097.209000,0,0,0,0,0,0,0,7,7,
2021,1,4,17,58,17,327,1609747097.327000,0,0,0,0,0,0,0,8,8,
2021,1,4,17,58,17,449,1609747097.449000,0,0,0,0,0,0,0,8,8,
2021,1,4,17,58,17,568,1609747097.568000,0,0,0,0,0,0,0,25,25,
2021,1,4,17,58,17,686,1609747097.686000,0,0,0,0,0,0,0,26,26,
2021,1,4,17,58,17,809,1609747097.809000,0,0,0,0,0,0,0,26,26,
2021,1,4,17,58,17,929,1609747097.929000,0,0,0,0,0,0,0,26,26,
2021,1,4,17,58,18,57,1609747098.057000,0,0,0,0,0,0,0,26,26,
2021,1,4,17,58,18,175,1609747098.175000,0,0,0,0,0,0,0,26,26,
2021,1,4,17,58,18,297,1609747098.297000,0,0,0,0,0,0,0,26,26,
2021,1,4,17,58,18,422,1609747098.422000,0,0,0,0,0,0,0,26,26,
2021,1,4,17,58,18,540,1609747098.540000,0,0,0,0,0,0,0,26,26,
2021,1,4,17,58,18,662,1609747098.662000,0,0,0,0,0,0,0,26,26,
2021,1,4,17,58,18,778,1609747098.778000,0,0,0,0,0,0,0,26,26,
2021,1,4,17,58,18,895,1609747098.895000,0,0,0,0,0,0,0,26,26,
2021,1,4,17,58,19,19,1609747099.019000,0,0,0,0,0,0,0,26,26,
2021,1,4,17,58,19,141,1609747099.141000,0,0,0,0,0,0,0,26,26,
2021,1,4,17,58,19,257,1609747099.257000,0,0,0,0,0,0,0,26,26,
2021,1,4,17,58,19,380,1609747099.380000,0,0,0,0,0,0,0,26,26,
2021,1,4,17,58,19,501,1609747099.501000,0,0,0,0,0,0,0,26,26,
2021,1,4,17,58,19,617,1609747099.617000,0,0,0,0,0,0,0,26,26,
2021,1,4,17,58,19,739,1609747099.739000,0,0,0,0,0,0,0,26,26,
2021,1,4,17,58,19,857,1609747099.857000,0,0,0,0,0,0,0,26,26,
2021,1,4,17,58,19,979,1609747099.979000,0,0,0,0,0,0,0,26,26,
2021,1,4,17,58,20,99,1609747100.099000,0,0,0,0,0,0,0,26,26,
2021,1,4,17,58,20,225,1609747100.225000,0,0,0,0,0,0,0,26,26,
2021,1,4,17,58,20,349,1609747100.349000,0,0,0,0,0,0,0,26,26,
2021,1,4,17,58,20,468,1609747100.468000,0,0,0,0,0,0,0,26,26,
2021,1,4,17,58,20,583,1609747100.583000,0,0,0,0,0,0,0,26,26,
2021,1,4,17,58,20,699,1609747100.699000,0,0,0,0,0,0,0,26,26,
2021,1,4,17,58,20,816,1609747100.816000,0,0,0,0,0,0,0,26,26,
2021,1,4,17,58,20,938,1609747100.938000,0,0,0,0,0,0,0,26,26,
2021,1,4,17,58,21,67,1609747101.067000,0,0,0,0,0,0,0,26,26,
2021,1,4,17,58,21,195,1609747101.195000,0,0,0,0,0,0,0,26,26,
2021,1,4,17,58,21,317,1609747101.317000,0,0,0,0,0,0,0,26,26,
2021,1,4,17,58,21,444,1609747101.444000,0,0,0,0,0,0,0,26,26,
2021,1,4,17,58,21,569,1609747101.569000,0,0,0,0,0,0,0,26,26,
2021,1,4,17,58,21,695,1609747101.695000,0,0,0,0,0,0,0,26,26,
2021,1,4,17,58,21,823,1609747101.823000,0,0,0,0,0,0,0,26,26,
2021,1,4,17,58,21,940,1609747101.940000,0,0,0,0,0,0,0,26,26,
2021,1,4,17,58,22,65,1609747102.065000,0,0,0,0,0,0,0,26,26,
2021,1,4,17,58,22,185,1609747102.185000,0,0,0,0,0,0,0,26,26,
2021,1,4,17,58,22,308,1609747102.308000,0,0,0,0,0,0,0,26,26,
2021,1,4,17,58,22,431,1609747102.431000,0,0,0,0,0,0,0,26,26,
2021,1,4,17,58,22,557,1609747102.557000,0,0,0,0,0,0,0,26,26,
2021,1,4,17,58,22,676,1609747102.676000,0,0,0,0,0,0,0,26,26,
2021,1,4,17,58,22,794,1609747102.794000,0,0,0,0,0,0,0,26,26,
2021,1,4,17,58,22,915,1609747102.915000,0,0,0,0,0,0,0,26,26,
2021,1,4,17,58,23,36,1609747103.036000,0,0,0,0,0,0,0,26,26,
2021,1,4,17,58,23,151,1609747103.151000,0,0,0,0,0,0,0,26,26,
2021,1,4,17,58,23,273,1609747103.273000,0,0,0,0,0,0,0,26,26,
2021,1,4,17,58,23,390,1609747103.390000,0,0,0,0,0,0,0,26,26,
2021,1,4,17,58,23,506,1609747103.506000,0,0,0,0,0,0,0,26,26,
2021,1,4,17,58,23,624,1609747103.624000,0,0,0,0,0,0,0,26,26,
2021,1,4,17,58,23,739,1609747103.739000,0,0,0,0,0,0,0,26,26,
2021,1,4,17,58,23,860,1609747103.860000,0,0,0,0,0,0,0,26,26,
2021,1,4,17,58,23,974,1609747103.974000,0,0,0,0,0,0,0,26,26,
2021,1,4,17,58,24,89,1609747104.089000,0,0,0,0,0,0,0,26,26,
2021,1,4,17,58,24,205,1609747104.205000,0,0,0,0,0,0,0,26,26,
2021,1,4,17,58,24,320,1609747104.320000,0,0,0,0,0,0,0,26,26,
2021,1,4,17,58,24,441,1609747104.441000,0,0,0,0,0,0,0,26,26,
2021,1,4,17,58,24,558,1609747104.558000,0,0,0,0,0,0,0,26,26,
2021,1,4,17,58,24,683,1609747104.683000,0,0,0,0,0,0,0,26,26,
2021,1,4,17,58,24,802,1609747104.802000,0,0,0,0,0,0,0,26,26,
2021,1,4,17,58,24,931,1609747104.931000,0,0,0,0,0,0,0,26,26,
2021,1,4,17,58,25,47,1609747105.047000,0,0,0,0,0,0,0,26,26,
2021,1,4,17,58,25,169,1609747105.169000,0,0,0,0,0,0,0,26,26,
2021,1,4,17,58,25,291,1609747105.291000,0,0,0,0,0,0,0,26,26,
2021,1,4,17,58,25,420,1609747105.420000,0,0,0,0,0,0,0,26,26,
2021,1,4,17,58,25,545,1609747105.545000,0,0,0,0,0,0,0,26,26,
2021,1,4,17,58,25,666,1609747105.666000,0,0,0,0,0,0,0,26,26,
2021,1,4,17,58,25,786,1609747105.786000,0,0,0,0,0,0,0,26,26,
2021,1,4,17,58,25,906,1609747105.906000,0,0,0,0,0,0,0,26,26,
2021,1,4,17,58,26,33,1609747106.033000,0,0,0,0,0,0,0,26,26,
2021,1,4,17,58,26,155,1609747106.155000,0,0,0,0,0,0,0,26,26,
2021,1,4,17,58,26,284,1609747106.284000,0,0,0,0,0,0,0,26,26,
2021,1,4,17,58,26,406,1609747106.406000,0,0,0,0,0,0,0,26,26,
2021,1,4,17,58,26,536,1609747106.536000,0,0,0,0,0,0,0,26,26,
2021,1,4,17,58,26,657,1609747106.657000,0,0,0,0,0,0,0,26,26,
2021,1,4,17,58,26,787,1609747106.787000,0,0,0,0,0,0,0,26,26,
2021,1,4,17,58,26,905,1609747106.905000,0,0,0,0,0,0,0,26,26,
2021,1,4,17,58,27,29,1609747107.029000,0,0,0,0,0,0,0,26,26,
2021,1,4,17,58,27,152,1609747107.152000,0,0,0,0,0,0,0,26,26,
2021,1,4,17,58,27,278,1609747107.278000,0,0,0,0,0,0,0,26,26,
2021,1,4,17,58,27,400,1609747107.400000,0,0,0,0,0,0,0,26,26,
2021,1,4,17,58,27,523,1609747107.523000,0,0,0,0,0,0,0,26,26,
2021,1,4,17,58,27,646,1609747107.646000,0,0,0,0,0,0,0,26,26,
2021,1,4,17,58,27,762,1609747107.762000,0,0,0,0,0,0,0,26,26,
2021,1,4,17,58,27,883,1609747107.883000,0,0,0,0,0,0,0,26,26,
2021,1,4,17,58,28,14,1609747108.014000,0,0,0,0,0,0,0,26,26,
2021,1,4,17,58,28,138,1609747108.138000,0,0,0,0,0,0,0,26,26,
2021,1,4,17,58,28,256,1609747108.256000,0,0,0,0,0,0,0,26,26,
2021,1,4,17,58,28,373,1609747108.373000,0,0,0,0,0,0,0,26,26,
2021,1,4,17,58,28,502,1609747108.502000,0,0,0,0,0,0,0,26,26,
2021,1,4,17,58,28,633,1609747108.633000,0,0,0,0,0,0,0,26,26,
2021,1,4,17,58,28,751,1609747108.751000,0,0,0,0,0,0,0,26,26,
2021,1,4,17,58,28,877,1609747108.877000,0,0,0,0,0,0,0,26,26,
2021,1,4,17,58,28,994,1609747108.994000,0,0,0,0,0,0,0,26,26,
2021,1,4,17,58,29,150,1609747109.150000,0,0,0,0,0,0,0,26,26,
2021,1,4,17,58,29,268,1609747109.268000,0,0,0,0,0,0,0,26,26,
2021,1,4,17,58,29,390,1609747109.390000,0,0,0,0,0,0,0,26,26,
2021,1,4,17,58,29,513,1609747109.513000,0,0,0,0,0,0,0,26,26,
2021,1,4,17,58,29,639,1609747109.639000,0,0,0,0,0,0,0,26,26,
2021,1,4,17,58,29,760,1609747109.760000,0,0,0,0,0,0,0,26,26,
2021,1,4,17,58,29,880,1609747109.880000,0,0,0,0,0,0,0,26,26,
2021,1,4,17,58,29,999,1609747109.999000,0,0,0,0,0,0,0,26,26,
2021,1,4,17,58,30,122,1609747110.122000,0,0,0,0,0,0,0,26,26,
2021,1,4,17,58,30,237,1609747110.237000,0,0,0,0,0,0,0,26,26,
2021,1,4,17,58,30,357,1609747110.357000,0,0,0,0,0,0,0,26,26,
2021,1,4,17,58,30,480,1609747110.480000,0,0,0,0,0,0,0,26,26,
2021,1,4,17,58,30,605,1609747110.605000,0,0,0,0,0,0,0,26,26,
2021,1,4,17,58,30,728,1609747110.728000,0,0,0,0,0,0,0,26,26,
2021,1,4,17,58,30,861,1609747110.861000,0,0,0,0,0,0,0,26,26,
2021,1,4,17,58,30,993,1609747110.993000,0,0,0,0,0,0,0,26,26,
2021,1,4,17,58,31,116,1609747111.116000,0,0,0,0,0,0,0,26,26,
2021,1,4,17,58,31,235,1609747111.235000,0,0,0,0,0,0,0,26,26,
2021,1,4,17,58,31,356,1609747111.356000,0,0,0,0,0,0,0,26,26,
2021,1,4,17,58,31,482,1609747111.482000,0,0,0,0,0,0,0,26,26,
2021,1,4,17,58,31,603,1609747111.603000,0,0,0,0,0,0,0,26,26,
2021,1,4,17,58,31,731,1609747111.731000,0,0,0,0,0,0,0,26,26,
2021,1,4,17,58,31,849,1609747111.849000,0,0,0,0,0,0,0,26,26,
2021,1,4,17,58,31,974,1609747111.974000,0,0,0,0,0,0,0,26,26,
2021,1,4,17,58,32,96,1609747112.096000,0,0,0,0,0,0,0,26,26,
2021,1,4,17,58,32,223,1609747112.223000,0,0,0,0,0,0,0,26,26,
2021,1,4,17,58,32,345,1609747112.345000,0,0,0,0,0,0,0,26,26,
2021,1,4,17,58,32,467,1609747112.467000,0,0,0,0,0,0,0,26,26,
2021,1,4,17,58,32,586,1609747112.586000,0,0,0,0,0,0,0,26,26,
2021,1,4,17,58,32,713,1609747112.713000,0,0,0,0,0,0,0,26,26,
2021,1,4,17,58,32,837,1609747112.837000,0,0,0,0,0,0,0,26,26,
2021,1,4,17,58,32,955,1609747112.955000,0,0,0,0,0,0,0,26,26,
2021,1,4,17,58,33,74,1609747113.074000,0,0,0,0,0,0,0,26,26,
2021,1,4,17,58,33,202,1609747113.202000,0,0,0,0,0,0,0,26,26,
2021,1,4,17,58,33,322,1609747113.322000,0,0,0,0,0,0,0,26,26,
2021,1,4,17,58,33,446,1609747113.446000,0,0,0,0,0,0,0,26,26,
2021,1,4,17,58,33,567,1609747113.567000,0,0,0,0,0,0,0,26,26,
2021,1,4,17,58,33,697,1609747113.697000,0,0,0,0,0,0,0,26,26,
2021,1,4,17,58,33,817,1609747113.817000,0,0,0,0,0,0,0,26,26,
2021,1,4,17,58,33,943,1609747113.943000,0,0,0,0,0,0,0,26,26,
2021,1,4,17,58,34,67,1609747114.067000,0,0,0,0,0,0,0,26,26,
2021,1,4,17,58,34,189,1609747114.189000,0,0,0,0,0,0,0,26,26,
2021,1,4,17,58,34,323,1609747114.323000,0,0,0,0,0,0,0,26,26,
2021,1,4,17,58,34,451,1609747114.451000,0,0,0,0,0,0,0,26,26,
2021,1,4,17,58,34,570,1609747114.570000,0,0,0,0,0,0,0,26,26,
2021,1,4,17,58,34,696,1609747114.696000,0,0,0,0,0,0,0,26,26,
2021,1,4,17,58,34,829,1609747114.829000,0,0,0,0,0,0,0,26,26,
2021,1,4,17,58,34,955,1609747114.955000,0,0,0,0,0,0,0,26,26,
2021,1,4,17,58,35,84,1609747115.084000,0,0,0,0,0,0,0,26,26,
2021,1,4,17,58,35,207,1609747115.207000,0,0,0,0,0,0,0,26,26,
2021,1,4,17,58,35,332,1609747115.332000,0,0,0,0,0,0,0,26,26,
2021,1,4,17,58,35,460,1609747115.460000,0,0,0,0,0,0,0,26,26,
2021,1,4,17,58,35,579,1609747115.579000,0,0,0,0,0,0,0,26,26,
2021,1,4,17,58,35,701,1609747115.701000,0,0,0,0,0,0,0,26,26,
2021,1,4,17,58,35,834,1609747115.834000,0,0,0,0,0,0,0,26,26,
2021,1,4,17,58,35,954,1609747115.954000,0,0,0,0,0,0,0,26,26,
2021,1,4,17,58,36,85,1609747116.085000,0,0,0,0,0,0,0,26,26,
2021,1,4,17,58,36,208,1609747116.208000,0,0,0,0,0,0,0,26,26,
2021,1,4,17,58,36,333,1609747116.333000,0,0,0,0,0,0,0,26,26,
2021,1,4,17,58,36,469,1609747116.469000,0,0,0,0,0,0,0,26,26,
2021,1,4,17,58,36,589,1609747116.589000,0,0,0,0,0,0,0,26,26,
2021,1,4,17,58,36,716,1609747116.716000,0,0,0,0,0,0,0,26,26,
2021,1,4,17,58,36,845,1609747116.845000,0,0,0,0,0,0,0,26,26,
2021,1,4,17,58,36,976,1609747116.976000,0,0,0,0,0,0,0,26,26,
2021,1,4,17,58,37,104,1609747117.104000,0,0,0,0,0,0,0,26,26,
2021,1,4,17,58,37,235,1609747117.235000,0,0,0,0,0,0,0,26,26,
2021,1,4,17,58,37,360,1609747117.360000,0,0,0,0,0,0,0,26,26,
2021,1,4,17,58,37,490,1609747117.490000,0,0,0,0,0,0,0,26,26,
2021,1,4,17,58,37,615,1609747117.615000,0,0,0,0,0,0,0,26,26,
2021,1,4,17,58,37,745,1609747117.745000,0,0,0,0,0,0,0,26,26,
2021,1,4,17,58,37,874,1609747117.874000,0,0,0,0,0,0,0,26,26,
2021,1,4,17,58,37,998,1609747117.998000,0,0,0,0,0,0,0,26,26,
2021,1,4,17,58,38,123,1609747118.123000,0,0,0,0,0,0,0,26,26,
2021,1,4,17,58,38,251,1609747118.251000,0,0,0,0,0,0,0,26,26,
2021,1,4,17,58,38,371,1609747118.371000,0,0,0,0,0,0,0,26,26,
2021,1,4,17,58,38,503,1609747118.503000,0,0,0,0,0,0,0,26,26,
2021,1,4,17,58,38,624,1609747118.624000,0,0,0,0,0,0,0,26,26,
2021,1,4,17,58,38,746,1609747118.746000,0,0,0,0,0,0,0,26,26,
2021,1,4,17,58,38,867,1609747118.867000,0,0,0,0,0,0,0,26,26,
2021,1,4,17,58,38,999,1609747118.999000,0,0,0,0,0,0,0,26,26,
2021,1,4,17,58,39,129,1609747119.129000,0,0,0,0,0,0,0,26,26,
2021,1,4,17,58,39,248,1609747119.248000,0,0,0,0,0,0,0,26,26,
2021,1,4,17,58,39,367,1609747119.367000,0,0,0,0,0,0,0,26,26,
2021,1,4,17,58,39,489,1609747119.489000,0,0,0,0,0,0,0,26,26,
2021,1,4,17,58,39,609,1609747119.609000,0,0,0,0,0,0,0,26,26,
2021,1,4,17,58,39,735,1609747119.735000,0,0,0,0,0,0,0,26,26,
2021,1,4,17,58,39,867,1609747119.867000,0,0,0,0,0,0,0,26,26,
2021,1,4,17,58,39,987,1609747119.987000,0,0,0,0,0,0,0,26,26,
2021,1,4,17,58,40,116,1609747120.116000,0,0,0,0,0,0,0,26,26,
2021,1,4,17,58,40,242,1609747120.242000,0,0,0,0,0,0,0,26,26,
2021,1,4,17,58,40,366,1609747120.366000,0,0,0,0,0,0,0,26,26,
2021,1,4,17,58,40,493,1609747120.493000,0,0,0,0,0,0,0,26,26,
2021,1,4,17,58,40,614,1609747120.614000,0,0,0,0,0,0,0,26,26,
2021,1,4,17,58,40,736,1609747120.736000,0,0,0,0,0,0,0,26,26,
2021,1,4,17,58,40,857,1609747120.857000,0,0,0,0,0,0,0,26,26,
2021,1,4,17,58,40,986,1609747120.986000,0,0,0,0,0,0,0,26,26,
2021,1,4,17,58,41,123,1609747121.123000,0,0,0,0,0,0,0,26,26,
2021,1,4,17,58,41,248,1609747121.248000,0,0,0,0,0,0,0,26,26,
2021,1,4,17,58,41,379,1609747121.379000,0,0,0,0,0,0,0,26,26,
2021,1,4,17,58,41,504,1609747121.504000,0,0,0,0,0,0,0,26,26,
2021,1,4,17,58,41,622,1609747121.622000,0,0,0,0,0,0,0,26,26,
2021,1,4,17,58,41,742,1609747121.742000,0,0,0,0,0,0,0,26,26,
2021,1,4,17,58,41,865,1609747121.865000,0,0,0,0,0,0,0,26,26,
2021,1,4,17,58,42,3,1609747122.003000,0,0,0,0,0,0,0,26,26,
2021,1,4,17,58,42,132,1609747122.132000,0,0,0,0,0,0,0,26,26,
2021,1,4,17,58,42,260,1609747122.260000,0,0,0,0,0,0,0,26,26,
2021,1,4,17,58,42,418,1609747122.418000,0,0,0,0,0,0,0,26,26,
2021,1,4,17,58,42,543,1609747122.543000,0,0,0,0,0,0,0,26,26,
2021,1,4,17,58,42,681,1609747122.681000,0,0,0,0,0,0,0,26,26,
2021,1,4,17,58,42,803,1609747122.803000,0,0,0,0,0,0,0,26,26,
2021,1,4,17,58,42,930,1609747122.930000,0,0,0,0,0,0,0,26,26,
2021,1,4,17,58,43,65,1609747123.065000,0,0,0,0,0,0,0,26,26,
2021,1,4,17,58,43,186,1609747123.186000,0,0,0,0,0,0,0,26,26,
2021,1,4,17,58,43,305,1609747123.305000,0,0,0,0,0,0,0,26,26,
2021,1,4,17,58,43,438,1609747123.438000,0,0,0,0,0,0,0,26,26,
2021,1,4,17,58,43,562,1609747123.562000,0,0,0,0,0,0,0,26,26,
2021,1,4,17,58,43,720,1609747123.720000,0,0,0,0,0,0,0,26,26,
2021,1,4,17,58,43,844,1609747123.844000,0,0,0,0,0,0,0,26,26,
2021,1,4,17,58,43,977,1609747123.977000,0,0,0,0,0,0,0,26,26,
2021,1,4,17,58,44,109,1609747124.109000,0,0,0,0,0,0,0,26,26,
2021,1,4,17,58,44,234,1609747124.234000,0,0,0,0,0,0,0,26,26,
2021,1,4,17,58,44,361,1609747124.361000,0,0,0,0,0,0,0,26,26,
2021,1,4,17,58,44,492,1609747124.492000,0,0,0,0,0,0,0,26,26,
2021,1,4,17,58,44,619,1609747124.619000,0,0,0,0,0,0,0,26,26,
2021,1,4,17,58,44,741,1609747124.741000,0,0,0,0,0,0,0,26,26,
2021,1,4,17,58,44,867,1609747124.867000,0,0,0,0,0,0,0,26,26,
2021,1,4,17,58,44,997,1609747124.997000,0,0,0,0,0,0,0,26,26,
2021,1,4,17,58,45,123,1609747125.123000,0,0,0,0,0,0,0,26,26,
2021,1,4,17,58,45,250,1609747125.250000,0,0,0,0,0,0,0,26,26,
2021,1,4,17,58,45,371,1609747125.371000,0,0,0,0,0,0,0,26,26,
2021,1,4,17,58,45,502,1609747125.502000,0,0,0,0,0,0,0,26,26,
2021,1,4,17,58,45,623,1609747125.623000,0,0,0,0,0,0,0,26,26,
2021,1,4,17,58,45,755,1609747125.755000,0,0,0,0,0,0,0,26,26,
2021,1,4,17,58,45,874,1609747125.874000,0,0,0,0,0,0,0,26,26,
2021,1,4,17,58,45,997,1609747125.997000,0,0,0,0,0,0,0,26,26,
2021,1,4,17,58,46,129,1609747126.129000,0,0,0,0,0,0,0,26,26,
2021,1,4,17,58,46,264,1609747126.264000,0,0,0,0,0,0,0,26,26,
2021,1,4,17,58,46,393,1609747126.393000,0,0,0,0,0,0,0,26,26,
2021,1,4,17,58,46,513,1609747126.513000,0,0,0,0,0,0,0,26,26,
2021,1,4,17,58,46,638,1609747126.638000,0,0,0,0,0,0,0,26,26,
2021,1,4,17,58,46,759,1609747126.759000,0,0,0,0,0,0,0,26,26,
2021,1,4,17,58,46,879,1609747126.879000,0,0,0,0,0,0,0,26,26,
2021,1,4,17,58,46,997,1609747126.997000,0,0,0,0,0,0,0,26,26,
2021,1,4,17,58,47,120,1609747127.120000,0,0,0,0,0,0,0,26,26,
2021,1,4,17,58,47,244,1609747127.244000,0,0,0,0,0,0,0,26,26,
2021,1,4,17,58,47,370,1609747127.370000,0,0,0,0,0,0,0,26,26,
2021,1,4,17,58,47,499,1609747127.499000,0,0,0,0,0,0,0,26,26,
2021,1,4,17,58,47,618,1609747127.618000,0,0,0,0,0,0,0,26,26,
2021,1,4,17,58,47,738,1609747127.738000,0,0,0,0,0,0,0,26,26,
2021,1,4,17,58,47,860,1609747127.860000,0,0,0,0,0,0,0,26,26,
2021,1,4,17,58,47,989,1609747127.989000,0,0,0,0,0,0,0,26,26,
2021,1,4,17,58,48,117,1609747128.117000,0,0,0,0,0,0,0,26,26,
2021,1,4,17,58,48,241,1609747128.241000,0,0,0,0,0,0,0,26,26,
2021,1,4,17,58,48,366,1609747128.366000,0,0,0,0,0,0,0,26,26,
2021,1,4,17,58,48,495,1609747128.495000,0,0,0,0,0,0,0,26,26,
2021,1,4,17,58,48,615,1609747128.615000,0,0,0,0,0,0,0,26,26,
2021,1,4,17,58,48,741,1609747128.741000,0,0,0,0,0,0,0,26,26,
2021,1,4,17,58,48,866,1609747128.866000,0,0,0,0,0,0,0,26,26,
2021,1,4,17,58,48,995,1609747128.995000,0,0,0,0,0,0,0,26,26,
2021,1,4,17,58,49,114,1609747129.114000,0,0,0,0,0,0,0,26,26,
2021,1,4,17,58,49,238,1609747129.238000,0,0,0,0,0,0,0,26,26,
2021,1,4,17,58,49,367,1609747129.367000,0,0,0,0,0,0,0,26,26,
2021,1,4,17,58,49,481,1609747129.481000,0,0,0,0,0,0,0,26,26,
2021,1,4,17,58,49,604,1609747129.604000,0,0,0,0,0,0,0,26,26,
2021,1,4,17,58,49,730,1609747129.730000,0,0,0,0,0,0,0,26,26,
2021,1,4,17,58,49,880,1609747129.880000,0,0,0,0,0,0,0,26,26,
2021,1,4,17,58,50,1,1609747130.001000,0,0,0,0,0,0,0,26,26,
2021,1,4,17,58,50,120,1609747130.120000,0,0,0,0,0,0,0,26,26,
2021,1,4,17,58,50,239,1609747130.239000,0,0,0,0,0,0,0,26,26,
2021,1,4,17,58,50,357,1609747130.357000,0,0,0,0,0,0,0,26,26,
2021,1,4,17,58,50,484,1609747130.484000,0,0,0,0,0,0,0,26,26,
2021,1,4,17,58,50,603,1609747130.603000,0,0,0,0,0,0,0,26,26,
2021,1,4,17,58,50,723,1609747130.723000,0,0,0,0,0,0,0,26,26,
2021,1,4,17,58,50,843,1609747130.843000,0,0,0,0,0,0,0,26,26,
2021,1,4,17,58,50,971,1609747130.971000,0,0,0,0,0,0,0,26,26,
2021,1,4,17,58,51,104,1609747131.104000,0,0,0,0,0,0,0,26,26,
2021,1,4,17,58,51,224,1609747131.224000,0,0,0,0,0,0,0,26,26,
2021,1,4,17,58,51,355,1609747131.355000,0,0,0,0,0,0,0,26,26,
2021,1,4,17,58,51,477,1609747131.477000,0,0,0,0,0,0,0,26,26,
2021,1,4,17,58,51,606,1609747131.606000,0,0,0,0,0,0,0,26,26,
2021,1,4,17,58,51,732,1609747131.732000,0,0,0,0,0,0,0,26,26,
2021,1,4,17,58,51,859,1609747131.859000,0,0,0,0,0,0,0,26,26,
2021,1,4,17,58,51,994,1609747131.994000,0,0,0,0,0,0,0,26,26,
2021,1,4,17,58,52,120,1609747132.120000,0,0,0,0,0,0,0,26,26,
2021,1,4,17,58,52,252,1609747132.252000,0,0,0,0,0,0,0,26,26,
2021,1,4,17,58,52,380,1609747132.380000,0,0,0,0,0,0,0,26,26,
2021,1,4,17,58,52,504,1609747132.504000,0,0,0,0,0,0,0,26,26,
2021,1,4,17,58,52,628,1609747132.628000,0,0,0,0,0,0,0,26,26,
2021,1,4,17,58,52,750,1609747132.750000,0,0,0,0,0,0,0,26,26,
2021,1,4,17,58,52,877,1609747132.877000,0,0,0,0,0,0,0,26,26,
2021,1,4,17,58,53,2,1609747133.002000,0,0,0,0,0,0,0,26,26,
2021,1,4,17,58,53,129,1609747133.129000,0,0,0,0,0,0,0,26,26,
2021,1,4,17,58,53,255,1609747133.255000,0,0,0,0,0,0,0,26,26,
2021,1,4,17,58,53,380,1609747133.380000,0,0,0,0,0,0,0,26,26,
2021,1,4,17,58,53,508,1609747133.508000,0,0,0,0,0,0,0,26,26,
2021,1,4,17,58,53,636,1609747133.636000,0,0,0,0,0,0,0,26,26,
2021,1,4,17,58,53,761,1609747133.761000,0,0,0,0,0,0,0,26,26,
2021,1,4,17,58,53,888,1609747133.888000,0,0,0,0,0,0,0,26,26,
2021,1,4,17,58,54,47,1609747134.047000,0,0,0,0,0,0,0,26,26,
2021,1,4,17,58,54,172,1609747134.172000,0,0,0,0,0,0,0,26,26,
2021,1,4,17,58,54,297,1609747134.297000,0,0,0,0,0,0,0,26,26,
2021,1,4,17,58,54,425,1609747134.425000,0,0,0,0,0,0,0,26,26,
2021,1,4,17,58,54,548,1609747134.548000,0,0,0,0,0,0,0,26,26,
2021,1,4,17,58,54,716,1609747134.716000,0,0,0,0,0,0,0,26,26,
2021,1,4,17,58,54,845,1609747134.845000,0,0,0,0,0,0,0,26,26,
2021,1,4,17,58,54,970,1609747134.970000,0,0,0,0,0,0,0,26,26,
2021,1,4,17,58,55,97,1609747135.097000,0,0,0,0,0,0,0,26,26,
2021,1,4,17,58,55,223,1609747135.223000,0,0,0,0,0,0,0,26,26,
2021,1,4,17,58,55,381,1609747135.381000,0,0,0,0,0,0,0,26,26,
2021,1,4,17,58,55,541,1609747135.541000,0,0,0,0,0,0,0,26,26,
2021,1,4,17,58,55,667,1609747135.667000,0,0,0,0,0,0,0,26,26,
2021,1,4,17,58,55,793,1609747135.793000,0,0,0,0,0,0,0,26,26,
2021,1,4,17,58,55,914,1609747135.914000,0,0,0,0,0,0,0,26,26,
2021,1,4,17,58,56,39,1609747136.039000,0,0,0,0,0,0,0,26,26,
2021,1,4,17,58,56,165,1609747136.165000,0,0,0,0,0,0,0,26,26,
2021,1,4,17,58,56,295,1609747136.295000,0,0,0,0,0,0,0,26,26,
2021,1,4,17,58,56,423,1609747136.423000,0,0,0,0,0,0,0,26,26,
2021,1,4,17,58,56,549,1609747136.549000,0,0,0,0,0,0,0,26,26,
2021,1,4,17,58,56,671,1609747136.671000,0,0,0,0,0,0,0,26,26,
2021,1,4,17,58,56,798,1609747136.798000,0,0,0,0,0,0,0,26,26,
2021,1,4,17,58,56,925,1609747136.925000,0,0,0,0,0,0,0,26,26,
2021,1,4,17,58,57,51,1609747137.051000,0,0,0,0,0,0,0,26,26,
2021,1,4,17,58,57,173,1609747137.173000,0,0,0,0,0,0,0,26,26,
2021,1,4,17,58,57,299,1609747137.299000,0,0,0,0,0,0,0,26,26,
2021,1,4,17,58,57,446,1609747137.446000,0,0,0,0,0,0,0,26,26,
2021,1,4,17,58,57,566,1609747137.566000,0,0,0,0,0,0,0,26,26,
2021,1,4,17,58,57,689,1609747137.689000,0,0,0,0,0,0,0,26,26,
2021,1,4,17,58,57,815,1609747137.815000,0,0,0,0,0,0,0,26,26,
2021,1,4,17,58,57,934,1609747137.934000,0,0,0,0,0,0,0,26,26,
2021,1,4,17,58,58,55,1609747138.055000,0,0,0,0,0,0,0,26,26,
2021,1,4,17,58,58,181,1609747138.181000,0,0,0,0,0,0,0,26,26,
2021,1,4,17,58,58,311,1609747138.311000,0,0,0,0,0,0,0,26,26,
2021,1,4,17,58,58,431,1609747138.431000,0,0,0,0,0,0,0,26,26,
2021,1,4,17,58,58,551,1609747138.551000,0,0,0,0,0,0,0,26,26,
2021,1,4,17,58,58,675,1609747138.675000,0,0,0,0,0,0,0,26,26,
2021,1,4,17,58,58,802,1609747138.802000,0,0,0,0,0,0,0,26,26,
2021,1,4,17,58,58,930,1609747138.930000,0,0,0,0,0,0,0,26,26,
2021,1,4,17,58,59,58,1609747139.058000,0,0,0,0,0,0,0,26,26,
2021,1,4,17,58,59,185,1609747139.185000,0,0,0,0,0,0,0,26,26,
2021,1,4,17,58,59,315,1609747139.315000,0,0,0,0,0,0,0,26,26,
2021,1,4,17,58,59,439,1609747139.439000,0,0,0,0,0,0,0,26,26,
2021,1,4,17,58,59,557,1609747139.557000,0,0,0,0,0,0,0,26,26,
2021,1,4,17,58,59,687,1609747139.687000,0,0,0,0,0,0,0,26,26,
2021,1,4,17,58,59,823,1609747139.823000,0,0,0,0,0,0,0,26,26,
2021,1,4,17,58,59,942,1609747139.942000,0,0,0,0,0,0,0,26,26,
2021,1,4,17,59,0,68,1609747140.068000,0,0,0,0,0,0,0,26,26,
2021,1,4,17,59,0,192,1609747140.192000,0,0,0,0,0,0,0,26,26,
2021,1,4,17,59,0,321,1609747140.321000,0,0,0,0,0,0,0,26,26,
2021,1,4,17,59,0,445,1609747140.445000,0,0,0,0,0,0,0,26,26,
2021,1,4,17,59,0,565,1609747140.565000,0,0,0,0,0,0,0,26,26,
2021,1,4,17,59,0,692,1609747140.692000,0,0,0,0,0,0,0,26,26,
2021,1,4,17,59,0,824,1609747140.824000,0,0,0,0,0,0,0,26,26,
2021,1,4,17,59,0,946,1609747140.946000,0,0,0,0,0,0,0,26,26,
2021,1,4,17,59,1,67,1609747141.067000,0,0,0,0,0,0,0,26,26,
2021,1,4,17,59,1,192,1609747141.192000,0,0,0,0,0,0,0,26,26,
2021,1,4,17,59,1,323,1609747141.323000,0,0,0,0,0,0,0,26,26,
2021,1,4,17,59,1,445,1609747141.445000,0,0,0,0,0,0,0,26,26,
2021,1,4,17,59,1,569,1609747141.569000,0,0,0,0,0,0,0,26,26,
2021,1,4,17,59,1,696,1609747141.696000,0,0,0,0,0,0,0,26,26,
2021,1,4,17,59,1,832,1609747141.832000,0,0,0,0,0,0,0,26,26,
2021,1,4,17,59,1,979,1609747141.979000,0,0,0,0,0,0,0,26,26,
2021,1,4,17,59,2,103,1609747142.103000,0,0,0,0,0,0,0,26,26,
2021,1,4,17,59,2,232,1609747142.232000,0,0,0,0,0,0,0,26,26,
2021,1,4,17,59,2,355,1609747142.355000,0,0,0,0,0,0,0,26,26,
2021,1,4,17,59,2,485,1609747142.485000,0,0,0,0,0,0,0,26,26,
2021,1,4,17,59,2,607,1609747142.607000,0,0,0,0,0,0,0,26,26,
2021,1,4,17,59,2,738,1609747142.738000,0,0,0,0,0,0,0,26,26,
2021,1,4,17,59,2,870,1609747142.870000,0,0,0,0,0,0,0,26,26,
2021,1,4,17,59,2,989,1609747142.989000,0,0,0,0,0,0,0,26,26,
2021,1,4,17,59,3,121,1609747143.121000,0,0,0,0,0,0,0,26,26,
2021,1,4,17,59,3,239,1609747143.239000,0,0,0,0,0,0,0,26,26,
2021,1,4,17,59,3,358,1609747143.358000,0,0,0,0,0,0,0,26,26,
2021,1,4,17,59,3,479,1609747143.479000,0,0,0,0,0,0,0,26,26,
2021,1,4,17,59,3,605,1609747143.605000,0,0,0,0,0,0,0,26,26,
2021,1,4,17,59,3,728,1609747143.728000,0,0,0,0,0,0,0,26,26,
2021,1,4,17,59,3,847,1609747143.847000,0,0,0,0,0,0,0,26,26,
2021,1,4,17,59,3,966,1609747143.966000,0,0,0,0,0,0,0,26,26,
2021,1,4,17,59,4,82,1609747144.082000,0,0,0,0,0,0,0,26,26,
2021,1,4,17,59,4,197,1609747144.197000,0,0,0,0,0,0,0,26,26,
2021,1,4,17,59,4,316,1609747144.316000,0,0,0,0,0,0,0,26,26,
2021,1,4,17,59,4,434,1609747144.434000,0,0,0,0,0,0,0,26,26,
2021,1,4,17,59,4,548,1609747144.548000,0,0,0,0,0,0,0,26,26,
2021,1,4,17,59,4,670,1609747144.670000,0,0,0,0,0,0,0,26,26,
2021,1,4,17,59,4,785,1609747144.785000,0,0,0,0,0,0,0,26,26,
2021,1,4,17,59,4,902,1609747144.902000,0,0,0,0,0,0,0,26,26,
2021,1,4,17,59,5,23,1609747145.023000,0,0,0,0,0,0,0,26,26,
2021,1,4,17,59,5,144,1609747145.144000,0,0,0,0,0,0,0,26,26,
2021,1,4,17,59,5,264,1609747145.264000,0,0,0,0,0,0,0,26,26,
2021,1,4,17,59,5,379,1609747145.379000,0,0,0,0,0,0,0,26,26,
2021,1,4,17,59,5,497,1609747145.497000,0,0,0,0,0,0,0,26,26,
2021,1,4,17,59,5,624,1609747145.624000,0,0,0,0,0,0,0,26,26,
2021,1,4,17,59,5,743,1609747145.743000,0,0,0,0,0,0,0,26,26,
2021,1,4,17,59,5,872,1609747145.872000,0,0,0,0,0,0,0,26,26,
2021,1,4,17,59,5,987,1609747145.987000,0,0,0,0,0,0,0,26,26,
2021,1,4,17,59,6,110,1609747146.110000,0,0,0,0,0,0,0,26,26,
2021,1,4,17,59,6,241,1609747146.241000,0,0,0,0,0,0,0,26,26,
2021,1,4,17,59,6,358,1609747146.358000,0,0,0,0,0,0,0,26,26,
2021,1,4,17,59,6,487,1609747146.487000,0,0,0,0,0,0,0,26,26,
2021,1,4,17,59,6,610,1609747146.610000,0,0,0,0,0,0,0,26,26,
2021,1,4,17,59,6,736,1609747146.736000,0,0,0,0,0,0,0,26,26,
2021,1,4,17,59,6,867,1609747146.867000,0,0,0,0,0,0,0,26,26,
2021,1,4,17,59,6,986,1609747146.986000,0,0,0,0,0,0,0,26,26,
2021,1,4,17,59,7,110,1609747147.110000,0,0,0,0,0,0,0,26,26,
2021,1,4,17,59,7,237,1609747147.237000,0,0,0,0,0,0,0,26,26,
2021,1,4,17,59,7,369,1609747147.369000,0,0,0,0,0,0,0,26,26,
2021,1,4,17,59,7,489,1609747147.489000,0,0,0,0,0,0,0,26,26,
2021,1,4,17,59,7,612,1609747147.612000,0,0,0,0,0,0,0,26,26,
2021,1,4,17,59,7,734,1609747147.734000,0,0,0,0,0,0,0,26,26,
2021,1,4,17,59,7,855,1609747147.855000,0,0,0,0,0,0,0,26,26,
2021,1,4,17,59,7,972,1609747147.972000,0,0,0,0,0,0,0,26,26,
2021,1,4,17,59,8,94,1609747148.094000,0,0,0,0,0,0,0,26,26,
2021,1,4,17,59,8,223,1609747148.223000,0,0,0,0,0,0,0,26,26,
2021,1,4,17,59,8,345,1609747148.345000,0,0,0,0,0,0,0,26,26,
2021,1,4,17,59,8,470,1609747148.470000,0,0,0,0,0,0,0,26,26,
2021,1,4,17,59,8,589,1609747148.589000,0,0,0,0,0,0,0,26,26,
2021,1,4,17,59,8,711,1609747148.711000,0,0,0,0,0,0,0,26,26,
2021,1,4,17,59,8,831,1609747148.831000,0,0,0,0,0,0,0,26,26,
2021,1,4,17,59,8,955,1609747148.955000,0,0,0,0,0,0,0,26,26,
2021,1,4,17,59,9,84,1609747149.084000,0,0,0,0,0,0,0,26,26,
2021,1,4,17,59,9,207,1609747149.207000,0,0,0,0,0,0,0,26,26,
2021,1,4,17,59,9,339,1609747149.339000,0,0,0,0,0,0,0,26,26,
2021,1,4,17,59,9,465,1609747149.465000,0,0,0,0,0,0,0,26,26,
2021,1,4,17,59,9,586,1609747149.586000,0,0,0,0,0,0,0,26,26,
2021,1,4,17,59,9,708,1609747149.708000,0,0,0,0,0,0,0,26,26,
2021,1,4,17,59,9,840,1609747149.840000,0,0,0,0,0,0,0,26,26,
2021,1,4,17,59,9,955,1609747149.955000,0,0,0,0,0,0,0,26,26,
2021,1,4,17,59,10,85,1609747150.085000,0,0,0,0,0,0,0,26,26,
2021,1,4,17,59,10,211,1609747150.211000,0,0,0,0,0,0,0,26,26,
2021,1,4,17,59,10,342,1609747150.342000,0,0,0,0,0,0,0,26,26,
2021,1,4,17,59,10,465,1609747150.465000,0,0,0,0,0,0,0,26,26,
2021,1,4,17,59,10,583,1609747150.583000,0,0,0,0,0,0,0,26,26,
2021,1,4,17,59,10,699,1609747150.699000,0,0,0,0,0,0,0,26,26,
2021,1,4,17,59,10,828,1609747150.828000,0,0,0,0,0,0,0,26,26,
2021,1,4,17,59,10,946,1609747150.946000,0,0,0,0,0,0,0,26,26,
2021,1,4,17,59,11,68,1609747151.068000,0,0,0,0,0,0,0,26,26,
2021,1,4,17,59,11,185,1609747151.185000,0,0,0,0,0,0,0,26,26,
2021,1,4,17,59,11,302,1609747151.302000,0,0,0,0,0,0,0,26,26,
2021,1,4,17,59,11,419,1609747151.419000,0,0,0,0,0,0,0,26,26,
2021,1,4,17,59,11,539,1609747151.539000,0,0,0,0,0,0,0,26,26,
2021,1,4,17,59,11,661,1609747151.661000,0,0,0,0,0,0,0,26,26,
2021,1,4,17,59,11,785,1609747151.785000,0,0,0,0,0,0,0,26,26,
2021,1,4,17,59,11,904,1609747151.904000,0,0,0,0,0,0,0,26,26,
2021,1,4,17,59,12,61,1609747152.061000,0,0,0,0,0,0,0,26,26,
2021,1,4,17,59,12,185,1609747152.185000,0,0,0,0,0,0,0,26,26,
2021,1,4,17,59,12,315,1609747152.315000,0,0,0,0,0,0,0,26,26,
2021,1,4,17,59,12,452,1609747152.452000,0,0,0,0,0,0,0,26,26,
2021,1,4,17,59,12,578,1609747152.578000,0,0,0,0,0,0,0,26,26,
2021,1,4,17,59,12,705,1609747152.705000,0,0,0,0,0,0,0,26,26,
2021,1,4,17,59,12,828,1609747152.828000,0,0,0,0,0,0,0,26,26,
2021,1,4,17,59,12,955,1609747152.955000,0,0,0,0,0,0,0,26,26,
2021,1,4,17,59,13,87,1609747153.087000,0,0,0,0,0,0,0,26,26,
2021,1,4,17,59,13,207,1609747153.207000,0,0,0,0,0,0,0,26,26,
2021,1,4,17,59,13,333,1609747153.333000,0,0,0,0,0,0,0,26,26,
2021,1,4,17,59,13,458,1609747153.458000,0,0,0,0,0,0,0,26,26,
2021,1,4,17,59,13,582,1609747153.582000,0,0,0,0,0,0,0,26,26,
2021,1,4,17,59,13,701,1609747153.701000,0,0,0,0,0,0,0,26,26,
2021,1,4,17,59,13,823,1609747153.823000,0,0,0,0,0,0,0,26,26,
2021,1,4,17,59,13,947,1609747153.947000,0,0,0,0,0,0,0,26,26,
2021,1,4,17,59,14,77,1609747154.077000,0,0,0,0,0,0,0,26,26,
2021,1,4,17,59,14,201,1609747154.201000,0,0,0,0,0,0,0,26,26,
2021,1,4,17,59,14,321,1609747154.321000,0,0,0,0,0,0,0,26,26,
2021,1,4,17,59,14,438,1609747154.438000,0,0,0,0,0,0,0,26,26,
2021,1,4,17,59,14,565,1609747154.565000,0,0,0,0,0,0,0,26,26,
2021,1,4,17,59,14,690,1609747154.690000,0,0,0,0,0,0,0,26,26,
2021,1,4,17,59,14,811,1609747154.811000,0,0,0,0,0,0,0,26,26,
2021,1,4,17,59,14,928,1609747154.928000,0,0,0,0,0,0,0,26,26,
2021,1,4,17,59,15,57,1609747155.057000,0,0,0,0,0,0,0,26,26,
2021,1,4,17,59,15,182,1609747155.182000,0,0,0,0,0,0,0,26,26,
2021,1,4,17,59,15,303,1609747155.303000,0,0,0,0,0,0,0,26,26,
2021,1,4,17,59,15,424,1609747155.424000,0,0,0,0,0,0,0,26,26,
2021,1,4,17,59,15,553,1609747155.553000,0,0,0,0,0,0,0,26,26,
2021,1,4,17,59,15,684,1609747155.684000,0,0,0,0,0,0,0,26,26,
2021,1,4,17,59,15,807,1609747155.807000,0,0,0,0,0,0,0,26,26,
2021,1,4,17,59,15,932,1609747155.932000,0,0,0,0,0,0,0,26,26,
2021,1,4,17,59,16,51,1609747156.051000,0,0,0,0,0,0,0,26,26,
2021,1,4,17,59,16,179,1609747156.179000,0,0,0,0,0,0,0,26,26,
2021,1,4,17,59,16,309,1609747156.309000,0,0,0,0,0,0,0,26,26,
2021,1,4,17,59,16,441,1609747156.441000,0,0,0,0,0,0,0,26,26,
2021,1,4,17,59,16,565,1609747156.565000,0,0,0,0,0,0,0,26,26,
2021,1,4,17,59,16,687,1609747156.687000,0,0,0,0,0,0,0,26,26,
2021,1,4,17,59,16,809,1609747156.809000,0,0,0,0,0,0,0,26,26,
2021,1,4,17,59,16,927,1609747156.927000,0,0,0,0,0,0,0,26,26,
2021,1,4,17,59,17,46,1609747157.046000,0,0,0,0,0,0,0,26,26,
2021,1,4,17,59,17,173,1609747157.173000,0,0,0,0,0,0,0,26,26,
2021,1,4,17,59,17,291,1609747157.291000,0,0,0,0,0,0,0,26,26,
2021,1,4,17,59,17,410,1609747157.410000,0,0,0,0,0,0,0,26,26,
2021,1,4,17,59,17,531,1609747157.531000,0,0,0,0,0,0,0,26,26,
2021,1,4,17,59,17,649,1609747157.649000,0,0,0,0,0,0,0,26,26,
2021,1,4,17,59,17,773,1609747157.773000,0,0,0,0,0,0,0,26,26,
2021,1,4,17,59,17,896,1609747157.896000,0,0,0,0,0,0,0,26,26,
2021,1,4,17,59,18,21,1609747158.021000,0,0,0,0,0,0,0,26,26,
2021,1,4,17,59,18,149,1609747158.149000,0,0,0,0,0,0,0,26,26,
2021,1,4,17,59,18,279,1609747158.279000,0,0,0,0,0,0,0,26,26,
2021,1,4,17,59,18,397,1609747158.397000,0,0,0,0,0,0,0,26,26,
2021,1,4,17,59,18,518,1609747158.518000,0,0,0,0,0,0,0,26,26,
2021,1,4,17,59,18,647,1609747158.647000,0,0,0,0,0,0,0,26,26,
2021,1,4,17,59,18,775,1609747158.775000,0,0,0,0,0,0,0,26,26,
2021,1,4,17,59,18,917,1609747158.917000,0,0,0,0,0,0,0,26,26,
2021,1,4,17,59,19,34,1609747159.034000,0,0,0,0,0,0,0,26,26,
2021,1,4,17,59,19,162,1609747159.162000,0,0,0,0,0,0,0,26,26,
2021,1,4,17,59,19,298,1609747159.298000,0,0,0,0,0,0,0,26,26,
2021,1,4,17,59,19,424,1609747159.424000,0,0,0,0,0,0,0,26,26,
2021,1,4,17,59,19,552,1609747159.552000,0,0,0,0,0,0,0,26,26,
2021,1,4,17,59,19,674,1609747159.674000,0,0,0,0,0,0,0,26,26,
2021,1,4,17,59,19,795,1609747159.795000,0,0,0,0,0,0,0,26,26,
2021,1,4,17,59,19,916,1609747159.916000,0,0,0,0,0,0,0,26,26,
2021,1,4,17,59,20,75,1609747160.075000,0,0,0,0,0,0,0,26,26,
2021,1,4,17,59,20,197,1609747160.197000,0,0,0,0,0,0,0,26,26,
2021,1,4,17,59,20,326,1609747160.326000,0,0,0,0,0,0,0,26,26,
2021,1,4,17,59,20,449,1609747160.449000,0,0,0,0,0,0,0,26,26,
2021,1,4,17,59,20,572,1609747160.572000,0,0,0,0,0,0,0,26,26,
2021,1,4,17,59,20,695,1609747160.695000,0,0,0,0,0,0,0,26,26,
2021,1,4,17,59,20,817,1609747160.817000,0,0,0,0,0,0,0,26,26,
2021,1,4,17,59,20,949,1609747160.949000,0,0,0,0,0,0,0,26,26,
2021,1,4,17,59,21,79,1609747161.079000,0,0,0,0,0,0,0,26,26,
2021,1,4,17,59,21,198,1609747161.198000,0,0,0,0,0,0,0,26,26,
2021,1,4,17,59,21,322,1609747161.322000,0,0,0,0,0,0,0,26,26,
2021,1,4,17,59,21,453,1609747161.453000,0,0,0,0,0,0,0,26,26,
2021,1,4,17,59,21,592,1609747161.592000,0,0,0,0,0,0,0,26,26,
2021,1,4,17,59,21,709,1609747161.709000,0,0,0,0,0,0,0,26,26,
2021,1,4,17,59,21,838,1609747161.838000,0,0,0,0,0,0,0,26,26,
2021,1,4,17,59,21,964,1609747161.964000,0,0,0,0,0,0,0,26,26,
2021,1,4,17,59,22,89,1609747162.089000,0,0,0,0,0,0,0,26,26,
2021,1,4,17,59,22,206,1609747162.206000,0,0,0,0,0,0,0,26,26,
2021,1,4,17,59,22,337,1609747162.337000,0,0,0,0,0,0,0,26,26,
2021,1,4,17,59,22,470,1609747162.470000,0,0,0,0,0,0,0,26,26,
2021,1,4,17,59,22,592,1609747162.592000,0,0,0,0,0,0,0,26,26,
2021,1,4,17,59,22,744,1609747162.744000,0,0,0,0,0,0,0,26,26,
2021,1,4,17,59,22,872,1609747162.872000,0,0,0,0,0,0,0,26,26,
2021,1,4,17,59,23,1,1609747163.001000,0,0,0,0,0,0,0,26,26,
2021,1,4,17,59,23,129,1609747163.129000,0,0,0,0,0,0,0,26,26,
2021,1,4,17,59,23,256,1609747163.256000,0,0,0,0,0,0,0,26,26,
2021,1,4,17,59,23,377,1609747163.377000,0,0,0,0,0,0,0,26,26,
2021,1,4,17,59,23,503,1609747163.503000,0,0,0,0,0,0,0,26,26,
2021,1,4,17,59,23,629,1609747163.629000,0,0,0,0,0,0,0,26,26,
2021,1,4,17,59,23,757,1609747163.757000,0,0,0,0,0,0,0,26,26,
2021,1,4,17,59,23,885,1609747163.885000,0,0,0,0,0,0,0,26,26,
2021,1,4,17,59,24,8,1609747164.008000,0,0,0,0,0,0,0,26,26,
2021,1,4,17,59,24,134,1609747164.134000,0,0,0,0,0,0,0,26,26,
2021,1,4,17,59,24,260,1609747164.260000,0,0,0,0,0,0,0,26,26,
2021,1,4,17,59,24,389,1609747164.389000,0,0,0,0,0,0,0,26,26,
2021,1,4,17,59,24,517,1609747164.517000,0,0,0,0,0,0,0,26,26,
2021,1,4,17,59,24,650,1609747164.650000,0,0,0,0,0,0,0,26,26,
2021,1,4,17,59,24,773,1609747164.773000,0,0,0,0,0,0,0,26,26,
2021,1,4,17,59,24,911,1609747164.911000,0,0,0,0,0,0,0,26,26,
2021,1,4,17,59,25,42,1609747165.042000,0,0,0,0,0,0,0,26,26,
2021,1,4,17,59,25,169,1609747165.169000,0,0,0,0,0,0,0,26,26,
2021,1,4,17,59,25,288,1609747165.288000,0,0,0,0,0,0,0,26,26,
2021,1,4,17,59,25,417,1609747165.417000,0,0,0,0,0,0,0,26,26,
2021,1,4,17,59,25,541,1609747165.541000,0,0,0,0,0,0,0,26,26,
2021,1,4,17,59,25,666,1609747165.666000,0,0,0,0,0,0,0,26,26,
2021,1,4,17,59,25,792,1609747165.792000,0,0,0,0,0,0,0,26,26,
2021,1,4,17,59,25,916,1609747165.916000,0,0,0,0,0,0,0,26,26,
2021,1,4,17,59,26,34,1609747166.034000,0,0,0,0,0,0,0,26,26,
2021,1,4,17,59,26,151,1609747166.151000,0,0,0,0,0,0,0,26,26,
2021,1,4,17,59,26,275,1609747166.275000,0,0,0,0,0,0,0,26,26,
2021,1,4,17,59,26,401,1609747166.401000,0,0,0,0,0,0,0,26,26,
2021,1,4,17,59,26,524,1609747166.524000,0,0,0,0,0,0,0,26,26,
2021,1,4,17,59,26,652,1609747166.652000,0,0,0,0,0,0,0,26,26,
2021,1,4,17,59,26,773,1609747166.773000,0,0,0,0,0,0,0,26,26,
2021,1,4,17,59,26,905,1609747166.905000,0,0,0,0,0,0,0,26,26,
2021,1,4,17,59,27,31,1609747167.031000,0,0,0,0,0,0,0,26,26,
2021,1,4,17,59,27,150,1609747167.150000,0,0,0,0,0,0,0,26,26,
2021,1,4,17,59,27,270,1609747167.270000,0,0,0,0,0,0,0,26,26,
2021,1,4,17,59,27,395,1609747167.395000,0,0,0,0,0,0,0,26,26,
2021,1,4,17,59,27,518,1609747167.518000,0,0,0,0,0,0,0,26,26,
2021,1,4,17,59,27,638,1609747167.638000,0,0,0,0,0,0,0,26,26,
2021,1,4,17,59,27,761,1609747167.761000,0,0,0,0,0,0,0,26,26,
2021,1,4,17,59,27,882,1609747167.882000,0,0,0,0,0,0,0,26,26,
2021,1,4,17,59,28,7,1609747168.007000,0,0,0,0,0,0,0,26,26,
2021,1,4,17,59,28,146,1609747168.146000,0,0,0,0,0,0,0,26,26,
2021,1,4,17,59,28,271,1609747168.271000,0,0,0,0,0,0,0,26,26,
2021,1,4,17,59,28,394,1609747168.394000,0,0,0,0,0,0,0,26,26,
2021,1,4,17,59,28,522,1609747168.522000,0,0,0,0,0,0,0,26,26,
2021,1,4,17,59,28,642,1609747168.642000,0,0,0,0,0,0,0,26,26,
2021,1,4,17,59,28,774,1609747168.774000,0,0,0,0,0,0,0,26,26,
2021,1,4,17,59,28,908,1609747168.908000,0,0,0,0,0,0,0,26,26,
2021,1,4,17,59,29,30,1609747169.030000,0,0,0,0,0,0,0,26,26,
2021,1,4,17,59,29,151,1609747169.151000,0,0,0,0,0,0,0,26,26,
2021,1,4,17,59,29,269,1609747169.269000,0,0,0,0,0,0,0,26,26,
2021,1,4,17,59,29,389,1609747169.389000,0,0,0,0,0,0,0,26,26,
2021,1,4,17,59,29,527,1609747169.527000,0,0,0,0,0,0,0,26,26,
2021,1,4,17,59,29,657,1609747169.657000,0,0,0,0,0,0,0,26,26,
2021,1,4,17,59,29,781,1609747169.781000,0,0,0,0,0,0,0,26,26,
2021,1,4,17,59,29,908,1609747169.908000,0,0,0,0,0,0,0,26,26,
2021,1,4,17,59,30,31,1609747170.031000,0,0,0,0,0,0,0,26,26,
2021,1,4,17,59,30,153,1609747170.153000,0,0,0,0,0,0,0,26,26,
2021,1,4,17,59,30,277,1609747170.277000,0,0,0,0,0,0,0,26,26,
2021,1,4,17,59,30,404,1609747170.404000,0,0,0,0,0,0,0,26,26,
2021,1,4,17,59,30,541,1609747170.541000,0,0,0,0,0,0,0,26,26,
2021,1,4,17,59,30,664,1609747170.664000,0,0,0,0,0,0,0,26,26,
2021,1,4,17,59,30,790,1609747170.790000,0,0,0,0,0,0,0,26,26,
2021,1,4,17,59,30,918,1609747170.918000,0,0,0,0,0,0,0,26,26,
2021,1,4,17,59,31,47,1609747171.047000,0,0,0,0,0,0,0,26,26,
2021,1,4,17,59,31,176,1609747171.176000,0,0,0,0,0,0,0,26,26,
2021,1,4,17,59,31,300,1609747171.300000,0,0,0,0,0,0,0,26,26,
2021,1,4,17,59,31,426,1609747171.426000,0,0,0,0,0,0,0,26,26,
2021,1,4,17,59,31,556,1609747171.556000,0,0,0,0,0,0,0,26,26,
2021,1,4,17,59,31,673,1609747171.673000,0,0,0,0,0,0,0,26,26,
2021,1,4,17,59,31,797,1609747171.797000,0,0,0,0,0,0,0,26,26,
2021,1,4,17,59,31,918,1609747171.918000,0,0,0,0,0,0,0,26,26,
2021,1,4,17,59,32,42,1609747172.042000,0,0,0,0,0,0,0,26,26,
2021,1,4,17,59,32,167,1609747172.167000,0,0,0,0,0,0,0,26,26,
2021,1,4,17,59,32,286,1609747172.286000,0,0,0,0,0,0,0,26,26,
2021,1,4,17,59,32,405,1609747172.405000,0,0,0,0,0,0,0,26,26,
2021,1,4,17,59,32,530,1609747172.530000,0,0,0,0,0,0,0,26,26,
2021,1,4,17,59,32,654,1609747172.654000,0,0,0,0,0,0,0,26,26,
2021,1,4,17,59,32,779,1609747172.779000,0,0,0,0,0,0,0,26,26,
2021,1,4,17,59,32,895,1609747172.895000,0,0,0,0,0,0,0,26,26,
2021,1,4,17,59,33,18,1609747173.018000,0,0,0,0,0,0,0,26,26,
2021,1,4,17,59,33,142,1609747173.142000,0,0,0,0,0,0,0,26,26,
2021,1,4,17,59,33,275,1609747173.275000,0,0,0,0,0,0,0,26,26,
2021,1,4,17,59,33,406,1609747173.406000,0,0,0,0,0,0,0,26,26,
2021,1,4,17,59,33,539,1609747173.539000,0,0,0,0,0,0,0,26,26,
2021,1,4,17,59,33,668,1609747173.668000,0,0,0,0,0,0,0,26,26,
2021,1,4,17,59,33,795,1609747173.795000,0,0,0,0,0,0,0,26,26,
2021,1,4,17,59,33,919,1609747173.919000,0,0,0,0,0,0,0,26,26,
2021,1,4,17,59,34,43,1609747174.043000,0,0,0,0,0,0,0,26,26,
2021,1,4,17,59,34,163,1609747174.163000,0,0,0,0,0,0,0,26,26,
2021,1,4,17,59,34,285,1609747174.285000,0,0,0,0,0,0,0,26,26,
2021,1,4,17,59,34,406,1609747174.406000,0,0,0,0,0,0,0,26,26,
2021,1,4,17,59,34,533,1609747174.533000,0,0,0,0,0,0,0,26,26,
2021,1,4,17,59,34,657,1609747174.657000,0,0,0,0,0,0,0,26,26,
2021,1,4,17,59,34,781,1609747174.781000,0,0,0,0,0,0,0,26,26,
2021,1,4,17,59,34,905,1609747174.905000,0,0,0,0,0,0,0,26,26,
2021,1,4,17,59,35,23,1609747175.023000,0,0,0,0,0,0,0,26,26,
2021,1,4,17,59,35,143,1609747175.143000,0,0,0,0,0,0,0,26,26,
2021,1,4,17,59,35,261,1609747175.261000,0,0,0,0,0,0,0,26,26,
2021,1,4,17,59,35,380,1609747175.380000,0,0,0,0,0,0,0,26,26,
2021,1,4,17,59,35,508,1609747175.508000,0,0,0,0,0,0,0,26,26,
2021,1,4,17,59,35,629,1609747175.629000,0,0,0,0,0,0,0,26,26,
2021,1,4,17,59,35,770,1609747175.770000,0,0,0,0,0,0,0,26,26,
2021,1,4,17,59,35,899,1609747175.899000,0,0,0,0,0,0,0,26,26,
2021,1,4,17,59,36,17,1609747176.017000,0,0,0,0,0,0,0,26,26,
2021,1,4,17,59,36,146,1609747176.146000,0,0,0,0,0,0,0,26,26,
2021,1,4,17,59,36,273,1609747176.273000,0,0,0,0,0,0,0,26,26,
2021,1,4,17,59,36,392,1609747176.392000,0,0,0,0,0,0,0,26,26,
2021,1,4,17,59,36,520,1609747176.520000,0,0,0,0,0,0,0,26,26,
2021,1,4,17,59,36,648,1609747176.648000,0,0,0,0,0,0,0,26,26,
2021,1,4,17,59,36,773,1609747176.773000,0,0,0,0,0,0,0,26,26,
2021,1,4,17,59,36,939,1609747176.939000,0,0,0,0,0,0,0,26,26,
2021,1,4,17,59,37,72,1609747177.072000,0,0,0,0,0,0,0,26,26,
2021,1,4,17,59,37,196,1609747177.196000,0,0,0,0,0,0,0,26,26,
2021,1,4,17,59,37,323,1609747177.323000,0,0,0,0,0,0,0,26,26,
2021,1,4,17,59,37,458,1609747177.458000,0,0,0,0,0,0,0,26,26,
2021,1,4,17,59,37,577,1609747177.577000,0,0,0,0,0,0,0,26,26,
2021,1,4,17,59,37,695,1609747177.695000,0,0,0,0,0,0,0,26,26,
2021,1,4,17,59,37,816,1609747177.816000,0,0,0,0,0,0,0,26,26,
2021,1,4,17,59,37,942,1609747177.942000,0,0,0,0,0,0,0,26,26,
2021,1,4,17,59,38,72,1609747178.072000,0,0,0,0,0,0,0,26,26,
2021,1,4,17,59,38,193,1609747178.193000,0,0,0,0,0,0,0,26,26,
2021,1,4,17,59,38,319,1609747178.319000,0,0,0,0,0,0,0,26,26,
2021,1,4,17,59,38,458,1609747178.458000,0,0,0,0,0,0,0,26,26,
2021,1,4,17,59,38,583,1609747178.583000,0,0,0,0,0,0,0,26,26,
2021,1,4,17,59,38,706,1609747178.706000,0,0,0,0,0,0,0,26,26,
2021,1,4,17,59,38,825,1609747178.825000,0,0,0,0,0,0,0,26,26,
2021,1,4,17,59,38,954,1609747178.954000,0,0,0,0,0,0,0,26,26,
2021,1,4,17,59,39,88,1609747179.088000,0,0,0,0,0,0,0,26,26,
2021,1,4,17,59,39,245,1609747179.245000,0,0,0,0,0,0,0,26,26,
2021,1,4,17,59,39,370,1609747179.370000,0,0,0,0,0,0,0,26,26,
2021,1,4,17,59,39,493,1609747179.493000,0,0,0,0,0,0,0,26,26,
2021,1,4,17,59,39,647,1609747179.647000,0,0,0,0,0,0,0,26,26,
2021,1,4,17,59,39,768,1609747179.768000,0,0,0,0,0,0,0,26,26,
2021,1,4,17,59,39,890,1609747179.890000,0,0,0,0,0,0,0,26,26,
2021,1,4,17,59,40,16,1609747180.016000,0,0,0,0,0,0,0,26,26,
2021,1,4,17,59,40,136,1609747180.136000,0,0,0,0,0,0,0,26,26,
2021,1,4,17,59,40,256,1609747180.256000,0,0,0,0,0,0,0,26,26,
2021,1,4,17,59,40,380,1609747180.380000,0,0,0,0,0,0,0,26,26,
2021,1,4,17,59,40,506,1609747180.506000,0,0,0,0,0,0,0,26,26,
2021,1,4,17,59,40,626,1609747180.626000,0,0,0,0,0,0,0,26,26,
2021,1,4,17,59,40,752,1609747180.752000,0,0,0,0,0,0,0,26,26,
2021,1,4,17,59,40,878,1609747180.878000,0,0,0,0,0,0,0,26,26,
2021,1,4,17,59,41,10,1609747181.010000,0,0,0,0,0,0,0,26,26,
2021,1,4,17,59,41,137,1609747181.137000,0,0,0,0,0,0,0,26,26,
2021,1,4,17,59,41,267,1609747181.267000,0,0,0,0,0,0,0,26,26,
2021,1,4,17,59,41,388,1609747181.388000,0,0,0,0,0,0,0,26,26,
2021,1,4,17,59,41,517,1609747181.517000,0,0,0,0,0,0,0,26,26,
2021,1,4,17,59,41,651,1609747181.651000,0,0,0,0,0,0,0,26,26,
2021,1,4,17,59,41,789,1609747181.789000,0,0,0,0,0,0,0,26,26,
2021,1,4,17,59,41,908,1609747181.908000,0,0,0,0,0,0,0,26,26,
2021,1,4,17,59,42,31,1609747182.031000,0,0,0,0,0,0,0,26,26,
2021,1,4,17,59,42,161,1609747182.161000,0,0,0,0,0,0,0,26,26,
2021,1,4,17,59,42,288,1609747182.288000,0,0,0,0,0,0,0,26,26,
2021,1,4,17,59,42,409,1609747182.409000,0,0,0,0,0,0,0,26,26,
2021,1,4,17,59,42,540,1609747182.540000,0,0,0,0,0,0,0,26,26,
2021,1,4,17,59,42,666,1609747182.666000,0,0,0,0,0,0,0,26,26,
2021,1,4,17,59,42,790,1609747182.790000,0,0,0,0,0,0,0,26,26,
2021,1,4,17,59,42,915,1609747182.915000,0,0,0,0,0,0,0,26,26,
2021,1,4,17,59,43,33,1609747183.033000,0,0,0,0,0,0,0,26,26,
2021,1,4,17,59,43,155,1609747183.155000,0,0,0,0,0,0,0,26,26,
2021,1,4,17,59,43,283,1609747183.283000,0,0,0,0,0,0,0,26,26,
2021,1,4,17,59,43,416,1609747183.416000,0,0,0,0,0,0,0,26,26,
2021,1,4,17,59,43,548,1609747183.548000,0,0,0,0,0,0,0,26,26,
2021,1,4,17,59,43,677,1609747183.677000,0,0,0,0,0,0,0,26,26,
2021,1,4,17,59,43,795,1609747183.795000,0,0,0,0,0,0,0,26,26,
2021,1,4,17,59,43,919,1609747183.919000,0,0,0,0,0,0,0,26,26,
2021,1,4,17,59,44,48,1609747184.048000,0,0,0,0,0,0,0,26,26,
2021,1,4,17,59,44,171,1609747184.171000,0,0,0,0,0,0,0,26,26,
2021,1,4,17,59,44,294,1609747184.294000,0,0,0,0,0,0,0,26,26,
2021,1,4,17,59,44,458,1609747184.458000,0,0,0,0,0,0,0,26,26,
2021,1,4,17,59,44,594,1609747184.594000,0,0,0,0,0,0,0,26,26,
2021,1,4,17,59,44,715,1609747184.715000,0,0,0,0,0,0,0,26,26,
2021,1,4,17,59,44,841,1609747184.841000,0,0,0,0,0,0,0,26,26,
2021,1,4,17,59,44,968,1609747184.968000,0,0,0,0,0,0,0,26,26,
2021,1,4,17,59,45,102,1609747185.102000,0,0,0,0,0,0,0,26,26,
2021,1,4,17,59,45,231,1609747185.231000,0,0,0,0,0,0,0,26,26,
2021,1,4,17,59,45,352,1609747185.352000,0,0,0,0,0,0,0,26,26,
2021,1,4,17,59,45,482,1609747185.482000,0,0,0,0,0,0,0,26,26,
2021,1,4,17,59,45,624,1609747185.624000,0,0,0,0,0,0,0,26,26,
2021,1,4,17,59,45,744,1609747185.744000,0,0,0,0,0,0,0,26,26,
2021,1,4,17,59,45,864,1609747185.864000,0,0,0,0,0,0,0,26,26,
2021,1,4,17,59,45,988,1609747185.988000,0,0,0,0,0,0,0,26,26,
2021,1,4,17,59,46,115,1609747186.115000,0,0,0,0,0,0,0,26,26,
2021,1,4,17,59,46,243,1609747186.243000,0,0,0,0,0,0,0,26,26,
2021,1,4,17,59,46,369,1609747186.369000,0,0,0,0,0,0,0,26,26,
2021,1,4,17,59,46,488,1609747186.488000,0,0,0,0,0,0,0,26,26,
2021,1,4,17,59,46,611,1609747186.611000,0,0,0,0,0,0,0,26,26,
2021,1,4,17,59,46,732,1609747186.732000,0,0,0,0,0,0,0,26,26,
2021,1,4,17,59,46,852,1609747186.852000,0,0,0,0,0,0,0,26,26,
2021,1,4,17,59,46,975,1609747186.975000,0,0,0,0,0,0,0,26,26,
2021,1,4,17,59,47,122,1609747187.122000,0,0,0,0,0,0,0,26,26,
2021,1,4,17,59,47,244,1609747187.244000,0,0,0,0,0,0,0,26,26,
2021,1,4,17,59,47,366,1609747187.366000,0,0,0,0,0,0,0,26,26,
2021,1,4,17,59,47,492,1609747187.492000,0,0,0,0,0,0,0,26,26,
