year,month,day,hour,minute,second,millisecond,UTC,open_CB2-66KV,open_CB3-66KV,open_CB-TRSF2,open_CB2-22KV,I_CB2-66KV,I_CB3-66KV,I_TRSF2-W1,I_TRSF2-W2,I_CB-TRSF2,I_CB2-22KV
2021,1,4,17,57,3,318,1609747023.318000,1,0,0,1,0,17,17,30,52,0,
2021,1,4,17,57,3,440,1609747023.440000,1,0,0,1,0,17,17,30,52,0,
2021,1,4,17,57,3,551,1609747023.551000,1,0,0,1,0,17,17,30,52,0,
2021,1,4,17,57,3,662,1609747023.662000,1,0,0,1,0,17,17,30,52,0,
2021,1,4,17,57,3,773,1609747023.773000,1,0,0,1,0,17,17,30,52,0,
2021,1,4,17,57,3,888,1609747023.888000,1,0,0,1,0,17,17,30,52,0,
2021,1,4,17,57,3,999,1609747023.999000,1,0,0,1,0,17,17,30,52,0,
2021,1,4,17,57,4,112,1609747024.112000,1,0,0,1,0,17,17,30,52,0,
2021,1,4,17,57,4,224,1609747024.224000,1,0,0,1,0,17,17,30,52,0,
2021,1,4,17,57,4,340,1609747024.340000,1,0,0,1,0,17,17,30,52,0,
2021,1,4,17,57,4,454,1609747024.454000,1,0,0,1,0,17,17,30,52,0,
2021,1,4,17,57,4,564,1609747024.564000,1,0,0,1,0,17,17,30,52,0,
2021,1,4,17,57,4,677,1609747024.677000,1,0,0,1,0,17,17,30,52,0,
2021,1,4,17,57,4,787,1609747024.787000,1,0,0,1,0,17,17,30,52,0,
2021,1,4,17,57,4,899,1609747024.899000,1,0,0,1,0,17,17,30,52,0,
2021,1,4,17,57,5,9,1609747025.009000,1,0,0,1,0,17,17,30,52,0,
2021,1,4,17,57,5,120,1609747025.120000,1,0,0,1,0,17,17,30,52,0,
2021,1,4,17,57,5,234,1609747025.234000,1,0,0,1,0,17,17,30,52,0,
2021,1,4,17,57,5,349,1609747025.349000,1,0,0,1,0,17,17,30,52,0,
2021,1,4,17,57,5,466,1609747025.466000,1,0,0,1,0,17,17,30,52,0,
2021,1,4,17,57,5,578,1609747025.578000,1,0,0,1,0,17,17,30,52,0,
2021,1,4,17,57,5,691,1609747025.691000,1,0,0,1,0,17,17,30,52,0,
2021,1,4,17,57,5,801,1609747025.801000,1,0,0,1,0,17,17,30,52,0,
2021,1,4,17,57,5,915,1609747025.915000,1,0,0,1,0,17,17,30,52,0,
2021,1,4,17,57,6,25,1609747026.025000,1,0,0,1,0,17,17,30,52,0,
2021,1,4,17,57,6,143,1609747026.143000,1,0,0,1,0,17,17,30,52,0,
2021,1,4,17,57,6,259,1609747026.259000,1,0,0,1,0,17,17,30,52,0,
2021,1,4,17,57,6,375,1609747026.375000,1,0,0,1,0,17,17,30,52,0,
2021,1,4,17,57,6,486,1609747026.486000,1,0,0,1,0,17,17,30,52,0,
2021,1,4,17,57,6,597,1609747026.597000,1,0,0,1,0,17,17,30,52,0,
2021,1,4,17,57,6,708,1609747026.708000,1,0,0,1,0,17,17,30,52,0,
2021,1,4,17,57,6,820,1609747026.820000,1,0,0,1,0,17,17,30,52,0,
2021,1,4,17,57,6,935,1609747026.935000,1,0,0,1,0,17,17,30,52,0,
2021,1,4,17,57,7,47,1609747027.047000,1,0,0,1,0,17,17,30,52,0,
2021,1,4,17,57,7,161,1609747027.161000,1,0,0,1,0,17,17,30,52,0,
2021,1,4,17,57,7,273,1609747027.273000,1,0,0,1,0,17,17,30,52,0,
2021,1,4,17,57,7,387,1609747027.387000,1,0,0,1,0,17,17,30,52,0,
2021,1,4,17,57,7,497,1609747027.497000,1,0,0,1,0,17,17,30,52,0,
2021,1,4,17,57,7,608,1609747027.608000,1,0,0,1,0,17,17,30,52,0,
2021,1,4,17,57,7,727,1609747027.727000,1,0,0,1,0,17,17,30,52,0,
2021,1,4,17,57,7,845,1609747027.845000,1,0,0,1,0,17,17,30,52,0,
2021,1,4,17,57,7,958,1609747027.958000,1,0,0,1,0,17,17,30,52,0,
2021,1,4,17,57,8,70,1609747028.070000,1,0,0,1,0,17,17,30,52,0,
2021,1,4,17,57,8,183,1609747028.183000,1,0,0,1,0,17,17,30,52,0,
2021,1,4,17,57,8,298,1609747028.298000,1,0,0,1,0,17,17,30,52,0,
2021,1,4,17,57,8,409,1609747028.409000,1,0,0,1,0,17,17,30,52,0,
2021,1,4,17,57,8,521,1609747028.521000,1,0,0,1,0,17,17,30,52,0,
2021,1,4,17,57,8,633,1609747028.633000,1,0,0,1,0,17,17,30,52,0,
2021,1,4,17,57,8,748,1609747028.748000,1,0,0,1,0,17,17,30,52,0,
2021,1,4,17,57,8,863,1609747028.863000,1,0,0,1,0,17,17,30,52,0,
2021,1,4,17,57,8,976,1609747028.976000,1,0,0,1,0,17,17,30,52,0,
2021,1,4,17,57,9,91,1609747029.091000,1,0,0,1,0,17,17,30,52,0,
2021,1,4,17,57,9,202,1609747029.202000,1,0,0,1,0,17,17,30,52,0,
2021,1,4,17,57,9,318,1609747029.318000,1,0,0,1,0,17,17,30,52,0,
2021,1,4,17,57,9,430,1609747029.430000,1,0,0,1,0,17,17,30,52,0,
2021,1,4,17,57,9,541,1609747029.541000,1,0,0,1,0,17,17,30,52,0,
2021,1,4,17,57,9,656,1609747029.656000,1,0,0,1,0,17,17,30,52,0,
2021,1,4,17,57,9,781,1609747029.781000,1,0,0,1,0,17,17,30,52,0,
2021,1,4,17,57,9,898,1609747029.898000,1,0,0,1,0,17,17,30,52,0,
2021,1,4,17,57,10,10,1609747030.010000,1,0,0,1,0,17,17,30,52,0,
2021,1,4,17,57,10,120,1609747030.120000,1,0,0,1,0,17,17,30,52,0,
2021,1,4,17,57,10,233,1609747030.233000,1,0,0,1,0,17,17,30,52,0,
2021,1,4,17,57,10,349,1609747030.349000,1,0,0,1,0,17,17,30,52,0,
2021,1,4,17,57,10,465,1609747030.465000,1,0,0,1,0,17,17,30,52,0,
2021,1,4,17,57,10,578,1609747030.578000,1,0,0,1,0,17,17,30,52,0,
2021,1,4,17,57,10,691,1609747030.691000,1,0,0,1,0,17,17,30,52,0,
2021,1,4,17,57,10,805,1609747030.805000,1,0,0,1,0,17,17,30,52,0,
2021,1,4,17,57,10,917,1609747030.917000,1,0,0,1,0,17,17,30,52,0,
2021,1,4,17,57,11,30,1609747031.030000,1,0,0,1,0,17,17,30,52,0,
2021,1,4,17,57,11,144,1609747031.144000,1,0,0,1,0,17,17,30,52,0,
2021,1,4,17,57,11,262,1609747031.262000,1,0,0,1,0,17,17,30,52,0,
2021,1,4,17,57,11,380,1609747031.380000,1,0,0,1,0,17,17,30,52,0,
2021,1,4,17,57,11,493,1609747031.493000,1,0,0,1,0,17,17,30,52,0,
2021,1,4,17,57,11,610,1609747031.610000,1,0,0,1,0,17,17,30,52,0,
2021,1,4,17,57,11,724,1609747031.724000,1,0,0,1,0,17,17,30,52,0,
2021,1,4,17,57,11,836,1609747031.836000,1,0,0,1,0,17,17,30,52,0,
2021,1,4,17,57,11,950,1609747031.950000,1,0,0,1,0,17,17,30,52,0,
2021,1,4,17,57,12,69,1609747032.069000,1,0,0,1,0,17,17,30,52,0,
2021,1,4,17,57,12,185,1609747032.185000,1,0,0,1,0,17,17,30,52,0,
2021,1,4,17,57,12,295,1609747032.295000,1,0,0,1,0,17,17,30,52,0,
2021,1,4,17,57,12,407,1609747032.407000,1,0,0,1,0,17,17,30,52,0,
2021,1,4,17,57,12,519,1609747032.519000,1,0,0,1,0,17,17,30,52,0,
2021,1,4,17,57,12,630,1609747032.630000,1,0,0,1,0,17,17,30,52,0,
2021,1,4,17,57,12,745,1609747032.745000,1,0,0,1,0,17,17,30,52,0,
2021,1,4,17,57,12,861,1609747032.861000,1,0,0,1,0,17,17,30,52,0,
2021,1,4,17,57,12,977,1609747032.977000,1,0,0,1,0,17,17,30,52,0,
2021,1,4,17,57,13,93,1609747033.093000,1,0,0,1,0,17,17,30,52,0,
2021,1,4,17,57,13,210,1609747033.210000,1,0,0,1,0,17,17,30,52,0,
2021,1,4,17,57,13,327,1609747033.327000,1,0,0,1,0,17,17,30,52,0,
2021,1,4,17,57,13,439,1609747033.439000,1,0,0,1,0,17,17,30,52,0,
2021,1,4,17,57,13,551,1609747033.551000,1,0,0,1,0,17,17,30,52,0,
2021,1,4,17,57,13,667,1609747033.667000,1,0,0,1,0,17,17,30,52,0,
2021,1,4,17,57,13,779,1609747033.779000,1,0,0,1,0,17,17,30,52,0,
2021,1,4,17,57,13,891,1609747033.891000,1,0,0,1,0,17,17,30,52,0,
2021,1,4,17,57,14,14,1609747034.014000,1,0,0,1,0,17,17,30,52,0,
2021,1,4,17,57,14,130,1609747034.130000,1,0,0,1,0,17,17,30,52,0,
2021,1,4,17,57,14,244,1609747034.244000,1,0,0,1,0,17,17,30,52,0,
2021,1,4,17,57,14,356,1609747034.356000,1,0,0,1,0,17,17,30,52,0,
2021,1,4,17,57,14,471,1609747034.471000,1,0,0,1,0,17,17,30,52,0,
2021,1,4,17,57,14,589,1609747034.589000,1,0,0,1,0,17,17,30,52,0,
2021,1,4,17,57,14,704,1609747034.704000,1,0,0,1,0,17,17,30,52,0,
2021,1,4,17,57,14,822,1609747034.822000,1,0,0,1,0,17,17,30,52,0,
2021,1,4,17,57,14,936,1609747034.936000,1,0,0,1,0,17,17,30,52,0,
2021,1,4,17,57,15,52,1609747035.052000,1,0,0,1,0,17,17,30,52,0,
2021,1,4,17,57,15,169,1609747035.169000,1,0,0,1,0,17,17,30,52,0,
2021,1,4,17,57,15,283,1609747035.283000,1,0,0,1,0,17,17,30,52,0,
2021,1,4,17,57,15,405,1609747035.405000,1,0,0,1,0,17,17,30,52,0,
2021,1,4,17,57,15,524,1609747035.524000,1,0,0,1,0,17,17,30,52,0,
2021,1,4,17,57,15,638,1609747035.638000,1,0,0,1,0,17,17,30,52,0,
2021,1,4,17,57,15,752,1609747035.752000,1,0,0,1,0,17,17,30,52,0,
2021,1,4,17,57,15,872,1609747035.872000,1,0,0,1,0,17,17,30,52,0,
2021,1,4,17,57,15,994,1609747035.994000,1,0,0,1,0,17,17,30,52,0,
2021,1,4,17,57,16,106,1609747036.106000,1,0,0,1,0,17,17,30,52,0,
2021,1,4,17,57,16,226,1609747036.226000,1,0,0,1,0,17,17,30,52,0,
2021,1,4,17,57,16,340,1609747036.340000,1,0,0,1,0,17,17,30,52,0,
2021,1,4,17,57,16,458,1609747036.458000,1,0,0,1,0,17,17,30,52,0,
2021,1,4,17,57,16,572,1609747036.572000,1,0,0,1,0,17,17,30,52,0,
2021,1,4,17,57,16,692,1609747036.692000,1,0,0,1,0,17,17,30,52,0,
2021,1,4,17,57,16,804,1609747036.804000,1,0,0,1,0,17,17,30,52,0,
2021,1,4,17,57,16,919,1609747036.919000,1,0,0,1,0,17,17,30,52,0,
2021,1,4,17,57,17,39,1609747037.039000,1,0,0,1,0,17,17,30,52,0,
2021,1,4,17,57,17,153,1609747037.153000,1,0,0,1,0,17,17,30,52,0,
2021,1,4,17,57,17,267,1609747037.267000,1,0,0,1,0,17,17,30,52,0,
2021,1,4,17,57,17,388,1609747037.388000,1,0,0,1,0,17,17,30,52,0,
2021,1,4,17,57,17,503,1609747037.503000,1,0,0,1,0,17,17,30,52,0,
2021,1,4,17,57,17,615,1609747037.615000,1,0,0,1,0,17,17,30,52,0,
2021,1,4,17,57,17,734,1609747037.734000,1,0,0,1,0,17,17,30,52,0,
2021,1,4,17,57,17,849,1609747037.849000,1,0,0,1,0,17,17,30,52,0,
2021,1,4,17,57,17,967,1609747037.967000,1,0,0,1,0,17,17,30,52,0,
2021,1,4,17,57,18,83,1609747038.083000,1,0,0,1,0,17,17,30,52,0,
2021,1,4,17,57,18,198,1609747038.198000,1,0,0,1,0,17,17,30,52,0,
2021,1,4,17,57,18,314,1609747038.314000,1,0,0,1,0,17,17,30,52,0,
2021,1,4,17,57,18,435,1609747038.435000,1,0,0,1,0,17,17,30,52,0,
2021,1,4,17,57,18,546,1609747038.546000,1,0,0,1,0,17,17,30,52,0,
2021,1,4,17,57,18,670,1609747038.670000,1,0,0,1,0,17,17,30,52,0,
2021,1,4,17,57,18,785,1609747038.785000,1,0,0,1,0,17,17,30,52,0,
2021,1,4,17,57,18,901,1609747038.901000,1,0,0,1,0,17,17,30,52,0,
2021,1,4,17,57,19,20,1609747039.020000,1,0,0,1,0,17,17,30,52,0,
2021,1,4,17,57,19,134,1609747039.134000,1,0,0,1,0,17,17,30,52,0,
2021,1,4,17,57,19,254,1609747039.254000,1,0,0,1,0,17,17,30,52,0,
2021,1,4,17,57,19,368,1609747039.368000,1,0,0,1,0,17,17,30,52,0,
2021,1,4,17,57,19,486,1609747039.486000,1,0,0,1,0,17,17,30,52,0,
2021,1,4,17,57,19,601,1609747039.601000,1,0,0,1,0,17,17,30,52,0,
2021,1,4,17,57,19,715,1609747039.715000,1,0,0,1,0,17,17,30,52,0,
2021,1,4,17,57,19,833,1609747039.833000,1,0,0,1,0,17,17,30,52,0,
2021,1,4,17,57,19,952,1609747039.952000,1,0,0,1,0,17,17,30,52,0,
2021,1,4,17,57,20,69,1609747040.069000,1,0,0,1,0,17,17,30,52,0,
2021,1,4,17,57,20,185,1609747040.185000,1,0,0,1,0,17,17,30,52,0,
2021,1,4,17,57,20,300,1609747040.300000,1,0,0,1,0,17,17,30,52,0,
2021,1,4,17,57,20,414,1609747040.414000,1,0,0,1,0,17,17,30,52,0,
2021,1,4,17,57,20,527,1609747040.527000,1,0,0,1,0,17,17,30,52,0,
2021,1,4,17,57,20,648,1609747040.648000,1,0,0,1,0,17,17,30,52,0,
2021,1,4,17,57,20,764,1609747040.764000,1,0,0,1,0,17,17,30,52,0,
2021,1,4,17,57,20,882,1609747040.882000,1,0,0,1,0,17,17,30,52,0,
2021,1,4,17,57,21,3,1609747041.003000,1,0,0,1,0,17,17,30,52,0,
2021,1,4,17,57,21,122,1609747041.122000,1,0,0,1,0,17,17,30,52,0,
2021,1,4,17,57,21,240,1609747041.240000,1,0,0,1,0,17,17,30,52,0,
2021,1,4,17,57,21,356,1609747041.356000,1,0,0,1,0,17,17,30,52,0,
2021,1,4,17,57,21,479,1609747041.479000,1,0,0,1,0,17,17,30,52,0,
2021,1,4,17,57,21,596,1609747041.596000,1,0,0,1,0,17,17,30,52,0,
2021,1,4,17,57,21,710,1609747041.710000,1,0,0,1,0,17,17,30,52,0,
2021,1,4,17,57,21,829,1609747041.829000,1,0,0,1,0,17,17,30,52,0,
2021,1,4,17,57,21,949,1609747041.949000,1,0,0,1,0,17,17,30,52,0,
2021,1,4,17,57,22,69,1609747042.069000,1,0,0,1,0,17,17,30,52,0,
2021,1,4,17,57,22,188,1609747042.188000,1,0,0,1,0,17,17,30,52,0,
2021,1,4,17,57,22,303,1609747042.303000,1,0,0,1,0,17,17,30,52,0,
2021,1,4,17,57,22,420,1609747042.420000,1,0,0,1,0,17,17,30,52,0,
2021,1,4,17,57,22,534,1609747042.534000,1,0,0,1,0,17,17,30,52,0,
2021,1,4,17,57,22,652,1609747042.652000,1,0,0,1,0,17,17,30,52,0,
2021,1,4,17,57,22,770,1609747042.770000,1,0,0,1,0,17,17,30,52,0,
2021,1,4,17,57,22,886,1609747042.886000,1,0,0,1,0,17,17,30,52,0,
2021,1,4,17,57,23,1,1609747043.001000,1,0,0,1,0,17,17,30,52,0,
2021,1,4,17,57,23,119,1609747043.119000,1,0,0,1,0,17,17,30,52,0,
2021,1,4,17,57,23,238,1609747043.238000,1,0,0,1,0,17,17,30,52,0,
2021,1,4,17,57,23,354,1609747043.354000,1,0,0,1,0,17,17,30,52,0,
2021,1,4,17,57,23,467,1609747043.467000,1,0,0,1,0,17,17,30,52,0,
2021,1,4,17,57,23,584,1609747043.584000,1,0,0,1,0,17,17,30,52,0,
2021,1,4,17,57,23,698,1609747043.698000,1,0,0,1,0,17,17,30,52,0,
2021,1,4,17,57,23,822,1609747043.822000,1,0,0,1,0,17,17,30,52,0,
2021,1,4,17,57,23,945,1609747043.945000,1,0,0,1,0,17,17,30,52,0,
2021,1,4,17,57,24,63,1609747044.063000,1,0,0,1,0,17,17,30,52,0,
2021,1,4,17,57,24,178,1609747044.178000,1,0,0,1,0,17,17,30,52,0,
2021,1,4,17,57,24,294,1609747044.294000,1,0,0,1,0,17,17,30,52,0,
2021,1,4,17,57,24,408,1609747044.408000,1,0,0,1,0,17,17,30,52,0,
2021,1,4,17,57,24,528,1609747044.528000,1,0,0,1,0,17,17,30,52,0,
2021,1,4,17,57,24,647,1609747044.647000,1,0,0,1,0,17,17,30,52,0,
2021,1,4,17,57,24,767,1609747044.767000,1,0,0,1,0,17,17,30,52,0,
2021,1,4,17,57,24,880,1609747044.880000,1,0,0,1,0,17,17,30,52,0,
2021,1,4,17,57,24,994,1609747044.994000,1,0,0,1,0,17,17,30,52,0,
2021,1,4,17,57,25,119,1609747045.119000,1,0,0,1,0,17,17,30,52,0,
2021,1,4,17,57,25,236,1609747045.236000,1,0,0,1,0,17,17,30,52,0,
2021,1,4,17,57,25,361,1609747045.361000,1,0,0,1,0,17,17,30,52,0,
2021,1,4,17,57,25,481,1609747045.481000,1,0,0,1,0,17,17,30,52,0,
2021,1,4,17,57,25,603,1609747045.603000,1,0,0,1,0,17,17,30,52,0,
2021,1,4,17,57,25,724,1609747045.724000,1,0,0,1,0,17,17,30,52,0,
2021,1,4,17,57,25,846,1609747045.846000,1,0,0,1,0,17,17,30,52,0,
2021,1,4,17,57,25,960,1609747045.960000,1,0,0,1,0,17,17,30,52,0,
2021,1,4,17,57,26,74,1609747046.074000,1,0,0,1,0,17,17,30,52,0,
2021,1,4,17,57,26,192,1609747046.192000,1,0,0,1,0,17,17,30,52,0,
2021,1,4,17,57,26,311,1609747046.311000,1,0,0,1,0,17,17,30,52,0,
2021,1,4,17,57,26,431,1609747046.431000,1,0,0,1,0,17,17,30,52,0,
2021,1,4,17,57,26,546,1609747046.546000,1,0,0,1,0,17,17,30,52,0,
2021,1,4,17,57,26,667,1609747046.667000,1,0,0,1,0,17,17,30,52,0,
2021,1,4,17,57,26,784,1609747046.784000,1,0,0,1,0,17,17,30,52,0,
2021,1,4,17,57,26,896,1609747046.896000,1,0,0,1,0,17,17,30,52,0,
2021,1,4,17,57,27,18,1609747047.018000,1,0,0,1,0,17,17,30,52,0,
2021,1,4,17,57,27,135,1609747047.135000,1,0,0,1,0,17,17,30,52,0,
2021,1,4,17,57,27,249,1609747047.249000,1,0,0,1,0,17,17,30,52,0,
2021,1,4,17,57,27,365,1609747047.365000,1,0,0,1,0,17,17,30,52,0,
2021,1,4,17,57,27,485,1609747047.485000,1,0,0,1,0,17,17,30,52,0,
2021,1,4,17,57,27,597,1609747047.597000,1,0,0,1,0,17,17,30,52,0,
2021,1,4,17,57,27,712,1609747047.712000,1,0,0,1,0,17,17,30,52,0,
2021,1,4,17,57,27,835,1609747047.835000,1,0,0,1,0,17,17,30,52,0,
2021,1,4,17,57,27,956,1609747047.956000,1,0,0,1,0,17,17,30,52,0,
2021,1,4,17,57,28,80,1609747048.080000,1,0,0,1,0,17,17,30,52,0,
2021,1,4,17,57,28,198,1609747048.198000,1,0,0,1,0,17,17,30,52,0,
2021,1,4,17,57,28,315,1609747048.315000,1,0,0,1,0,17,17,30,52,0,
2021,1,4,17,57,28,430,1609747048.430000,1,0,0,1,0,17,17,30,52,0,
2021,1,4,17,57,28,546,1609747048.546000,1,0,0,1,0,17,17,30,52,0,
2021,1,4,17,57,28,665,1609747048.665000,1,0,0,1,0,17,17,30,52,0,
2021,1,4,17,57,28,780,1609747048.780000,1,0,0,1,0,17,17,30,52,0,
2021,1,4,17,57,28,897,1609747048.897000,1,0,0,1,0,17,17,30,52,0,
2021,1,4,17,57,29,11,1609747049.011000,1,0,0,1,0,17,17,30,52,0,
2021,1,4,17,57,29,131,1609747049.131000,1,0,0,1,0,17,17,30,52,0,
2021,1,4,17,57,29,249,1609747049.249000,1,0,0,1,0,17,17,30,52,0,
2021,1,4,17,57,29,364,1609747049.364000,1,0,0,1,0,17,17,30,52,0,
2021,1,4,17,57,29,478,1609747049.478000,1,0,0,1,0,17,17,30,52,0,
2021,1,4,17,57,29,595,1609747049.595000,1,0,0,1,0,17,17,30,52,0,
2021,1,4,17,57,29,710,1609747049.710000,1,0,0,1,0,17,17,30,52,0,
2021,1,4,17,57,29,824,1609747049.824000,1,0,0,1,0,17,17,30,52,0,
2021,1,4,17,57,29,942,1609747049.942000,1,0,0,1,0,17,17,30,52,0,
2021,1,4,17,57,30,57,1609747050.057000,1,0,0,1,0,17,17,30,52,0,
2021,1,4,17,57,30,172,1609747050.172000,1,0,0,1,0,17,17,30,52,0,
2021,1,4,17,57,30,288,1609747050.288000,1,0,0,1,0,17,17,30,52,0,
2021,1,4,17,57,30,402,1609747050.402000,1,0,0,1,0,17,17,30,52,0,
2021,1,4,17,57,30,517,1609747050.517000,1,0,0,1,0,17,17,30,52,0,
2021,1,4,17,57,30,639,1609747050.639000,1,0,0,1,0,17,17,30,52,0,
2021,1,4,17,57,30,754,1609747050.754000,1,0,0,1,0,17,17,30,52,0,
2021,1,4,17,57,30,867,1609747050.867000,1,0,0,1,0,17,17,30,52,0,
2021,1,4,17,57,30,980,1609747050.980000,1,0,0,1,0,17,17,30,52,0,
2021,1,4,17,57,31,95,1609747051.095000,1,0,0,1,0,17,17,30,52,0,
2021,1,4,17,57,31,209,1609747051.209000,1,0,0,1,0,17,17,30,52,0,
2021,1,4,17,57,31,323,1609747051.323000,1,0,0,1,0,17,17,30,52,0,
2021,1,4,17,57,31,445,1609747051.445000,1,0,0,1,0,17,17,30,52,0,
2021,1,4,17,57,31,558,1609747051.558000,1,0,0,1,0,17,17,30,52,0,
2021,1,4,17,57,31,681,1609747051.681000,1,0,0,1,0,17,17,30,52,0,
2021,1,4,17,57,31,797,1609747051.797000,1,0,0,1,0,17,17,30,52,0,
2021,1,4,17,57,31,909,1609747051.909000,1,0,0,1,0,17,17,30,52,0,
2021,1,4,17,57,32,35,1609747052.035000,1,0,0,1,0,17,17,30,52,0,
2021,1,4,17,57,32,156,1609747052.156000,1,0,0,1,0,17,17,30,52,0,
2021,1,4,17,57,32,271,1609747052.271000,1,0,0,1,0,17,17,30,52,0,
2021,1,4,17,57,32,387,1609747052.387000,1,0,0,1,0,17,17,30,52,0,
2021,1,4,17,57,32,499,1609747052.499000,1,0,0,1,0,17,17,30,52,0,
2021,1,4,17,57,32,617,1609747052.617000,1,0,0,1,0,17,17,30,52,0,
2021,1,4,17,57,32,739,1609747052.739000,1,0,0,1,0,17,17,30,52,0,
2021,1,4,17,57,32,858,1609747052.858000,1,0,0,1,0,17,17,30,52,0,
2021,1,4,17,57,32,974,1609747052.974000,1,0,0,1,0,17,17,30,52,0,
2021,1,4,17,57,33,90,1609747053.090000,1,0,0,1,0,17,17,30,52,0,
2021,1,4,17,57,33,212,1609747053.212000,1,0,0,1,0,17,17,30,52,0,
2021,1,4,17,57,33,328,1609747053.328000,1,0,0,1,0,17,17,30,52,0,
2021,1,4,17,57,33,444,1609747053.444000,1,0,0,1,0,17,17,30,52,0,
2021,1,4,17,57,33,558,1609747053.558000,1,0,0,1,0,17,17,30,52,0,
2021,1,4,17,57,33,683,1609747053.683000,1,0,0,1,0,17,17,30,52,0,
2021,1,4,17,57,33,798,1609747053.798000,1,0,0,1,0,17,17,30,52,0,
2021,1,4,17,57,33,914,1609747053.914000,1,0,0,1,0,17,17,30,52,0,
2021,1,4,17,57,34,33,1609747054.033000,1,0,0,1,0,17,17,30,52,0,
2021,1,4,17,57,34,156,1609747054.156000,1,0,0,1,0,17,17,30,52,0,
2021,1,4,17,57,34,270,1609747054.270000,1,0,0,1,0,17,17,30,52,0,
2021,1,4,17,57,34,387,1609747054.387000,1,0,0,1,0,17,17,30,52,0,
2021,1,4,17,57,34,504,1609747054.504000,1,0,0,1,0,17,17,30,52,0,
2021,1,4,17,57,34,620,1609747054.620000,1,0,0,1,0,17,17,30,52,0,
2021,1,4,17,57,34,740,1609747054.740000,1,0,0,1,0,17,17,30,52,0,
2021,1,4,17,57,34,858,1609747054.858000,1,0,0,1,0,17,17,30,52,0,
2021,1,4,17,57,34,977,1609747054.977000,1,0,0,1,0,17,17,30,52,0,
2021,1,4,17,57,35,92,1609747055.092000,1,0,0,1,0,17,17,30,52,0,
2021,1,4,17,57,35,214,1609747055.214000,1,0,0,1,0,17,17,30,52,0,
2021,1,4,17,57,35,331,1609747055.331000,1,0,0,1,0,17,17,30,52,0,
2021,1,4,17,57,35,456,1609747055.456000,1,0,0,1,0,17,17,30,52,0,
2021,1,4,17,57,35,571,1609747055.571000,1,0,0,1,0,17,17,30,52,0,
2021,1,4,17,57,35,691,1609747055.691000,1,0,0,1,0,17,17,30,52,0,
2021,1,4,17,57,35,807,1609747055.807000,1,0,0,1,0,17,17,30,52,0,
2021,1,4,17,57,35,926,1609747055.926000,1,0,0,1,0,17,17,30,52,0,
2021,1,4,17,57,36,39,1609747056.039000,1,0,0,1,0,17,17,30,52,0,
2021,1,4,17,57,36,158,1609747056.158000,1,0,0,1,0,17,17,30,52,0,
2021,1,4,17,57,36,280,1609747056.280000,1,0,0,1,0,17,17,30,52,0,
2021,1,4,17,57,36,395,1609747056.395000,1,0,0,1,0,17,17,30,52,0,
2021,1,4,17,57,36,509,1609747056.509000,1,0,0,1,0,17,17,30,52,0,
2021,1,4,17,57,36,624,1609747056.624000,1,0,0,1,0,17,17,30,52,0,
2021,1,4,17,57,36,743,1609747056.743000,1,0,0,1,0,17,17,30,52,0,
2021,1,4,17,57,36,860,1609747056.860000,1,0,0,1,0,17,17,30,52,0,
2021,1,4,17,57,36,983,1609747056.983000,1,0,0,1,0,17,17,30,52,0,
2021,1,4,17,57,37,97,1609747057.097000,1,0,0,1,0,17,17,30,52,0,
2021,1,4,17,57,37,210,1609747057.210000,1,0,0,1,0,17,17,30,52,0,
2021,1,4,17,57,37,324,1609747057.324000,1,0,0,1,0,17,17,30,52,0,
2021,1,4,17,57,37,438,1609747057.438000,1,0,0,1,0,17,17,30,52,0,
2021,1,4,17,57,37,554,1609747057.554000,1,0,0,1,0,17,17,30,52,0,
2021,1,4,17,57,37,671,1609747057.671000,1,0,0,1,0,17,17,30,52,0,
2021,1,4,17,57,37,795,1609747057.795000,1,0,0,1,0,17,17,30,52,0,
2021,1,4,17,57,37,908,1609747057.908000,1,0,0,1,0,17,17,30,52,0,
2021,1,4,17,57,38,21,1609747058.021000,1,0,0,1,0,17,17,30,52,0,
2021,1,4,17,57,38,136,1609747058.136000,1,0,0,1,0,17,17,30,52,0,
2021,1,4,17,57,38,252,1609747058.252000,1,0,0,1,0,17,17,30,52,0,
2021,1,4,17,57,38,367,1609747058.367000,1,0,0,1,0,17,17,30,52,0,
2021,1,4,17,57,38,484,1609747058.484000,1,0,0,1,0,17,17,30,52,0,
2021,1,4,17,57,38,604,1609747058.604000,1,0,0,1,0,17,17,30,52,0,
2021,1,4,17,57,38,719,1609747058.719000,1,0,0,1,0,17,17,30,52,0,
2021,1,4,17,57,38,833,1609747058.833000,1,0,0,1,0,17,17,30,52,0,
2021,1,4,17,57,38,952,1609747058.952000,1,0,0,1,0,17,17,30,52,0,
2021,1,4,17,57,39,68,1609747059.068000,1,0,0,1,0,17,17,30,52,0,
2021,1,4,17,57,39,193,1609747059.193000,1,0,0,1,0,17,17,30,52,0,
2021,1,4,17,57,39,311,1609747059.311000,1,0,0,1,0,17,17,30,52,0,
2021,1,4,17,57,39,433,1609747059.433000,1,0,0,1,0,17,17,30,52,0,
2021,1,4,17,57,39,545,1609747059.545000,1,0,0,1,0,17,17,30,52,0,
2021,1,4,17,57,39,667,1609747059.667000,1,0,0,1,0,17,17,30,52,0,
2021,1,4,17,57,39,787,1609747059.787000,1,0,0,1,0,17,17,30,52,0,
2021,1,4,17,57,39,906,1609747059.906000,1,0,0,1,0,17,17,30,52,0,
2021,1,4,17,57,40,25,1609747060.025000,1,0,0,1,0,17,17,30,52,0,
2021,1,4,17,57,40,145,1609747060.145000,1,0,0,1,0,17,17,30,52,0,
2021,1,4,17,57,40,266,1609747060.266000,1,0,0,1,0,17,17,30,52,0,
2021,1,4,17,57,40,383,1609747060.383000,1,0,0,1,0,17,17,30,52,0,
2021,1,4,17,57,40,502,1609747060.502000,1,0,0,1,0,17,17,30,52,0,
2021,1,4,17,57,40,618,1609747060.618000,1,0,0,1,0,17,17,30,52,0,
2021,1,4,17,57,40,735,1609747060.735000,1,0,0,1,0,17,17,30,52,0,
2021,1,4,17,57,40,852,1609747060.852000,1,0,0,1,0,17,17,30,52,0,
2021,1,4,17,57,40,972,1609747060.972000,1,0,0,1,0,17,17,30,52,0,
2021,1,4,17,57,41,93,1609747061.093000,1,0,0,1,0,17,17,30,52,0,
2021,1,4,17,57,41,207,1609747061.207000,1,0,0,1,0,17,17,30,52,0,
2021,1,4,17,57,41,326,1609747061.326000,1,0,0,1,0,17,17,30,52,0,
2021,1,4,17,57,41,448,1609747061.448000,1,0,0,1,0,17,17,30,52,0,
2021,1,4,17,57,41,564,1609747061.564000,1,0,0,1,0,17,17,30,52,0,
2021,1,4,17,57,41,689,1609747061.689000,1,0,0,1,0,17,17,30,52,0,
2021,1,4,17,57,41,814,1609747061.814000,1,0,0,1,0,17,17,30,52,0,
2021,1,4,17,57,41,932,1609747061.932000,1,0,0,1,0,17,17,30,52,0,
2021,1,4,17,57,42,52,1609747062.052000,1,0,0,1,0,17,17,30,52,0,
2021,1,4,17,57,42,169,1609747062.169000,1,0,0,1,0,17,17,30,52,0,
2021,1,4,17,57,42,290,1609747062.290000,1,0,0,1,0,17,17,30,52,0,
2021,1,4,17,57,42,409,1609747062.409000,1,0,0,1,0,17,17,30,52,0,
2021,1,4,17,57,42,527,1609747062.527000,1,0,0,1,0,17,17,30,52,0,
2021,1,4,17,57,42,648,1609747062.648000,1,0,0,1,0,17,17,30,52,0,
2021,1,4,17,57,42,766,1609747062.766000,1,0,0,1,0,17,17,30,52,0,
2021,1,4,17,57,42,886,1609747062.886000,1,0,0,1,0,17,17,30,52,0,
2021,1,4,17,57,43,6,1609747063.006000,1,0,0,1,0,17,17,30,52,0,
2021,1,4,17,57,43,122,1609747063.122000,1,0,0,1,0,17,17,30,52,0,
2021,1,4,17,57,43,237,1609747063.237000,1,0,0,1,0,17,17,30,52,0,
2021,1,4,17,57,43,355,1609747063.355000,1,0,0,1,0,17,17,30,52,0,
2021,1,4,17,57,43,476,1609747063.476000,1,0,0,1,0,17,17,30,52,0,
2021,1,4,17,57,43,593,1609747063.593000,1,0,0,1,0,17,17,30,52,0,
2021,1,4,17,57,43,709,1609747063.709000,1,0,0,1,0,17,17,30,52,0,
2021,1,4,17,57,43,836,1609747063.836000,1,0,0,1,0,17,17,30,52,0,
2021,1,4,17,57,43,949,1609747063.949000,1,0,0,1,0,17,17,30,52,0,
2021,1,4,17,57,44,66,1609747064.066000,1,0,0,1,0,17,17,30,52,0,
2021,1,4,17,57,44,186,1609747064.186000,1,0,0,1,0,17,17,30,52,0,
2021,1,4,17,57,44,306,1609747064.306000,1,0,0,1,0,17,17,30,52,0,
2021,1,4,17,57,44,421,1609747064.421000,1,0,0,1,0,17,17,30,52,0,
2021,1,4,17,57,44,535,1609747064.535000,1,0,0,1,0,17,17,30,52,0,
2021,1,4,17,57,44,646,1609747064.646000,1,0,0,1,0,17,17,30,52,0,
2021,1,4,17,57,44,758,1609747064.758000,1,0,0,1,0,17,17,30,52,0,
2021,1,4,17,57,44,874,1609747064.874000,1,0,0,1,0,17,17,30,52,0,
2021,1,4,17,57,44,992,1609747064.992000,1,0,0,1,0,17,17,30,52,0,
2021,1,4,17,57,45,109,1609747065.109000,1,0,0,1,0,17,17,30,52,0,
2021,1,4,17,57,45,225,1609747065.225000,1,0,0,1,0,17,17,30,52,0,
2021,1,4,17,57,45,342,1609747065.342000,1,0,0,1,0,17,17,30,52,0,
2021,1,4,17,57,45,459,1609747065.459000,1,0,0,1,0,17,17,30,52,0,
2021,1,4,17,57,45,573,1609747065.573000,1,0,0,1,0,17,17,30,52,0,
2021,1,4,17,57,45,689,1609747065.689000,1,0,0,1,0,17,17,30,52,0,
2021,1,4,17,57,45,810,1609747065.810000,1,0,0,1,0,17,17,30,52,0,
2021,1,4,17,57,45,927,1609747065.927000,1,0,0,1,0,17,17,30,52,0,
2021,1,4,17,57,46,52,1609747066.052000,1,0,0,1,0,17,17,30,52,0,
2021,1,4,17,57,46,167,1609747066.167000,1,0,0,1,0,17,17,30,52,0,
2021,1,4,17,57,46,283,1609747066.283000,1,0,0,1,0,17,17,30,52,0,
2021,1,4,17,57,46,406,1609747066.406000,1,0,0,1,0,17,17,30,52,0,
2021,1,4,17,57,46,524,1609747066.524000,1,0,0,1,0,17,17,30,52,0,
2021,1,4,17,57,46,640,1609747066.640000,1,0,0,1,0,17,17,30,52,0,
2021,1,4,17,57,46,763,1609747066.763000,1,0,0,1,0,17,17,30,52,0,
2021,1,4,17,57,46,880,1609747066.880000,1,0,0,1,0,17,17,30,52,0,
2021,1,4,17,57,47,7,1609747067.007000,1,0,0,1,0,17,17,30,52,0,
2021,1,4,17,57,47,130,1609747067.130000,1,0,0,1,0,17,17,30,52,0,
2021,1,4,17,57,47,252,1609747067.252000,1,0,0,1,0,17,17,30,52,0,
2021,1,4,17,57,47,378,1609747067.378000,1,0,0,1,0,17,17,30,52,0,
2021,1,4,17,57,47,494,1609747067.494000,1,0,0,1,0,17,17,30,52,0,
2021,1,4,17,57,47,617,1609747067.617000,1,0,0,1,0,17,17,30,52,0,
2021,1,4,17,57,47,737,1609747067.737000,1,0,0,1,0,17,17,30,52,0,
2021,1,4,17,57,47,858,1609747067.858000,1,0,0,1,0,17,17,30,52,0,
2021,1,4,17,57,47,977,1609747067.977000,1,0,0,1,0,17,17,30,52,0,
2021,1,4,17,57,48,101,1609747068.101000,1,0,0,1,0,17,17,30,52,0,
2021,1,4,17,57,48,223,1609747068.223000,1,0,0,1,0,17,17,30,52,0,
2021,1,4,17,57,48,344,1609747068.344000,1,0,0,1,0,17,17,30,52,0,
2021,1,4,17,57,48,466,1609747068.466000,1,0,0,1,0,17,17,30,52,0,
2021,1,4,17,57,48,587,1609747068.587000,1,0,0,1,0,17,17,30,52,0,
2021,1,4,17,57,48,705,1609747068.705000,1,0,0,1,0,17,17,30,52,0,
2021,1,4,17,57,48,823,1609747068.823000,1,0,0,1,0,17,17,30,52,0,
2021,1,4,17,57,48,939,1609747068.939000,1,0,0,1,0,17,17,30,52,0,
2021,1,4,17,57,49,63,1609747069.063000,1,0,0,1,0,17,17,30,52,0,
2021,1,4,17,57,49,179,1609747069.179000,1,0,0,1,0,17,17,30,52,0,
2021,1,4,17,57,49,292,1609747069.292000,1,0,0,1,0,17,17,30,52,0,
2021,1,4,17,57,49,415,1609747069.415000,1,0,0,1,0,17,17,30,52,0,
2021,1,4,17,57,49,537,1609747069.537000,1,0,0,1,0,17,17,30,52,0,
2021,1,4,17,57,49,656,1609747069.656000,1,0,0,1,0,17,17,30,52,0,
2021,1,4,17,57,49,772,1609747069.772000,1,0,0,1,0,17,17,30,52,0,
2021,1,4,17,57,49,890,1609747069.890000,1,0,0,1,0,17,17,30,52,0,
2021,1,4,17,57,50,8,1609747070.008000,1,0,0,1,0,17,17,30,52,0,
2021,1,4,17,57,50,126,1609747070.126000,1,0,0,1,0,17,17,30,52,0,
2021,1,4,17,57,50,252,1609747070.252000,1,0,0,1,0,17,17,30,52,0,
2021,1,4,17,57,50,371,1609747070.371000,1,0,0,1,0,17,17,30,52,0,
2021,1,4,17,57,50,492,1609747070.492000,1,0,0,1,0,17,17,30,52,0,
2021,1,4,17,57,50,608,1609747070.608000,1,0,0,1,0,17,17,30,52,0,
2021,1,4,17,57,50,730,1609747070.730000,1,0,0,1,0,17,17,30,52,0,
2021,1,4,17,57,50,848,1609747070.848000,1,0,0,1,0,17,17,30,52,0,
2021,1,4,17,57,50,965,1609747070.965000,1,0,0,1,0,17,17,30,52,0,
2021,1,4,17,57,51,81,1609747071.081000,1,0,0,1,0,17,17,30,52,0,
2021,1,4,17,57,51,202,1609747071.202000,1,0,0,1,0,17,17,30,52,0,
2021,1,4,17,57,51,315,1609747071.315000,1,0,0,1,0,17,17,30,52,0,
2021,1,4,17,57,51,435,1609747071.435000,1,0,0,1,0,17,17,30,52,0,
2021,1,4,17,57,51,553,1609747071.553000,1,0,0,1,0,17,17,30,52,0,
2021,1,4,17,57,51,670,1609747071.670000,1,0,0,1,0,17,17,30,52,0,
2021,1,4,17,57,51,785,1609747071.785000,1,0,0,1,0,17,17,30,52,0,
2021,1,4,17,57,51,906,1609747071.906000,1,0,0,1,0,17,17,30,52,0,
2021,1,4,17,57,52,29,1609747072.029000,1,0,0,1,0,17,17,30,52,0,
2021,1,4,17,57,52,151,1609747072.151000,1,0,0,1,0,17,17,30,52,0,
2021,1,4,17,57,52,268,1609747072.268000,1,0,0,1,0,17,17,30,52,0,
2021,1,4,17,57,52,383,1609747072.383000,1,0,0,1,0,17,17,30,52,0,
2021,1,4,17,57,52,505,1609747072.505000,1,0,0,1,0,17,17,30,52,0,
2021,1,4,17,57,52,628,1609747072.628000,1,0,0,1,0,17,17,30,52,0,
2021,1,4,17,57,52,750,1609747072.750000,1,0,0,1,0,17,17,30,52,0,
2021,1,4,17,57,52,867,1609747072.867000,1,0,0,1,0,17,17,30,52,0,
2021,1,4,17,57,52,986,1609747072.986000,1,0,0,1,0,17,17,30,52,0,
2021,1,4,17,57,53,106,1609747073.106000,1,0,0,1,0,17,17,30,52,0,
2021,1,4,17,57,53,224,1609747073.224000,1,0,0,1,0,17,17,30,52,0,
2021,1,4,17,57,53,341,1609747073.341000,1,0,0,1,0,17,17,30,52,0,
2021,1,4,17,57,53,460,1609747073.460000,1,0,0,1,0,17,17,30,52,0,
2021,1,4,17,57,53,575,1609747073.575000,1,0,0,1,0,17,17,30,52,0,
2021,1,4,17,57,53,692,1609747073.692000,1,0,0,1,0,17,17,30,52,0,
2021,1,4,17,57,53,807,1609747073.807000,1,0,0,1,0,17,17,30,52,0,
2021,1,4,17,57,53,924,1609747073.924000,1,0,0,1,0,17,17,30,52,0,
2021,1,4,17,57,54,47,1609747074.047000,1,0,0,1,0,17,17,30,52,0,
2021,1,4,17,57,54,165,1609747074.165000,1,0,0,1,0,17,17,30,52,0,
2021,1,4,17,57,54,278,1609747074.278000,1,0,0,1,0,17,17,30,52,0,
2021,1,4,17,57,54,403,1609747074.403000,1,0,0,1,0,17,17,30,52,0,
2021,1,4,17,57,54,519,1609747074.519000,1,0,0,1,0,17,17,30,52,0,
2021,1,4,17,57,54,636,1609747074.636000,1,0,0,1,0,17,17,30,52,0,
2021,1,4,17,57,54,756,1609747074.756000,1,0,0,1,0,17,17,30,52,0,
2021,1,4,17,57,54,869,1609747074.869000,1,0,0,1,0,17,17,30,52,0,
2021,1,4,17,57,54,987,1609747074.987000,1,0,0,1,0,17,17,30,52,0,
2021,1,4,17,57,55,103,1609747075.103000,1,0,0,1,0,17,17,30,52,0,
2021,1,4,17,57,55,221,1609747075.221000,1,0,0,1,0,17,17,30,52,0,
2021,1,4,17,57,55,340,1609747075.340000,1,0,0,1,0,17,17,30,52,0,
2021,1,4,17,57,55,464,1609747075.464000,1,0,0,1,0,17,17,30,52,0,
2021,1,4,17,57,55,579,1609747075.579000,1,0,0,1,0,17,17,30,52,0,
2021,1,4,17,57,55,694,1609747075.694000,1,0,0,1,0,17,17,30,52,0,
2021,1,4,17,57,55,813,1609747075.813000,1,0,0,1,0,17,17,30,52,0,
2021,1,4,17,57,55,935,1609747075.935000,1,0,0,1,0,17,17,30,52,0,
2021,1,4,17,57,56,56,1609747076.056000,1,0,0,1,0,17,17,30,52,0,
2021,1,4,17,57,56,174,1609747076.174000,1,0,0,1,0,17,17,30,52,0,
2021,1,4,17,57,56,292,1609747076.292000,1,0,0,1,0,17,17,30,52,0,
2021,1,4,17,57,56,413,1609747076.413000,1,0,0,1,0,17,17,30,52,0,
2021,1,4,17,57,56,530,1609747076.530000,1,0,0,1,0,17,17,30,52,0,
2021,1,4,17,57,56,646,1609747076.646000,1,0,0,1,0,17,17,30,52,0,
2021,1,4,17,57,56,767,1609747076.767000,1,0,0,1,0,17,17,30,52,0,
2021,1,4,17,57,56,889,1609747076.889000,1,0,0,1,0,17,17,30,52,0,
2021,1,4,17,57,57,12,1609747077.012000,1,0,0,1,0,17,17,30,52,0,
2021,1,4,17,57,57,131,1609747077.131000,1,0,0,1,0,17,17,30,52,0,
2021,1,4,17,57,57,251,1609747077.251000,1,0,0,1,0,17,17,30,52,0,
2021,1,4,17,57,57,376,1609747077.376000,1,0,0,1,0,17,17,30,52,0,
2021,1,4,17,57,57,498,1609747077.498000,1,0,0,1,0,17,17,30,52,0,
2021,1,4,17,57,57,619,1609747077.619000,1,0,0,1,0,17,17,30,52,0,
2021,1,4,17,57,57,735,1609747077.735000,1,0,0,1,0,17,17,30,52,0,
2021,1,4,17,57,57,855,1609747077.855000,1,0,0,1,0,17,17,30,52,0,
2021,1,4,17,57,57,972,1609747077.972000,1,0,0,1,0,17,17,30,52,0,
2021,1,4,17,57,58,90,1609747078.090000,1,0,0,1,0,17,17,30,52,0,
2021,1,4,17,57,58,214,1609747078.214000,1,0,0,1,0,17,17,30,52,0,
2021,1,4,17,57,58,329,1609747078.329000,1,0,0,1,0,17,17,30,52,0,
2021,1,4,17,57,58,449,1609747078.449000,1,0,0,1,0,17,17,30,52,0,
2021,1,4,17,57,58,573,1609747078.573000,1,0,0,1,0,17,17,30,52,0,
2021,1,4,17,57,58,699,1609747078.699000,1,0,0,1,0,17,17,30,52,0,
2021,1,4,17,57,58,816,1609747078.816000,1,0,0,1,0,17,17,30,52,0,
2021,1,4,17,57,58,930,1609747078.930000,1,0,0,1,0,17,17,30,52,0,
2021,1,4,17,57,59,45,1609747079.045000,1,0,0,1,0,17,17,30,52,0,
2021,1,4,17,57,59,165,1609747079.165000,1,0,0,1,0,17,17,30,52,0,
2021,1,4,17,57,59,285,1609747079.285000,1,0,0,1,0,17,17,30,52,0,
2021,1,4,17,57,59,399,1609747079.399000,1,0,0,1,0,17,17,30,52,0,
2021,1,4,17,57,59,522,1609747079.522000,1,0,0,1,0,17,17,30,52,0,
2021,1,4,17,57,59,646,1609747079.646000,1,0,0,1,0,17,17,30,52,0,
2021,1,4,17,57,59,769,1609747079.769000,1,0,0,1,0,17,17,30,52,0,
2021,1,4,17,57,59,889,1609747079.889000,1,0,0,1,0,17,17,30,52,0,
2021,1,4,17,58,0,3,1609747080.003000,1,0,0,1,0,17,17,30,52,0,
2021,1,4,17,58,0,122,1609747080.122000,1,0,0,1,0,17,17,30,52,0,
2021,1,4,17,58,0,245,1609747080.245000,1,0,0,1,0,17,17,30,52,0,
2021,1,4,17,58,0,364,1609747080.364000,1,0,0,1,0,17,17,30,52,0,
2021,1,4,17,58,0,486,1609747080.486000,1,0,0,1,0,17,17,30,52,0,
2021,1,4,17,58,0,608,1609747080.608000,1,0,0,1,0,17,17,30,52,0,
2021,1,4,17,58,0,729,1609747080.729000,1,0,0,1,0,17,17,30,52,0,
2021,1,4,17,58,0,852,1609747080.852000,1,0,0,1,0,17,17,30,52,0,
2021,1,4,17,58,0,975,1609747080.975000,1,0,0,1,0,17,17,30,52,0,
2021,1,4,17,58,1,98,1609747081.098000,1,0,0,1,0,17,17,30,52,0,
2021,1,4,17,58,1,212,1609747081.212000,1,0,0,1,0,17,17,30,52,0,
2021,1,4,17,58,1,327,1609747081.327000,1,0,0,1,0,17,17,30,52,0,
2021,1,4,17,58,1,443,1609747081.443000,1,0,0,1,0,17,17,30,52,0,
2021,1,4,17,58,1,564,1609747081.564000,1,0,0,1,0,17,17,30,52,0,
2021,1,4,17,58,1,683,1609747081.683000,1,0,0,1,0,17,17,30,52,0,
2021,1,4,17,58,1,808,1609747081.808000,1,0,0,1,0,17,17,30,52,0,
2021,1,4,17,58,1,924,1609747081.924000,1,0,0,1,0,17,17,30,52,0,
2021,1,4,17,58,2,43,1609747082.043000,1,0,0,1,0,17,17,30,52,0,
2021,1,4,17,58,2,164,1609747082.164000,1,0,0,1,0,17,17,30,52,0,
2021,1,4,17,58,2,287,1609747082.287000,1,0,0,1,0,17,17,30,52,0,
2021,1,4,17,58,2,410,1609747082.410000,1,0,0,1,0,17,17,30,52,0,
2021,1,4,17,58,2,524,1609747082.524000,1,0,0,1,0,17,17,30,52,0,
2021,1,4,17,58,2,641,1609747082.641000,1,0,0,1,0,17,17,30,52,0,
2021,1,4,17,58,2,765,1609747082.765000,1,0,0,1,0,17,17,30,52,0,
2021,1,4,17,58,2,890,1609747082.890000,1,0,0,1,0,17,17,30,52,0,
2021,1,4,17,58,3,6,1609747083.006000,1,0,0,1,0,17,17,30,52,0,
2021,1,4,17,58,3,130,1609747083.130000,1,0,0,1,0,17,17,30,52,0,
2021,1,4,17,58,3,257,1609747083.257000,1,0,0,1,0,17,17,30,52,0,
2021,1,4,17,58,3,374,1609747083.374000,1,0,0,1,0,17,17,30,52,0,
2021,1,4,17,58,3,495,1609747083.495000,1,0,0,1,0,17,17,30,52,0,
2021,1,4,17,58,3,614,1609747083.614000,1,0,0,1,0,17,17,30,52,0,
2021,1,4,17,58,3,730,1609747083.730000,1,0,0,1,0,17,17,30,52,0,
2021,1,4,17,58,3,851,1609747083.851000,1,0,0,1,0,17,17,30,52,0,
2021,1,4,17,58,3,966,1609747083.966000,1,0,0,1,0,17,17,30,52,0,
2021,1,4,17,58,4,83,1609747084.083000,1,0,0,1,0,17,17,30,52,0,
2021,1,4,17,58,4,204,1609747084.204000,1,0,0,1,0,17,17,30,52,0,
2021,1,4,17,58,4,322,1609747084.322000,1,0,0,1,0,17,17,30,52,0,
2021,1,4,17,58,4,439,1609747084.439000,1,0,0,1,0,17,17,30,52,0,
2021,1,4,17,58,4,552,1609747084.552000,1,0,0,1,0,17,17,30,52,0,
2021,1,4,17,58,4,675,1609747084.675000,1,0,0,1,0,17,17,30,52,0,
2021,1,4,17,58,4,801,1609747084.801000,1,0,0,1,0,17,17,30,52,0,
2021,1,4,17,58,4,922,1609747084.922000,1,0,0,1,0,17,17,30,52,0,
2021,1,4,17,58,5,41,1609747085.041000,1,0,0,1,0,17,17,30,52,0,
2021,1,4,17,58,5,158,1609747085.158000,1,0,0,1,0,17,17,30,52,0,
2021,1,4,17,58,5,272,1609747085.272000,1,0,0,1,0,17,17,30,52,0,
2021,1,4,17,58,5,396,1609747085.396000,1,0,0,1,0,17,17,30,52,0,
2021,1,4,17,58,5,514,1609747085.514000,1,0,0,1,0,17,17,30,52,0,
2021,1,4,17,58,5,629,1609747085.629000,1,0,0,1,0,17,17,30,52,0,
2021,1,4,17,58,5,742,1609747085.742000,1,0,0,1,0,17,17,30,52,0,
2021,1,4,17,58,5,859,1609747085.859000,1,0,0,1,0,17,17,30,52,0,
2021,1,4,17,58,5,972,1609747085.972000,1,0,0,1,0,17,17,30,52,0,
2021,1,4,17,58,6,93,1609747086.093000,1,0,0,1,0,17,17,30,52,0,
2021,1,4,17,58,6,209,1609747086.209000,1,0,0,1,0,17,17,30,52,0,
2021,1,4,17,58,6,326,1609747086.326000,1,0,0,1,0,17,17,30,52,0,
2021,1,4,17,58,6,440,1609747086.440000,1,0,0,1,0,17,17,30,52,0,
2021,1,4,17,58,6,555,1609747086.555000,1,0,0,1,0,17,17,30,52,0,
2021,1,4,17,58,6,674,1609747086.674000,1,0,0,1,0,17,17,30,52,0,
2021,1,4,17,58,6,800,1609747086.800000,1,0,0,1,0,17,17,30,52,0,
2021,1,4,17,58,6,916,1609747086.916000,1,0,0,1,0,17,17,30,52,0,
2021,1,4,17,58,7,43,1609747087.043000,1,0,0,1,0,17,17,30,52,0,
2021,1,4,17,58,7,158,1609747087.158000,1,0,0,1,0,17,17,30,52,0,
2021,1,4,17,58,7,277,1609747087.277000,1,0,0,1,0,17,17,30,52,0,
2021,1,4,17,58,7,397,1609747087.397000,1,0,0,1,0,17,17,30,52,0,
2021,1,4,17,58,7,512,1609747087.512000,1,0,0,1,0,17,17,30,52,0,
2021,1,4,17,58,7,630,1609747087.630000,1,0,0,1,0,17,17,30,52,0,
2021,1,4,17,58,7,756,1609747087.756000,1,0,0,1,0,17,17,30,52,0,
2021,1,4,17,58,7,877,1609747087.877000,1,0,0,1,0,17,17,30,52,0,
2021,1,4,17,58,7,997,1609747087.997000,1,0,0,1,0,17,17,30,52,0,
2021,1,4,17,58,8,116,1609747088.116000,1,0,0,1,0,17,17,30,52,0,
2021,1,4,17,58,8,238,1609747088.238000,1,0,0,1,0,17,17,30,52,0,
2021,1,4,17,58,8,351,1609747088.351000,1,0,0,1,0,17,17,30,52,0,
2021,1,4,17,58,8,468,1609747088.468000,1,0,0,1,0,17,17,30,52,0,
2021,1,4,17,58,8,583,1609747088.583000,1,0,0,1,0,17,17,30,52,0,
2021,1,4,17,58,8,708,1609747088.708000,1,0,0,1,0,17,17,30,52,0,
2021,1,4,17,58,8,829,1609747088.829000,1,0,0,1,0,17,17,30,52,0,
2021,1,4,17,58,8,943,1609747088.943000,1,0,0,1,0,17,17,30,52,0,
2021,1,4,17,58,9,66,1609747089.066000,1,0,0,1,0,17,17,30,52,0,
2021,1,4,17,58,9,181,1609747089.181000,1,0,0,1,0,17,17,30,52,0,
2021,1,4,17,58,9,308,1609747089.308000,1,0,0,1,0,17,17,30,52,0,
2021,1,4,17,58,9,423,1609747089.423000,1,0,0,1,0,17,17,30,52,0,
2021,1,4,17,58,9,537,1609747089.537000,1,0,0,1,0,17,17,30,52,0,
2021,1,4,17,58,9,655,1609747089.655000,1,0,0,1,0,17,17,30,52,0,
2021,1,4,17,58,9,775,1609747089.775000,1,0,0,1,0,17,17,30,52,0,
2021,1,4,17,58,9,891,1609747089.891000,1,0,0,1,0,17,17,30,52,0,
2021,1,4,17,58,10,11,1609747090.011000,1,0,0,1,0,17,17,30,52,0,
2021,1,4,17,58,10,127,1609747090.127000,1,0,0,1,0,17,17,30,52,0,
2021,1,4,17,58,10,242,1609747090.242000,1,0,0,1,0,17,17,30,52,0,
2021,1,4,17,58,10,357,1609747090.357000,1,0,0,1,0,17,17,30,52,0,
2021,1,4,17,58,10,477,1609747090.477000,1,0,0,1,0,17,17,30,52,0,
2021,1,4,17,58,10,599,1609747090.599000,1,0,0,1,0,17,17,30,52,0,
2021,1,4,17,58,10,722,1609747090.722000,1,0,0,1,0,17,17,30,52,0,
2021,1,4,17,58,10,839,1609747090.839000,1,0,0,1,0,17,17,30,52,0,
2021,1,4,17,58,10,958,1609747090.958000,1,0,0,1,0,17,17,30,52,0,
2021,1,4,17,58,11,73,1609747091.073000,1,0,0,1,0,17,17,30,52,0,
2021,1,4,17,58,11,188,1609747091.188000,1,0,0,1,0,17,17,30,52,0,
2021,1,4,17,58,11,306,1609747091.306000,1,0,0,1,0,17,17,30,52,0,
2021,1,4,17,58,11,424,1609747091.424000,1,0,0,1,0,17,17,30,52,0,
2021,1,4,17,58,11,539,1609747091.539000,1,0,0,1,0,17,17,30,52,0,
2021,1,4,17,58,11,653,1609747091.653000,1,0,0,1,0,17,17,30,52,0,
2021,1,4,17,58,11,771,1609747091.771000,1,0,0,1,0,17,17,30,52,0,
2021,1,4,17,58,11,886,1609747091.886000,1,0,0,1,0,17,17,30,52,0,
2021,1,4,17,58,12,9,1609747092.009000,1,0,0,1,0,17,17,30,52,0,
2021,1,4,17,58,12,125,1609747092.125000,1,0,0,1,0,17,17,30,52,0,
2021,1,4,17,58,12,239,1609747092.239000,1,0,0,1,0,17,17,30,52,0,
2021,1,4,17,58,12,357,1609747092.357000,1,0,0,1,0,17,17,30,52,0,
2021,1,4,17,58,12,471,1609747092.471000,1,0,0,1,0,17,17,30,52,0,
2021,1,4,17,58,12,591,1609747092.591000,1,0,0,1,0,17,17,30,52,0,
2021,1,4,17,58,12,705,1609747092.705000,1,0,0,1,0,17,17,30,52,0,
2021,1,4,17,58,12,820,1609747092.820000,1,0,0,1,0,17,17,30,52,0,
2021,1,4,17,58,12,936,1609747092.936000,1,0,0,1,0,17,17,30,52,0,
2021,1,4,17,58,13,65,1609747093.065000,1,0,0,1,0,17,17,30,52,0,
2021,1,4,17,58,13,178,1609747093.178000,1,0,0,1,0,17,17,30,52,0,
2021,1,4,17,58,13,298,1609747093.298000,1,0,0,1,0,17,17,30,52,0,
2021,1,4,17,58,13,411,1609747093.411000,1,0,0,1,0,17,17,30,52,0,
2021,1,4,17,58,13,536,1609747093.536000,1,0,0,1,0,17,17,30,52,0,
2021,1,4,17,58,13,652,1609747093.652000,1,0,0,1,0,17,17,30,52,0,
2021,1,4,17,58,13,765,1609747093.765000,1,0,0,1,0,17,17,30,52,0,
2021,1,4,17,58,13,883,1609747093.883000,1,0,0,1,0,17,17,30,52,0,
2021,1,4,17,58,13,999,1609747093.999000,1,0,0,1,0,17,17,30,52,0,
2021,1,4,17,58,14,115,1609747094.115000,1,0,0,1,0,17,17,30,52,0,
2021,1,4,17,58,14,229,1609747094.229000,1,0,0,1,0,17,17,30,52,0,
2021,1,4,17,58,14,348,1609747094.348000,1,0,0,1,0,17,17,30,52,0,
2021,1,4,17,58,14,474,1609747094.474000,1,0,0,1,0,17,17,30,52,0,
2021,1,4,17,58,14,593,1609747094.593000,1,0,0,1,0,17,17,30,52,0,
2021,1,4,17,58,14,712,1609747094.712000,1,0,0,1,0,17,17,30,52,0,
2021,1,4,17,58,14,829,1609747094.829000,1,0,0,1,0,17,17,30,52,0,
2021,1,4,17,58,14,943,1609747094.943000,1,0,0,1,0,17,17,30,52,0,
2021,1,4,17,58,15,62,1609747095.062000,1,0,0,1,0,17,17,30,52,0,
2021,1,4,17,58,15,175,1609747095.175000,1,0,0,1,0,17,17,30,52,0,
2021,1,4,17,58,15,288,1609747095.288000,1,0,0,1,0,17,17,30,52,0,
2021,1,4,17,58,15,407,1609747095.407000,1,0,0,1,0,17,17,30,52,0,
2021,1,4,17,58,15,530,1609747095.530000,1,0,0,1,0,18,18,30,53,43,
2021,1,4,17,58,15,645,1609747095.645000,1,0,0,1,0,46,46,79,137,136,
2021,1,4,17,58,15,763,1609747095.763000,1,0,0,1,0,160,160,277,480,479,
2021,1,4,17,58,15,877,1609747095.877000,1,0,0,1,0,387,344,595,1160,1159,
2021,1,4,17,58,15,991,1609747095.991000,1,0,0,1,0,593,593,1027,1778,1778,
2021,1,4,17,58,16,108,1609747096.108000,1,0,0,1,0,622,622,1077,1866,1865,
2021,1,4,17,58,16,229,1609747096.229000,1,0,0,1,0,826,826,1431,2479,2478,
2021,1,4,17,58,16,348,1609747096.348000,1,0,0,1,0,1004,1004,1739,3012,3011,
2021,1,4,17,58,16,466,1609747096.466000,1,0,0,1,0,1048,1048,1816,3145,3144,
2021,1,4,17,58,16,580,1609747096.580000,1,0,0,1,0,1045,1045,1810,3135,3134,
2021,1,4,17,58,16,698,1609747096.698000,1,0,0,1,0,938,938,1625,2815,2813,
2021,1,4,17,58,16,815,1609747096.815000,1,0,0,1,0,377,377,654,1132,1131,
2021,1,4,17,58,16,936,1609747096.936000,1,0,0,1,0,261,261,452,783,782,
2021,1,4,17,58,17,54,1609747097.054000,1,0,0,1,0,18,18,30,53,46,
2021,1,4,17,58,17,171,1609747097.171000,1,0,0,1,0,10,10,16,28,14,
2021,1,4,17,58,17,284,1609747097.284000,1,0,0,1,0,10,10,16,28,14,
2021,1,4,17,58,17,407,1609747097.407000,1,0,0,1,0,11,11,18,32,16,
2021,1,4,17,58,17,528,1609747097.528000,1,0,0,1,0,28,28,49,85,42,
2021,1,4,17,58,17,653,1609747097.653000,1,0,0,1,0,35,35,60,104,52,
2021,1,4,17,58,17,769,1609747097.769000,1,0,0,1,0,35,35,60,104,52,
2021,1,4,17,58,17,883,1609747097.883000,1,0,0,1,0,35,35,60,104,52,
2021,1,4,17,58,17,996,1609747097.996000,1,0,0,1,0,35,35,60,104,52,
2021,1,4,17,58,18,111,1609747098.111000,1,0,0,1,0,35,35,60,104,52,
2021,1,4,17,58,18,227,1609747098.227000,1,0,0,1,0,35,35,60,104,52,
2021,1,4,17,58,18,348,1609747098.348000,1,0,0,1,0,35,35,60,104,52,
2021,1,4,17,58,18,466,1609747098.466000,1,0,0,1,0,35,35,60,104,52,
2021,1,4,17,58,18,585,1609747098.585000,1,0,0,1,0,35,35,60,104,52,
2021,1,4,17,58,18,698,1609747098.698000,1,0,0,1,0,35,35,60,104,52,
2021,1,4,17,58,18,811,1609747098.811000,1,0,0,1,0,35,35,60,104,52,
2021,1,4,17,58,18,930,1609747098.930000,1,0,0,1,0,35,35,60,104,52,
2021,1,4,17,58,19,50,1609747099.050000,1,0,0,1,0,35,35,60,104,52,
2021,1,4,17,58,19,164,1609747099.164000,1,0,0,1,0,35,35,60,104,52,
2021,1,4,17,58,19,281,1609747099.281000,1,0,0,1,0,35,35,60,104,52,
2021,1,4,17,58,19,402,1609747099.402000,1,0,0,1,0,35,35,60,104,52,
2021,1,4,17,58,19,518,1609747099.518000,1,0,0,1,0,35,35,60,104,52,
2021,1,4,17,58,19,633,1609747099.633000,1,0,0,1,0,35,35,60,104,52,
2021,1,4,17,58,19,754,1609747099.754000,1,0,0,1,0,35,35,60,104,52,
2021,1,4,17,58,19,867,1609747099.867000,1,0,0,1,0,35,35,60,104,52,
2021,1,4,17,58,19,986,1609747099.986000,1,0,0,1,0,35,35,60,104,52,
2021,1,4,17,58,20,104,1609747100.104000,1,0,0,1,0,35,35,60,104,52,
2021,1,4,17,58,20,224,1609747100.224000,1,0,0,1,0,35,35,60,104,52,
2021,1,4,17,58,20,344,1609747100.344000,1,0,0,1,0,35,35,60,104,52,
2021,1,4,17,58,20,467,1609747100.467000,1,0,0,1,0,35,35,60,104,52,
2021,1,4,17,58,20,581,1609747100.581000,1,0,0,1,0,35,35,60,104,52,
2021,1,4,17,58,20,697,1609747100.697000,1,0,0,1,0,35,35,60,104,52,
2021,1,4,17,58,20,811,1609747100.811000,1,0,0,1,0,35,35,60,104,52,
2021,1,4,17,58,20,924,1609747100.924000,1,0,0,1,0,35,35,60,104,52,
2021,1,4,17,58,21,44,1609747101.044000,1,0,0,1,0,35,35,60,104,52,
2021,1,4,17,58,21,159,1609747101.159000,1,0,0,1,0,35,35,60,104,52,
2021,1,4,17,58,21,278,1609747101.278000,1,0,0,1,0,35,35,60,104,52,
2021,1,4,17,58,21,403,1609747101.403000,1,0,0,1,0,35,35,60,104,52,
2021,1,4,17,58,21,521,1609747101.521000,1,0,0,1,0,35,35,60,104,52,
2021,1,4,17,58,21,638,1609747101.638000,1,0,0,1,0,35,35,60,104,52,
2021,1,4,17,58,21,755,1609747101.755000,1,0,0,1,0,35,35,60,104,52,
2021,1,4,17,58,21,873,1609747101.873000,1,0,0,1,0,35,35,60,104,52,
2021,1,4,17,58,21,988,1609747101.988000,1,0,0,1,0,35,35,60,104,52,
2021,1,4,17,58,22,102,1609747102.102000,1,0,0,1,0,35,35,60,104,52,
2021,1,4,17,58,22,216,1609747102.216000,1,0,0,1,0,35,35,60,104,52,
2021,1,4,17,58,22,337,1609747102.337000,1,0,0,1,0,35,35,60,104,52,
2021,1,4,17,58,22,454,1609747102.454000,1,0,0,1,0,35,35,60,104,52,
2021,1,4,17,58,22,578,1609747102.578000,1,0,0,1,0,35,35,60,104,52,
2021,1,4,17,58,22,694,1609747102.694000,1,0,0,1,0,35,35,60,104,52,
2021,1,4,17,58,22,816,1609747102.816000,1,0,0,1,0,35,35,60,104,52,
2021,1,4,17,58,22,939,1609747102.939000,1,0,0,1,0,35,35,60,104,52,
2021,1,4,17,58,23,58,1609747103.058000,1,0,0,1,0,35,35,60,104,52,
2021,1,4,17,58,23,174,1609747103.174000,1,0,0,1,0,35,35,60,104,52,
2021,1,4,17,58,23,296,1609747103.296000,1,0,0,1,0,35,35,60,104,52,
2021,1,4,17,58,23,418,1609747103.418000,1,0,0,1,0,35,35,60,104,52,
2021,1,4,17,58,23,535,1609747103.535000,1,0,0,1,0,35,35,60,104,52,
2021,1,4,17,58,23,650,1609747103.650000,1,0,0,1,0,35,35,60,104,52,
2021,1,4,17,58,23,768,1609747103.768000,1,0,0,1,0,35,35,60,104,52,
2021,1,4,17,58,23,885,1609747103.885000,1,0,0,1,0,35,35,60,104,52,
2021,1,4,17,58,24,1,1609747104.001000,1,0,0,1,0,35,35,60,104,52,
2021,1,4,17,58,24,115,1609747104.115000,1,0,0,1,0,35,35,60,104,52,
2021,1,4,17,58,24,234,1609747104.234000,1,0,0,1,0,35,35,60,104,52,
2021,1,4,17,58,24,347,1609747104.347000,1,0,0,1,0,35,35,60,104,52,
2021,1,4,17,58,24,461,1609747104.461000,1,0,0,1,0,35,35,60,104,52,
2021,1,4,17,58,24,587,1609747104.587000,1,0,0,1,0,35,35,60,104,52,
2021,1,4,17,58,24,701,1609747104.701000,1,0,0,1,0,35,35,60,104,52,
2021,1,4,17,58,24,821,1609747104.821000,1,0,0,1,0,35,35,60,104,52,
2021,1,4,17,58,24,943,1609747104.943000,1,0,0,1,0,35,35,60,104,52,
2021,1,4,17,58,25,56,1609747105.056000,1,0,0,1,0,35,35,60,104,52,
2021,1,4,17,58,25,175,1609747105.175000,1,0,0,1,0,35,35,60,104,52,
2021,1,4,17,58,25,290,1609747105.290000,1,0,0,1,0,35,35,60,104,52,
2021,1,4,17,58,25,408,1609747105.408000,1,0,0,1,0,35,35,60,104,52,
2021,1,4,17,58,25,529,1609747105.529000,1,0,0,1,0,35,35,60,104,52,
2021,1,4,17,58,25,644,1609747105.644000,1,0,0,1,0,35,35,60,104,52,
2021,1,4,17,58,25,757,1609747105.757000,1,0,0,1,0,35,35,60,104,52,
2021,1,4,17,58,25,876,1609747105.876000,1,0,0,1,0,35,35,60,104,52,
2021,1,4,17,58,25,991,1609747105.991000,1,0,0,1,0,35,35,60,104,52,
2021,1,4,17,58,26,110,1609747106.110000,1,0,0,1,0,35,35,60,104,52,
2021,1,4,17,58,26,223,1609747106.223000,1,0,0,1,0,35,35,60,104,52,
2021,1,4,17,58,26,336,1609747106.336000,1,0,0,1,0,35,35,60,104,52,
2021,1,4,17,58,26,453,1609747106.453000,1,0,0,1,0,35,35,60,104,52,
2021,1,4,17,58,26,572,1609747106.572000,1,0,0,1,0,35,35,60,104,52,
2021,1,4,17,58,26,693,1609747106.693000,1,0,0,1,0,35,35,60,104,52,
2021,1,4,17,58,26,811,1609747106.811000,1,0,0,1,0,35,35,60,104,52,
2021,1,4,17,58,26,926,1609747106.926000,1,0,0,1,0,35,35,60,104,52,
2021,1,4,17,58,27,42,1609747107.042000,1,0,0,1,0,35,35,60,104,52,
2021,1,4,17,58,27,157,1609747107.157000,1,0,0,1,0,35,35,60,104,52,
2021,1,4,17,58,27,277,1609747107.277000,1,0,0,1,0,35,35,60,104,52,
2021,1,4,17,58,27,394,1609747107.394000,1,0,0,1,0,35,35,60,104,52,
2021,1,4,17,58,27,509,1609747107.509000,1,0,0,1,0,35,35,60,104,52,
2021,1,4,17,58,27,624,1609747107.624000,1,0,0,1,0,35,35,60,104,52,
2021,1,4,17,58,27,737,1609747107.737000,1,0,0,1,0,35,35,60,104,52,
2021,1,4,17,58,27,854,1609747107.854000,1,0,0,1,0,35,35,60,104,52,
2021,1,4,17,58,27,970,1609747107.970000,1,0,0,1,0,35,35,60,104,52,
2021,1,4,17,58,28,83,1609747108.083000,1,0,0,1,0,35,35,60,104,52,
2021,1,4,17,58,28,202,1609747108.202000,1,0,0,1,0,35,35,60,104,52,
2021,1,4,17,58,28,319,1609747108.319000,1,0,0,1,0,35,35,60,104,52,
2021,1,4,17,58,28,435,1609747108.435000,1,0,0,1,0,35,35,60,104,52,
2021,1,4,17,58,28,547,1609747108.547000,1,0,0,1,0,35,35,60,104,52,
2021,1,4,17,58,28,662,1609747108.662000,1,0,0,1,0,35,35,60,104,52,
2021,1,4,17,58,28,775,1609747108.775000,1,0,0,1,0,35,35,60,104,52,
2021,1,4,17,58,28,898,1609747108.898000,1,0,0,1,0,35,35,60,104,52,
2021,1,4,17,58,29,16,1609747109.016000,1,0,0,1,0,35,35,60,104,52,
2021,1,4,17,58,29,134,1609747109.134000,1,0,0,1,0,35,35,60,104,52,
2021,1,4,17,58,29,246,1609747109.246000,1,0,0,1,0,35,35,60,104,52,
2021,1,4,17,58,29,361,1609747109.361000,1,0,0,1,0,35,35,60,104,52,
2021,1,4,17,58,29,474,1609747109.474000,1,0,0,1,0,35,35,60,104,52,
2021,1,4,17,58,29,598,1609747109.598000,1,0,0,1,0,35,35,60,104,52,
2021,1,4,17,58,29,722,1609747109.722000,1,0,0,1,0,35,35,60,104,52,
2021,1,4,17,58,29,845,1609747109.845000,1,0,0,1,0,35,35,60,104,52,
2021,1,4,17,58,29,962,1609747109.962000,1,0,0,1,0,35,35,60,104,52,
2021,1,4,17,58,30,79,1609747110.079000,1,0,0,1,0,35,35,60,104,52,
2021,1,4,17,58,30,196,1609747110.196000,1,0,0,1,0,35,35,60,104,52,
2021,1,4,17,58,30,317,1609747110.317000,1,0,0,1,0,35,35,60,104,52,
2021,1,4,17,58,30,431,1609747110.431000,1,0,0,1,0,35,35,60,104,52,
2021,1,4,17,58,30,546,1609747110.546000,1,0,0,1,0,35,35,60,104,52,
2021,1,4,17,58,30,664,1609747110.664000,1,0,0,1,0,35,35,60,104,52,
2021,1,4,17,58,30,780,1609747110.780000,1,0,0,1,0,35,35,60,104,52,
2021,1,4,17,58,30,896,1609747110.896000,1,0,0,1,0,35,35,60,104,52,
2021,1,4,17,58,31,14,1609747111.014000,1,0,0,1,0,35,35,60,104,52,
2021,1,4,17,58,31,130,1609747111.130000,1,0,0,1,0,35,35,60,104,52,
2021,1,4,17,58,31,242,1609747111.242000,1,0,0,1,0,35,35,60,104,52,
2021,1,4,17,58,31,360,1609747111.360000,1,0,0,1,0,35,35,60,104,52,
2021,1,4,17,58,31,483,1609747111.483000,1,0,0,1,0,35,35,60,104,52,
2021,1,4,17,58,31,598,1609747111.598000,1,0,0,1,0,35,35,60,104,52,
2021,1,4,17,58,31,720,1609747111.720000,1,0,0,1,0,35,35,60,104,52,
2021,1,4,17,58,31,838,1609747111.838000,1,0,0,1,0,35,35,60,104,52,
2021,1,4,17,58,31,957,1609747111.957000,1,0,0,1,0,35,35,60,104,52,
2021,1,4,17,58,32,72,1609747112.072000,1,0,0,1,0,35,35,60,104,52,
2021,1,4,17,58,32,184,1609747112.184000,1,0,0,1,0,35,35,60,104,52,
2021,1,4,17,58,32,299,1609747112.299000,1,0,0,1,0,35,35,60,104,52,
2021,1,4,17,58,32,415,1609747112.415000,1,0,0,1,0,35,35,60,104,52,
2021,1,4,17,58,32,530,1609747112.530000,1,0,0,1,0,35,35,60,104,52,
2021,1,4,17,58,32,650,1609747112.650000,1,0,0,1,0,35,35,60,104,52,
2021,1,4,17,58,32,764,1609747112.764000,1,0,0,1,0,35,35,60,104,52,
2021,1,4,17,58,32,879,1609747112.879000,1,0,0,1,0,35,35,60,104,52,
2021,1,4,17,58,33,0,1609747113.000000,1,0,0,1,0,35,35,60,104,52,
2021,1,4,17,58,33,115,1609747113.115000,1,0,0,1,0,35,35,60,104,52,
2021,1,4,17,58,33,237,1609747113.237000,1,0,0,1,0,35,35,60,104,52,
2021,1,4,17,58,33,352,1609747113.352000,1,0,0,1,0,35,35,60,104,52,
2021,1,4,17,58,33,471,1609747113.471000,1,0,0,1,0,35,35,60,104,52,
2021,1,4,17,58,33,585,1609747113.585000,1,0,0,1,0,35,35,60,104,52,
2021,1,4,17,58,33,708,1609747113.708000,1,0,0,1,0,35,35,60,104,52,
2021,1,4,17,58,33,826,1609747113.826000,1,0,0,1,0,35,35,60,104,52,
2021,1,4,17,58,33,943,1609747113.943000,1,0,0,1,0,35,35,60,104,52,
2021,1,4,17,58,34,63,1609747114.063000,1,0,0,1,0,35,35,60,104,52,
2021,1,4,17,58,34,178,1609747114.178000,1,0,0,1,0,35,35,60,104,52,
2021,1,4,17,58,34,292,1609747114.292000,1,0,0,1,0,35,35,60,104,52,
2021,1,4,17,58,34,406,1609747114.406000,1,0,0,1,0,35,35,60,104,52,
2021,1,4,17,58,34,523,1609747114.523000,1,0,0,1,0,35,35,60,104,52,
2021,1,4,17,58,34,646,1609747114.646000,1,0,0,1,0,35,35,60,104,52,
2021,1,4,17,58,34,762,1609747114.762000,1,0,0,1,0,35,35,60,104,52,
2021,1,4,17,58,34,881,1609747114.881000,1,0,0,1,0,35,35,60,104,52,
2021,1,4,17,58,34,997,1609747114.997000,1,0,0,1,0,35,35,60,104,52,
2021,1,4,17,58,35,112,1609747115.112000,1,0,0,1,0,35,35,60,104,52,
2021,1,4,17,58,35,230,1609747115.230000,1,0,0,1,0,35,35,60,104,52,
2021,1,4,17,58,35,349,1609747115.349000,1,0,0,1,0,35,35,60,104,52,
2021,1,4,17,58,35,469,1609747115.469000,1,0,0,1,0,35,35,60,104,52,
2021,1,4,17,58,35,586,1609747115.586000,1,0,0,1,0,35,35,60,104,52,
2021,1,4,17,58,35,699,1609747115.699000,1,0,0,1,0,35,35,60,104,52,
2021,1,4,17,58,35,823,1609747115.823000,1,0,0,1,0,35,35,60,104,52,
2021,1,4,17,58,35,939,1609747115.939000,1,0,0,1,0,35,35,60,104,52,
2021,1,4,17,58,36,62,1609747116.062000,1,0,0,1,0,35,35,60,104,52,
2021,1,4,17,58,36,179,1609747116.179000,1,0,0,1,0,35,35,60,104,52,
2021,1,4,17,58,36,291,1609747116.291000,1,0,0,1,0,35,35,60,104,52,
2021,1,4,17,58,36,409,1609747116.409000,1,0,0,1,0,35,35,60,104,52,
2021,1,4,17,58,36,535,1609747116.535000,1,0,0,1,0,35,35,60,104,52,
2021,1,4,17,58,36,653,1609747116.653000,1,0,0,1,0,35,35,60,104,52,
2021,1,4,17,58,36,771,1609747116.771000,1,0,0,1,0,35,35,60,104,52,
2021,1,4,17,58,36,892,1609747116.892000,1,0,0,1,0,35,35,60,104,52,
2021,1,4,17,58,37,12,1609747117.012000,1,0,0,1,0,35,35,60,104,52,
2021,1,4,17,58,37,136,1609747117.136000,1,0,0,1,0,35,35,60,104,52,
2021,1,4,17,58,37,251,1609747117.251000,1,0,0,1,0,35,35,60,104,52,
2021,1,4,17,58,37,369,1609747117.369000,1,0,0,1,0,35,35,60,104,52,
2021,1,4,17,58,37,491,1609747117.491000,1,0,0,1,0,35,35,60,104,52,
2021,1,4,17,58,37,610,1609747117.610000,1,0,0,1,0,35,35,60,104,52,
2021,1,4,17,58,37,733,1609747117.733000,1,0,0,1,0,35,35,60,104,52,
2021,1,4,17,58,37,855,1609747117.855000,1,0,0,1,0,35,35,60,104,52,
2021,1,4,17,58,37,968,1609747117.968000,1,0,0,1,0,35,35,60,104,52,
2021,1,4,17,58,38,88,1609747118.088000,1,0,0,1,0,35,35,60,104,52,
2021,1,4,17,58,38,203,1609747118.203000,1,0,0,1,0,35,35,60,104,52,
2021,1,4,17,58,38,321,1609747118.321000,1,0,0,1,0,35,35,60,104,52,
2021,1,4,17,58,38,445,1609747118.445000,1,0,0,1,0,35,35,60,104,52,
2021,1,4,17,58,38,561,1609747118.561000,1,0,0,1,0,35,35,60,104,52,
2021,1,4,17,58,38,683,1609747118.683000,1,0,0,1,0,35,35,60,104,52,
2021,1,4,17,58,38,797,1609747118.797000,1,0,0,1,0,35,35,60,104,52,
2021,1,4,17,58,38,914,1609747118.914000,1,0,0,1,0,35,35,60,104,52,
2021,1,4,17,58,39,33,1609747119.033000,1,0,0,1,0,35,35,60,104,52,
2021,1,4,17,58,39,153,1609747119.153000,1,0,0,1,0,35,35,60,104,52,
2021,1,4,17,58,39,268,1609747119.268000,1,0,0,1,0,35,35,60,104,52,
2021,1,4,17,58,39,383,1609747119.383000,1,0,0,1,0,35,35,60,104,52,
2021,1,4,17,58,39,503,1609747119.503000,1,0,0,1,0,35,35,60,104,52,
2021,1,4,17,58,39,618,1609747119.618000,1,0,0,1,0,35,35,60,104,52,
2021,1,4,17,58,39,738,1609747119.738000,1,0,0,1,0,35,35,60,104,52,
2021,1,4,17,58,39,856,1609747119.856000,1,0,0,1,0,35,35,60,104,52,
2021,1,4,17,58,39,972,1609747119.972000,1,0,0,1,0,35,35,60,104,52,
2021,1,4,17,58,40,87,1609747120.087000,1,0,0,1,0,35,35,60,104,52,
2021,1,4,17,58,40,199,1609747120.199000,1,0,0,1,0,35,35,60,104,52,
2021,1,4,17,58,40,318,1609747120.318000,1,0,0,1,0,35,35,60,104,52,
2021,1,4,17,58,40,436,1609747120.436000,1,0,0,1,0,35,35,60,104,52,
2021,1,4,17,58,40,551,1609747120.551000,1,0,0,1,0,35,35,60,104,52,
2021,1,4,17,58,40,664,1609747120.664000,1,0,0,1,0,35,35,60,104,52,
2021,1,4,17,58,40,784,1609747120.784000,1,0,0,1,0,35,35,60,104,52,
2021,1,4,17,58,40,899,1609747120.899000,1,0,0,1,0,35,35,60,104,52,
2021,1,4,17,58,41,17,1609747121.017000,1,0,0,1,0,35,35,60,104,52,
2021,1,4,17,58,41,140,1609747121.140000,1,0,0,1,0,35,35,60,104,52,
2021,1,4,17,58,41,254,1609747121.254000,1,0,0,1,0,35,35,60,104,52,
2021,1,4,17,58,41,372,1609747121.372000,1,0,0,1,0,35,35,60,104,52,
2021,1,4,17,58,41,491,1609747121.491000,1,0,0,1,0,35,35,60,104,52,
2021,1,4,17,58,41,605,1609747121.605000,1,0,0,1,0,35,35,60,104,52,
2021,1,4,17,58,41,719,1609747121.719000,1,0,0,1,0,35,35,60,104,52,
2021,1,4,17,58,41,836,1609747121.836000,1,0,0,1,0,35,35,60,104,52,
2021,1,4,17,58,41,954,1609747121.954000,1,0,0,1,0,35,35,60,104,52,
2021,1,4,17,58,42,75,1609747122.075000,1,0,0,1,0,35,35,60,104,52,
2021,1,4,17,58,42,194,1609747122.194000,1,0,0,1,0,35,35,60,104,52,
2021,1,4,17,58,42,308,1609747122.308000,1,0,0,1,0,35,35,60,104,52,
2021,1,4,17,58,42,428,1609747122.428000,1,0,0,1,0,35,35,60,104,52,
2021,1,4,17,58,42,546,1609747122.546000,1,0,0,1,0,35,35,60,104,52,
2021,1,4,17,58,42,670,1609747122.670000,1,0,0,1,0,35,35,60,104,52,
2021,1,4,17,58,42,788,1609747122.788000,1,0,0,1,0,35,35,60,104,52,
2021,1,4,17,58,42,903,1609747122.903000,1,0,0,1,0,35,35,60,104,52,
2021,1,4,17,58,43,23,1609747123.023000,1,0,0,1,0,35,35,60,104,52,
2021,1,4,17,58,43,143,1609747123.143000,1,0,0,1,0,35,35,60,104,52,
2021,1,4,17,58,43,263,1609747123.263000,1,0,0,1,0,35,35,60,104,52,
2021,1,4,17,58,43,379,1609747123.379000,1,0,0,1,0,35,35,60,104,52,
2021,1,4,17,58,43,495,1609747123.495000,1,0,0,1,0,35,35,60,104,52,
2021,1,4,17,58,43,611,1609747123.611000,1,0,0,1,0,35,35,60,104,52,
2021,1,4,17,58,43,728,1609747123.728000,1,0,0,1,0,35,35,60,104,52,
2021,1,4,17,58,43,846,1609747123.846000,1,0,0,1,0,35,35,60,104,52,
2021,1,4,17,58,43,967,1609747123.967000,1,0,0,1,0,35,35,60,104,52,
2021,1,4,17,58,44,92,1609747124.092000,1,0,0,1,0,35,35,60,104,52,
2021,1,4,17,58,44,208,1609747124.208000,1,0,0,1,0,35,35,60,104,52,
2021,1,4,17,58,44,324,1609747124.324000,1,0,0,1,0,35,35,60,104,52,
2021,1,4,17,58,44,446,1609747124.446000,1,0,0,1,0,35,35,60,104,52,
2021,1,4,17,58,44,560,1609747124.560000,1,0,0,1,0,35,35,60,104,52,
2021,1,4,17,58,44,674,1609747124.674000,1,0,0,1,0,35,35,60,104,52,
2021,1,4,17,58,44,795,1609747124.795000,1,0,0,1,0,35,35,60,104,52,
2021,1,4,17,58,44,908,1609747124.908000,1,0,0,1,0,35,35,60,104,52,
2021,1,4,17,58,45,23,1609747125.023000,1,0,0,1,0,35,35,60,104,52,
2021,1,4,17,58,45,144,1609747125.144000,1,0,0,1,0,35,35,60,104,52,
2021,1,4,17,58,45,262,1609747125.262000,1,0,0,1,0,35,35,60,104,52,
2021,1,4,17,58,45,379,1609747125.379000,1,0,0,1,0,35,35,60,104,52,
2021,1,4,17,58,45,500,1609747125.500000,1,0,0,1,0,35,35,60,104,52,
2021,1,4,17,58,45,615,1609747125.615000,1,0,0,1,0,35,35,60,104,52,
2021,1,4,17,58,45,737,1609747125.737000,1,0,0,1,0,35,35,60,104,52,
2021,1,4,17,58,45,853,1609747125.853000,1,0,0,1,0,35,35,60,104,52,
2021,1,4,17,58,45,970,1609747125.970000,1,0,0,1,0,35,35,60,104,52,
2021,1,4,17,58,46,88,1609747126.088000,1,0,0,1,0,35,35,60,104,52,
2021,1,4,17,58,46,206,1609747126.206000,1,0,0,1,0,35,35,60,104,52,
2021,1,4,17,58,46,320,1609747126.320000,1,0,0,1,0,35,35,60,104,52,
2021,1,4,17,58,46,435,1609747126.435000,1,0,0,1,0,35,35,60,104,52,
2021,1,4,17,58,46,556,1609747126.556000,1,0,0,1,0,35,35,60,104,52,
2021,1,4,17,58,46,671,1609747126.671000,1,0,0,1,0,35,35,60,104,52,
2021,1,4,17,58,46,786,1609747126.786000,1,0,0,1,0,35,35,60,104,52,
2021,1,4,17,58,46,906,1609747126.906000,1,0,0,1,0,35,35,60,104,52,
2021,1,4,17,58,47,22,1609747127.022000,1,0,0,1,0,35,35,60,104,52,
2021,1,4,17,58,47,141,1609747127.141000,1,0,0,1,0,35,35,60,104,52,
2021,1,4,17,58,47,262,1609747127.262000,1,0,0,1,0,35,35,60,104,52,
2021,1,4,17,58,47,376,1609747127.376000,1,0,0,1,0,35,35,60,104,52,
2021,1,4,17,58,47,500,1609747127.500000,1,0,0,1,0,35,35,60,104,52,
2021,1,4,17,58,47,613,1609747127.613000,1,0,0,1,0,35,35,60,104,52,
2021,1,4,17,58,47,727,1609747127.727000,1,0,0,1,0,35,35,60,104,52,
2021,1,4,17,58,47,841,1609747127.841000,1,0,0,1,0,35,35,60,104,52,
2021,1,4,17,58,47,960,1609747127.960000,1,0,0,1,0,35,35,60,104,52,
2021,1,4,17,58,48,82,1609747128.082000,1,0,0,1,0,35,35,60,104,52,
2021,1,4,17,58,48,202,1609747128.202000,1,0,0,1,0,35,35,60,104,52,
2021,1,4,17,58,48,320,1609747128.320000,1,0,0,1,0,35,35,60,104,52,
2021,1,4,17,58,48,436,1609747128.436000,1,0,0,1,0,35,35,60,104,52,
2021,1,4,17,58,48,566,1609747128.566000,1,0,0,1,0,35,35,60,104,52,
2021,1,4,17,58,48,679,1609747128.679000,1,0,0,1,0,35,35,60,104,52,
2021,1,4,17,58,48,793,1609747128.793000,1,0,0,1,0,35,35,60,104,52,
2021,1,4,17,58,48,907,1609747128.907000,1,0,0,1,0,35,35,60,104,52,
2021,1,4,17,58,49,24,1609747129.024000,1,0,0,1,0,35,35,60,104,52,
2021,1,4,17,58,49,142,1609747129.142000,1,0,0,1,0,35,35,60,104,52,
2021,1,4,17,58,49,259,1609747129.259000,1,0,0,1,0,35,35,60,104,52,
2021,1,4,17,58,49,383,1609747129.383000,1,0,0,1,0,35,35,60,104,52,
2021,1,4,17,58,49,503,1609747129.503000,1,0,0,1,0,35,35,60,104,52,
2021,1,4,17,58,49,618,1609747129.618000,1,0,0,1,0,35,35,60,104,52,
2021,1,4,17,58,49,734,1609747129.734000,1,0,0,1,0,35,35,60,104,52,
2021,1,4,17,58,49,857,1609747129.857000,1,0,0,1,0,35,35,60,104,52,
2021,1,4,17,58,49,973,1609747129.973000,1,0,0,1,0,35,35,60,104,52,
2021,1,4,17,58,50,93,1609747130.093000,1,0,0,1,0,35,35,60,104,52,
2021,1,4,17,58,50,208,1609747130.208000,1,0,0,1,0,35,35,60,104,52,
2021,1,4,17,58,50,322,1609747130.322000,1,0,0,1,0,35,35,60,104,52,
2021,1,4,17,58,50,446,1609747130.446000,1,0,0,1,0,35,35,60,104,52,
2021,1,4,17,58,50,560,1609747130.560000,1,0,0,1,0,35,35,60,104,52,
2021,1,4,17,58,50,675,1609747130.675000,1,0,0,1,0,35,35,60,104,52,
2021,1,4,17,58,50,793,1609747130.793000,1,0,0,1,0,35,35,60,104,52,
2021,1,4,17,58,50,911,1609747130.911000,1,0,0,1,0,35,35,60,104,52,
2021,1,4,17,58,51,34,1609747131.034000,1,0,0,1,0,35,35,60,104,52,
2021,1,4,17,58,51,161,1609747131.161000,1,0,0,1,0,35,35,60,104,52,
2021,1,4,17,58,51,283,1609747131.283000,1,0,0,1,0,35,35,60,104,52,
2021,1,4,17,58,51,403,1609747131.403000,1,0,0,1,0,35,35,60,104,52,
2021,1,4,17,58,51,522,1609747131.522000,1,0,0,1,0,35,35,60,104,52,
2021,1,4,17,58,51,645,1609747131.645000,1,0,0,1,0,35,35,60,104,52,
2021,1,4,17,58,51,764,1609747131.764000,1,0,0,1,0,35,35,60,104,52,
2021,1,4,17,58,51,879,1609747131.879000,1,0,0,1,0,35,35,60,104,52,
2021,1,4,17,58,52,2,1609747132.002000,1,0,0,1,0,35,35,60,104,52,
2021,1,4,17,58,52,123,1609747132.123000,1,0,0,1,0,35,35,60,104,52,
2021,1,4,17,58,52,243,1609747132.243000,1,0,0,1,0,35,35,60,104,52,
2021,1,4,17,58,52,360,1609747132.360000,1,0,0,1,0,35,35,60,104,52,
2021,1,4,17,58,52,478,1609747132.478000,1,0,0,1,0,35,35,60,104,52,
2021,1,4,17,58,52,596,1609747132.596000,1,0,0,1,0,35,35,60,104,52,
2021,1,4,17,58,52,712,1609747132.712000,1,0,0,1,0,35,35,60,104,52,
2021,1,4,17,58,52,830,1609747132.830000,1,0,0,1,0,35,35,60,104,52,
2021,1,4,17,58,52,944,1609747132.944000,1,0,0,1,0,35,35,60,104,52,
2021,1,4,17,58,53,61,1609747133.061000,1,0,0,1,0,35,35,60,104,52,
2021,1,4,17,58,53,184,1609747133.184000,1,0,0,1,0,35,35,60,104,52,
2021,1,4,17,58,53,300,1609747133.300000,1,0,0,1,0,35,35,60,104,52,
2021,1,4,17,58,53,416,1609747133.416000,1,0,0,1,0,35,35,60,104,52,
2021,1,4,17,58,53,532,1609747133.532000,1,0,0,1,0,35,35,60,104,52,
2021,1,4,17,58,53,651,1609747133.651000,1,0,0,1,0,35,35,60,104,52,
2021,1,4,17,58,53,769,1609747133.769000,1,0,0,1,0,35,35,60,104,52,
2021,1,4,17,58,53,888,1609747133.888000,1,0,0,1,0,35,35,60,104,52,
2021,1,4,17,58,54,6,1609747134.006000,1,0,0,1,0,35,35,60,104,52,
2021,1,4,17,58,54,122,1609747134.122000,1,0,0,1,0,35,35,60,104,52,
2021,1,4,17,58,54,244,1609747134.244000,1,0,0,1,0,35,35,60,104,52,
2021,1,4,17,58,54,359,1609747134.359000,1,0,0,1,0,35,35,60,104,52,
2021,1,4,17,58,54,477,1609747134.477000,1,0,0,1,0,35,35,60,104,52,
2021,1,4,17,58,54,595,1609747134.595000,1,0,0,1,0,35,35,60,104,52,
2021,1,4,17,58,54,715,1609747134.715000,1,0,0,1,0,35,35,60,104,52,
2021,1,4,17,58,54,838,1609747134.838000,1,0,0,1,0,35,35,60,104,52,
2021,1,4,17,58,54,953,1609747134.953000,1,0,0,1,0,35,35,60,104,52,
2021,1,4,17,58,55,72,1609747135.072000,1,0,0,1,0,35,35,60,104,52,
2021,1,4,17,58,55,193,1609747135.193000,1,0,0,1,0,35,35,60,104,52,
2021,1,4,17,58,55,313,1609747135.313000,1,0,0,1,0,35,35,60,104,52,
2021,1,4,17,58,55,426,1609747135.426000,1,0,0,1,0,35,35,60,104,52,
2021,1,4,17,58,55,545,1609747135.545000,1,0,0,1,0,35,35,60,104,52,
2021,1,4,17,58,55,666,1609747135.666000,1,0,0,1,0,35,35,60,104,52,
2021,1,4,17,58,55,783,1609747135.783000,1,0,0,1,0,35,35,60,104,52,
2021,1,4,17,58,55,897,1609747135.897000,1,0,0,1,0,35,35,60,104,52,
2021,1,4,17,58,56,13,1609747136.013000,1,0,0,1,0,35,35,60,104,52,
2021,1,4,17,58,56,127,1609747136.127000,1,0,0,1,0,35,35,60,104,52,
2021,1,4,17,58,56,241,1609747136.241000,1,0,0,1,0,35,35,60,104,52,
2021,1,4,17,58,56,358,1609747136.358000,1,0,0,1,0,35,35,60,104,52,
2021,1,4,17,58,56,474,1609747136.474000,1,0,0,1,0,35,35,60,104,52,
2021,1,4,17,58,56,593,1609747136.593000,1,0,0,1,0,35,35,60,104,52,
2021,1,4,17,58,56,709,1609747136.709000,1,0,0,1,0,35,35,60,104,52,
2021,1,4,17,58,56,823,1609747136.823000,1,0,0,1,0,35,35,60,104,52,
2021,1,4,17,58,56,937,1609747136.937000,1,0,0,1,0,35,35,60,104,52,
2021,1,4,17,58,57,59,1609747137.059000,1,0,0,1,0,35,35,60,104,52,
2021,1,4,17,58,57,175,1609747137.175000,1,0,0,1,0,35,35,60,104,52,
2021,1,4,17,58,57,296,1609747137.296000,1,0,0,1,0,35,35,60,104,52,
2021,1,4,17,58,57,416,1609747137.416000,1,0,0,1,0,35,35,60,104,52,
2021,1,4,17,58,57,534,1609747137.534000,1,0,0,1,0,35,35,60,104,52,
2021,1,4,17,58,57,649,1609747137.649000,1,0,0,1,0,35,35,60,104,52,
2021,1,4,17,58,57,767,1609747137.767000,1,0,0,1,0,35,35,60,104,52,
2021,1,4,17,58,57,883,1609747137.883000,1,0,0,1,0,35,35,60,104,52,
2021,1,4,17,58,57,997,1609747137.997000,1,0,0,1,0,35,35,60,104,52,
2021,1,4,17,58,58,122,1609747138.122000,1,0,0,1,0,35,35,60,104,52,
2021,1,4,17,58,58,235,1609747138.235000,1,0,0,1,0,35,35,60,104,52,
2021,1,4,17,58,58,361,1609747138.361000,1,0,0,1,0,35,35,60,104,52,
2021,1,4,17,58,58,478,1609747138.478000,1,0,0,1,0,35,35,60,104,52,
2021,1,4,17,58,58,593,1609747138.593000,1,0,0,1,0,35,35,60,104,52,
2021,1,4,17,58,58,711,1609747138.711000,1,0,0,1,0,35,35,60,104,52,
2021,1,4,17,58,58,840,1609747138.840000,1,0,0,1,0,35,35,60,104,52,
2021,1,4,17,58,58,959,1609747138.959000,1,0,0,1,0,35,35,60,104,52,
2021,1,4,17,58,59,76,1609747139.076000,1,0,0,1,0,35,35,60,104,52,
2021,1,4,17,58,59,201,1609747139.201000,1,0,0,1,0,35,35,60,104,52,
2021,1,4,17,58,59,324,1609747139.324000,1,0,0,1,0,35,35,60,104,52,
2021,1,4,17,58,59,445,1609747139.445000,1,0,0,1,0,35,35,60,104,52,
2021,1,4,17,58,59,559,1609747139.559000,1,0,0,1,0,35,35,60,104,52,
2021,1,4,17,58,59,680,1609747139.680000,1,0,0,1,0,35,35,60,104,52,
2021,1,4,17,58,59,806,1609747139.806000,1,0,0,1,0,35,35,60,104,52,
2021,1,4,17,58,59,919,1609747139.919000,1,0,0,1,0,35,35,60,104,52,
2021,1,4,17,59,0,36,1609747140.036000,1,0,0,1,0,35,35,60,104,52,
2021,1,4,17,59,0,151,1609747140.151000,1,0,0,1,0,35,35,60,104,52,
2021,1,4,17,59,0,270,1609747140.270000,1,0,0,1,0,35,35,60,104,52,
2021,1,4,17,59,0,390,1609747140.390000,1,0,0,1,0,35,35,60,104,52,
2021,1,4,17,59,0,514,1609747140.514000,1,0,0,1,0,35,35,60,104,52,
2021,1,4,17,59,0,633,1609747140.633000,1,0,0,1,0,35,35,60,104,52,
2021,1,4,17,59,0,753,1609747140.753000,1,0,0,1,0,35,35,60,104,52,
2021,1,4,17,59,0,867,1609747140.867000,1,0,0,1,0,35,35,60,104,52,
2021,1,4,17,59,0,993,1609747140.993000,1,0,0,1,0,35,35,60,104,52,
2021,1,4,17,59,1,112,1609747141.112000,1,0,0,1,0,35,35,60,104,52,
2021,1,4,17,59,1,226,1609747141.226000,1,0,0,1,0,35,35,60,104,52,
2021,1,4,17,59,1,346,1609747141.346000,1,0,0,1,0,35,35,60,104,52,
2021,1,4,17,59,1,462,1609747141.462000,1,0,0,1,0,35,35,60,104,52,
2021,1,4,17,59,1,584,1609747141.584000,1,0,0,1,0,35,35,60,104,52,
2021,1,4,17,59,1,701,1609747141.701000,1,0,0,1,0,35,35,60,104,52,
2021,1,4,17,59,1,825,1609747141.825000,1,0,0,1,0,35,35,60,104,52,
2021,1,4,17,59,1,945,1609747141.945000,1,0,0,1,0,35,35,60,104,52,
2021,1,4,17,59,2,64,1609747142.064000,1,0,0,1,0,35,35,60,104,52,
2021,1,4,17,59,2,183,1609747142.183000,1,0,0,1,0,35,35,60,104,52,
2021,1,4,17,59,2,302,1609747142.302000,1,0,0,1,0,35,35,60,104,52,
2021,1,4,17,59,2,419,1609747142.419000,1,0,0,1,0,35,35,60,104,52,
2021,1,4,17,59,2,539,1609747142.539000,1,0,0,1,0,35,35,60,104,52,
2021,1,4,17,59,2,653,1609747142.653000,1,0,0,1,0,35,35,60,104,52,
2021,1,4,17,59,2,767,1609747142.767000,1,0,0,1,0,35,35,60,104,52,
2021,1,4,17,59,2,886,1609747142.886000,1,0,0,1,0,35,35,60,104,52,
2021,1,4,17,59,2,999,1609747142.999000,1,0,0,1,0,35,35,60,104,52,
2021,1,4,17,59,3,120,1609747143.120000,1,0,0,1,0,35,35,60,104,52,
2021,1,4,17,59,3,235,1609747143.235000,1,0,0,1,0,35,35,60,104,52,
2021,1,4,17,59,3,351,1609747143.351000,1,0,0,1,0,35,35,60,104,52,
2021,1,4,17,59,3,473,1609747143.473000,1,0,0,1,0,35,35,60,104,52,
2021,1,4,17,59,3,587,1609747143.587000,1,0,0,1,0,35,35,60,104,52,
2021,1,4,17,59,3,704,1609747143.704000,1,0,0,1,0,35,35,60,104,52,
2021,1,4,17,59,3,818,1609747143.818000,1,0,0,1,0,35,35,60,104,52,
2021,1,4,17,59,3,935,1609747143.935000,1,0,0,1,0,35,35,60,104,52,
2021,1,4,17,59,4,53,1609747144.053000,1,0,0,1,0,35,35,60,104,52,
2021,1,4,17,59,4,166,1609747144.166000,1,0,0,1,0,35,35,60,104,52,
2021,1,4,17,59,4,284,1609747144.284000,1,0,0,1,0,35,35,60,104,52,
2021,1,4,17,59,4,407,1609747144.407000,1,0,0,1,0,35,35,60,104,52,
2021,1,4,17,59,4,523,1609747144.523000,1,0,0,1,0,35,35,60,104,52,
2021,1,4,17,59,4,638,1609747144.638000,1,0,0,1,0,35,35,60,104,52,
2021,1,4,17,59,4,758,1609747144.758000,1,0,0,1,0,35,35,60,104,52,
2021,1,4,17,59,4,873,1609747144.873000,1,0,0,1,0,35,35,60,104,52,
2021,1,4,17,59,4,987,1609747144.987000,1,0,0,1,0,35,35,60,104,52,
2021,1,4,17,59,5,101,1609747145.101000,1,0,0,1,0,35,35,60,104,52,
2021,1,4,17,59,5,221,1609747145.221000,1,0,0,1,0,35,35,60,104,52,
2021,1,4,17,59,5,342,1609747145.342000,1,0,0,1,0,35,35,60,104,52,
2021,1,4,17,59,5,461,1609747145.461000,1,0,0,1,0,35,35,60,104,52,
2021,1,4,17,59,5,586,1609747145.586000,1,0,0,1,0,35,35,60,104,52,
2021,1,4,17,59,5,701,1609747145.701000,1,0,0,1,0,35,35,60,104,52,
2021,1,4,17,59,5,821,1609747145.821000,1,0,0,1,0,35,35,60,104,52,
2021,1,4,17,59,5,942,1609747145.942000,1,0,0,1,0,35,35,60,104,52,
2021,1,4,17,59,6,60,1609747146.060000,1,0,0,1,0,35,35,60,104,52,
2021,1,4,17,59,6,174,1609747146.174000,1,0,0,1,0,35,35,60,104,52,
2021,1,4,17,59,6,286,1609747146.286000,1,0,0,1,0,35,35,60,104,52,
2021,1,4,17,59,6,402,1609747146.402000,1,0,0,1,0,35,35,60,104,52,
2021,1,4,17,59,6,520,1609747146.520000,1,0,0,1,0,35,35,60,104,52,
2021,1,4,17,59,6,638,1609747146.638000,1,0,0,1,0,35,35,60,104,52,
2021,1,4,17,59,6,751,1609747146.751000,1,0,0,1,0,35,35,60,104,52,
2021,1,4,17,59,6,869,1609747146.869000,1,0,0,1,0,35,35,60,104,52,
2021,1,4,17,59,6,988,1609747146.988000,1,0,0,1,0,35,35,60,104,52,
2021,1,4,17,59,7,106,1609747147.106000,1,0,0,1,0,35,35,60,104,52,
2021,1,4,17,59,7,228,1609747147.228000,1,0,0,1,0,35,35,60,104,52,
2021,1,4,17,59,7,344,1609747147.344000,1,0,0,1,0,35,35,60,104,52,
2021,1,4,17,59,7,460,1609747147.460000,1,0,0,1,0,35,35,60,104,52,
2021,1,4,17,59,7,578,1609747147.578000,1,0,0,1,0,35,35,60,104,52,
2021,1,4,17,59,7,695,1609747147.695000,1,0,0,1,0,35,35,60,104,52,
2021,1,4,17,59,7,815,1609747147.815000,1,0,0,1,0,35,35,60,104,52,
2021,1,4,17,59,7,934,1609747147.934000,1,0,0,1,0,35,35,60,104,52,
2021,1,4,17,59,8,57,1609747148.057000,1,0,0,1,0,35,35,60,104,52,
2021,1,4,17,59,8,169,1609747148.169000,1,0,0,1,0,35,35,60,104,52,
2021,1,4,17,59,8,284,1609747148.284000,1,0,0,1,0,35,35,60,104,52,
2021,1,4,17,59,8,397,1609747148.397000,1,0,0,1,0,35,35,60,104,52,
2021,1,4,17,59,8,515,1609747148.515000,1,0,0,1,0,35,35,60,104,52,
2021,1,4,17,59,8,635,1609747148.635000,1,0,0,1,0,35,35,60,104,52,
2021,1,4,17,59,8,755,1609747148.755000,1,0,0,1,0,35,35,60,104,52,
2021,1,4,17,59,8,879,1609747148.879000,1,0,0,1,0,35,35,60,104,52,
2021,1,4,17,59,8,994,1609747148.994000,1,0,0,1,0,35,35,60,104,52,
2021,1,4,17,59,9,109,1609747149.109000,1,0,0,1,0,35,35,60,104,52,
2021,1,4,17,59,9,224,1609747149.224000,1,0,0,1,0,35,35,60,104,52,
2021,1,4,17,59,9,351,1609747149.351000,1,0,0,1,0,35,35,60,104,52,
2021,1,4,17,59,9,468,1609747149.468000,1,0,0,1,0,35,35,60,104,52,
2021,1,4,17,59,9,587,1609747149.587000,1,0,0,1,0,35,35,60,104,52,
2021,1,4,17,59,9,703,1609747149.703000,1,0,0,1,0,35,35,60,104,52,
2021,1,4,17,59,9,826,1609747149.826000,1,0,0,1,0,35,35,60,104,52,
2021,1,4,17,59,9,941,1609747149.941000,1,0,0,1,0,35,35,60,104,52,
2021,1,4,17,59,10,60,1609747150.060000,1,0,0,1,0,35,35,60,104,52,
2021,1,4,17,59,10,177,1609747150.177000,1,0,0,1,0,35,35,60,104,52,
2021,1,4,17,59,10,292,1609747150.292000,1,0,0,1,0,35,35,60,104,52,
2021,1,4,17,59,10,406,1609747150.406000,1,0,0,1,0,35,35,60,104,52,
2021,1,4,17,59,10,525,1609747150.525000,1,0,0,1,0,35,35,60,104,52,
2021,1,4,17,59,10,649,1609747150.649000,1,0,0,1,0,35,35,60,104,52,
2021,1,4,17,59,10,766,1609747150.766000,1,0,0,1,0,35,35,60,104,52,
2021,1,4,17,59,10,880,1609747150.880000,1,0,0,1,0,35,35,60,104,52,
2021,1,4,17,59,10,994,1609747150.994000,1,0,0,1,0,35,35,60,104,52,
2021,1,4,17,59,11,116,1609747151.116000,1,0,0,1,0,35,35,60,104,52,
2021,1,4,17,59,11,234,1609747151.234000,1,0,0,1,0,35,35,60,104,52,
2021,1,4,17,59,11,354,1609747151.354000,1,0,0,1,0,35,35,60,104,52,
2021,1,4,17,59,11,476,1609747151.476000,1,0,0,1,0,35,35,60,104,52,
2021,1,4,17,59,11,589,1609747151.589000,1,0,0,1,0,35,35,60,104,52,
2021,1,4,17,59,11,703,1609747151.703000,1,0,0,1,0,35,35,60,104,52,
2021,1,4,17,59,11,819,1609747151.819000,1,0,0,1,0,35,35,60,104,52,
2021,1,4,17,59,11,934,1609747151.934000,1,0,0,1,0,35,35,60,104,52,
2021,1,4,17,59,12,58,1609747152.058000,1,0,0,1,0,35,35,60,104,52,
2021,1,4,17,59,12,177,1609747152.177000,1,0,0,1,0,35,35,60,104,52,
2021,1,4,17,59,12,299,1609747152.299000,1,0,0,1,0,35,35,60,104,52,
2021,1,4,17,59,12,418,1609747152.418000,1,0,0,1,0,35,35,60,104,52,
2021,1,4,17,59,12,534,1609747152.534000,1,0,0,1,0,35,35,60,104,52,
2021,1,4,17,59,12,650,1609747152.650000,1,0,0,1,0,35,35,60,104,52,
2021,1,4,17,59,12,766,1609747152.766000,1,0,0,1,0,35,35,60,104,52,
2021,1,4,17,59,12,886,1609747152.886000,1,0,0,1,0,35,35,60,104,52,
2021,1,4,17,59,13,9,1609747153.009000,1,0,0,1,0,35,35,60,104,52,
2021,1,4,17,59,13,129,1609747153.129000,1,0,0,1,0,35,35,60,104,52,
2021,1,4,17,59,13,243,1609747153.243000,1,0,0,1,0,35,35,60,104,52,
2021,1,4,17,59,13,358,1609747153.358000,1,0,0,1,0,35,35,60,104,52,
2021,1,4,17,59,13,478,1609747153.478000,1,0,0,1,0,35,35,60,104,52,
2021,1,4,17,59,13,593,1609747153.593000,1,0,0,1,0,35,35,60,104,52,
2021,1,4,17,59,13,708,1609747153.708000,1,0,0,1,0,35,35,60,104,52,
2021,1,4,17,59,13,822,1609747153.822000,1,0,0,1,0,35,35,60,104,52,
2021,1,4,17,59,13,942,1609747153.942000,1,0,0,1,0,35,35,60,104,52,
2021,1,4,17,59,14,66,1609747154.066000,1,0,0,1,0,35,35,60,104,52,
2021,1,4,17,59,14,184,1609747154.184000,1,0,0,1,0,35,35,60,104,52,
2021,1,4,17,59,14,298,1609747154.298000,1,0,0,1,0,35,35,60,104,52,
2021,1,4,17,59,14,413,1609747154.413000,1,0,0,1,0,35,35,60,104,52,
2021,1,4,17,59,14,533,1609747154.533000,1,0,0,1,0,35,35,60,104,52,
2021,1,4,17,59,14,648,1609747154.648000,1,0,0,1,0,35,35,60,104,52,
2021,1,4,17,59,14,762,1609747154.762000,1,0,0,1,0,35,35,60,104,52,
2021,1,4,17,59,14,874,1609747154.874000,1,0,0,1,0,35,35,60,104,52,
2021,1,4,17,59,14,991,1609747154.991000,1,0,0,1,0,35,35,60,104,52,
2021,1,4,17,59,15,115,1609747155.115000,1,0,0,1,0,35,35,60,104,52,
2021,1,4,17,59,15,231,1609747155.231000,1,0,0,1,0,35,35,60,104,52,
2021,1,4,17,59,15,350,1609747155.350000,1,0,0,1,0,35,35,60,104,52,
2021,1,4,17,59,15,474,1609747155.474000,1,0,0,1,0,35,35,60,104,52,
2021,1,4,17,59,15,591,1609747155.591000,1,0,0,1,0,35,35,60,104,52,
2021,1,4,17,59,15,712,1609747155.712000,1,0,0,1,0,35,35,60,104,52,
2021,1,4,17,59,15,826,1609747155.826000,1,0,0,1,0,35,35,60,104,52,
2021,1,4,17,59,15,945,1609747155.945000,1,0,0,1,0,35,35,60,104,52,
2021,1,4,17,59,16,64,1609747156.064000,1,0,0,1,0,35,35,60,104,52,
2021,1,4,17,59,16,179,1609747156.179000,1,0,0,1,0,35,35,60,104,52,
2021,1,4,17,59,16,294,1609747156.294000,1,0,0,1,0,35,35,60,104,52,
2021,1,4,17,59,16,410,1609747156.410000,1,0,0,1,0,35,35,60,104,52,
2021,1,4,17,59,16,530,1609747156.530000,1,0,0,1,0,35,35,60,104,52,
2021,1,4,17,59,16,653,1609747156.653000,1,0,0,1,0,35,35,60,104,52,
2021,1,4,17,59,16,773,1609747156.773000,1,0,0,1,0,35,35,60,104,52,
2021,1,4,17,59,16,886,1609747156.886000,1,0,0,1,0,35,35,60,104,52,
2021,1,4,17,59,17,9,1609747157.009000,1,0,0,1,0,35,35,60,104,52,
2021,1,4,17,59,17,128,1609747157.128000,1,0,0,1,0,35,35,60,104,52,
2021,1,4,17,59,17,245,1609747157.245000,1,0,0,1,0,35,35,60,104,52,
2021,1,4,17,59,17,364,1609747157.364000,1,0,0,1,0,35,35,60,104,52,
2021,1,4,17,59,17,487,1609747157.487000,1,0,0,1,0,35,35,60,104,52,
2021,1,4,17,59,17,602,1609747157.602000,1,0,0,1,0,35,35,60,104,52,
2021,1,4,17,59,17,720,1609747157.720000,1,0,0,1,0,35,35,60,104,52,
2021,1,4,17,59,17,836,1609747157.836000,1,0,0,1,0,35,35,60,104,52,
2021,1,4,17,59,17,952,1609747157.952000,1,0,0,1,0,35,35,60,104,52,
2021,1,4,17,59,18,72,1609747158.072000,1,0,0,1,0,35,35,60,104,52,
2021,1,4,17,59,18,186,1609747158.186000,1,0,0,1,0,35,35,60,104,52,
2021,1,4,17,59,18,300,1609747158.300000,1,0,0,1,0,35,35,60,104,52,
2021,1,4,17,59,18,414,1609747158.414000,1,0,0,1,0,35,35,60,104,52,
2021,1,4,17,59,18,527,1609747158.527000,1,0,0,1,0,35,35,60,104,52,
2021,1,4,17,59,18,646,1609747158.646000,1,0,0,1,0,35,35,60,104,52,
2021,1,4,17,59,18,767,1609747158.767000,1,0,0,1,0,35,35,60,104,52,
2021,1,4,17,59,18,885,1609747158.885000,1,0,0,1,0,35,35,60,104,52,
2021,1,4,17,59,19,2,1609747159.002000,1,0,0,1,0,35,35,60,104,52,
2021,1,4,17,59,19,122,1609747159.122000,1,0,0,1,0,35,35,60,104,52,
2021,1,4,17,59,19,238,1609747159.238000,1,0,0,1,0,35,35,60,104,52,
2021,1,4,17,59,19,353,1609747159.353000,1,0,0,1,0,35,35,60,104,52,
2021,1,4,17,59,19,470,1609747159.470000,1,0,0,1,0,35,35,60,104,52,
2021,1,4,17,59,19,590,1609747159.590000,1,0,0,1,0,35,35,60,104,52,
2021,1,4,17,59,19,705,1609747159.705000,1,0,0,1,0,35,35,60,104,52,
2021,1,4,17,59,19,819,1609747159.819000,1,0,0,1,0,35,35,60,104,52,
2021,1,4,17,59,19,935,1609747159.935000,1,0,0,1,0,35,35,60,104,52,
2021,1,4,17,59,20,60,1609747160.060000,1,0,0,1,0,35,35,60,104,52,
2021,1,4,17,59,20,173,1609747160.173000,1,0,0,1,0,35,35,60,104,52,
2021,1,4,17,59,20,293,1609747160.293000,1,0,0,1,0,35,35,60,104,52,
2021,1,4,17,59,20,411,1609747160.411000,1,0,0,1,0,35,35,60,104,52,
2021,1,4,17,59,20,525,1609747160.525000,1,0,0,1,0,35,35,60,104,52,
2021,1,4,17,59,20,641,1609747160.641000,1,0,0,1,0,35,35,60,104,52,
2021,1,4,17,59,20,764,1609747160.764000,1,0,0,1,0,35,35,60,104,52,
2021,1,4,17,59,20,881,1609747160.881000,1,0,0,1,0,35,35,60,104,52,
2021,1,4,17,59,20,999,1609747160.999000,1,0,0,1,0,35,35,60,104,52,
2021,1,4,17,59,21,115,1609747161.115000,1,0,0,1,0,35,35,60,104,52,
2021,1,4,17,59,21,234,1609747161.234000,1,0,0,1,0,35,35,60,104,52,
2021,1,4,17,59,21,352,1609747161.352000,1,0,0,1,0,35,35,60,104,52,
2021,1,4,17,59,21,466,1609747161.466000,1,0,0,1,0,35,35,60,104,52,
2021,1,4,17,59,21,584,1609747161.584000,1,0,0,1,0,35,35,60,104,52,
2021,1,4,17,59,21,697,1609747161.697000,1,0,0,1,0,35,35,60,104,52,
2021,1,4,17,59,21,817,1609747161.817000,1,0,0,1,0,35,35,60,104,52,
2021,1,4,17,59,21,935,1609747161.935000,1,0,0,1,0,35,35,60,104,52,
2021,1,4,17,59,22,51,1609747162.051000,1,0,0,1,0,35,35,60,104,52,
2021,1,4,17,59,22,165,1609747162.165000,1,0,0,1,0,35,35,60,104,52,
2021,1,4,17,59,22,290,1609747162.290000,1,0,0,1,0,35,35,60,104,52,
2021,1,4,17,59,22,404,1609747162.404000,1,0,0,1,0,35,35,60,104,52,
2021,1,4,17,59,22,524,1609747162.524000,1,0,0,1,0,35,35,60,104,52,
2021,1,4,17,59,22,642,1609747162.642000,1,0,0,1,0,35,35,60,104,52,
2021,1,4,17,59,22,755,1609747162.755000,1,0,0,1,0,35,35,60,104,52,
2021,1,4,17,59,22,874,1609747162.874000,1,0,0,1,0,35,35,60,104,52,
2021,1,4,17,59,22,996,1609747162.996000,1,0,0,1,0,35,35,60,104,52,
2021,1,4,17,59,23,118,1609747163.118000,1,0,0,1,0,35,35,60,104,52,
2021,1,4,17,59,23,238,1609747163.238000,1,0,0,1,0,35,35,60,104,52,
2021,1,4,17,59,23,352,1609747163.352000,1,0,0,1,0,35,35,60,104,52,
2021,1,4,17,59,23,470,1609747163.470000,1,0,0,1,0,35,35,60,104,52,
2021,1,4,17,59,23,586,1609747163.586000,1,0,0,1,0,35,35,60,104,52,
2021,1,4,17,59,23,703,1609747163.703000,1,0,0,1,0,35,35,60,104,52,
2021,1,4,17,59,23,822,1609747163.822000,1,0,0,1,0,35,35,60,104,52,
2021,1,4,17,59,23,935,1609747163.935000,1,0,0,1,0,35,35,60,104,52,
2021,1,4,17,59,24,54,1609747164.054000,1,0,0,1,0,35,35,60,104,52,
2021,1,4,17,59,24,167,1609747164.167000,1,0,0,1,0,35,35,60,104,52,
2021,1,4,17,59,24,285,1609747164.285000,1,0,0,1,0,35,35,60,104,52,
2021,1,4,17,59,24,404,1609747164.404000,1,0,0,1,0,35,35,60,104,52,
2021,1,4,17,59,24,521,1609747164.521000,1,0,0,1,0,35,35,60,104,52,
2021,1,4,17,59,24,637,1609747164.637000,1,0,0,1,0,35,35,60,104,52,
2021,1,4,17,59,24,752,1609747164.752000,1,0,0,1,0,35,35,60,104,52,
2021,1,4,17,59,24,869,1609747164.869000,1,0,0,1,0,35,35,60,104,52,
2021,1,4,17,59,24,983,1609747164.983000,1,0,0,1,0,35,35,60,104,52,
2021,1,4,17,59,25,103,1609747165.103000,1,0,0,1,0,35,35,60,104,52,
2021,1,4,17,59,25,219,1609747165.219000,1,0,0,1,0,35,35,60,104,52,
2021,1,4,17,59,25,335,1609747165.335000,1,0,0,1,0,35,35,60,104,52,
2021,1,4,17,59,25,451,1609747165.451000,1,0,0,1,0,35,35,60,104,52,
2021,1,4,17,59,25,563,1609747165.563000,1,0,0,1,0,35,35,60,104,52,
2021,1,4,17,59,25,683,1609747165.683000,1,0,0,1,0,35,35,60,104,52,
2021,1,4,17,59,25,804,1609747165.804000,1,0,0,1,0,35,35,60,104,52,
2021,1,4,17,59,25,920,1609747165.920000,1,0,0,1,0,35,35,60,104,52,
2021,1,4,17,59,26,36,1609747166.036000,1,0,0,1,0,35,35,60,104,52,
2021,1,4,17,59,26,148,1609747166.148000,1,0,0,1,0,35,35,60,104,52,
2021,1,4,17,59,26,266,1609747166.266000,1,0,0,1,0,35,35,60,104,52,
2021,1,4,17,59,26,383,1609747166.383000,1,0,0,1,0,35,35,60,104,52,
2021,1,4,17,59,26,499,1609747166.499000,1,0,0,1,0,35,35,60,104,52,
2021,1,4,17,59,26,621,1609747166.621000,1,0,0,1,0,35,35,60,104,52,
2021,1,4,17,59,26,743,1609747166.743000,1,0,0,1,0,35,35,60,104,52,
2021,1,4,17,59,26,863,1609747166.863000,1,0,0,1,0,35,35,60,104,52,
2021,1,4,17,59,26,976,1609747166.976000,1,0,0,1,0,35,35,60,104,52,
2021,1,4,17,59,27,93,1609747167.093000,1,0,0,1,0,35,35,60,104,52,
2021,1,4,17,59,27,211,1609747167.211000,1,0,0,1,0,35,35,60,104,52,
2021,1,4,17,59,27,331,1609747167.331000,1,0,0,1,0,35,35,60,104,52,
2021,1,4,17,59,27,448,1609747167.448000,1,0,0,1,0,35,35,60,104,52,
2021,1,4,17,59,27,568,1609747167.568000,1,0,0,1,0,35,35,60,104,52,
2021,1,4,17,59,27,687,1609747167.687000,1,0,0,1,0,35,35,60,104,52,
2021,1,4,17,59,27,801,1609747167.801000,1,0,0,1,0,35,35,60,104,52,
2021,1,4,17,59,27,919,1609747167.919000,1,0,0,1,0,35,35,60,104,52,
2021,1,4,17,59,28,38,1609747168.038000,1,0,0,1,0,35,35,60,104,52,
2021,1,4,17,59,28,153,1609747168.153000,1,0,0,1,0,35,35,60,104,52,
2021,1,4,17,59,28,269,1609747168.269000,1,0,0,1,0,35,35,60,104,52,
2021,1,4,17,59,28,385,1609747168.385000,1,0,0,1,0,35,35,60,104,52,
2021,1,4,17,59,28,504,1609747168.504000,1,0,0,1,0,35,35,60,104,52,
2021,1,4,17,59,28,620,1609747168.620000,1,0,0,1,0,35,35,60,104,52,
2021,1,4,17,59,28,739,1609747168.739000,1,0,0,1,0,35,35,60,104,52,
2021,1,4,17,59,28,851,1609747168.851000,1,0,0,1,0,35,35,60,104,52,
2021,1,4,17,59,28,964,1609747168.964000,1,0,0,1,0,35,35,60,104,52,
2021,1,4,17,59,29,81,1609747169.081000,1,0,0,1,0,35,35,60,104,52,
2021,1,4,17,59,29,198,1609747169.198000,1,0,0,1,0,35,35,60,104,52,
2021,1,4,17,59,29,320,1609747169.320000,1,0,0,1,0,35,35,60,104,52,
2021,1,4,17,59,29,436,1609747169.436000,1,0,0,1,0,35,35,60,104,52,
2021,1,4,17,59,29,550,1609747169.550000,1,0,0,1,0,35,35,60,104,52,
2021,1,4,17,59,29,672,1609747169.672000,1,0,0,1,0,35,35,60,104,52,
2021,1,4,17,59,29,790,1609747169.790000,1,0,0,1,0,35,35,60,104,52,
2021,1,4,17,59,29,911,1609747169.911000,1,0,0,1,0,35,35,60,104,52,
2021,1,4,17,59,30,29,1609747170.029000,1,0,0,1,0,35,35,60,104,52,
2021,1,4,17,59,30,149,1609747170.149000,1,0,0,1,0,35,35,60,104,52,
2021,1,4,17,59,30,264,1609747170.264000,1,0,0,1,0,35,35,60,104,52,
2021,1,4,17,59,30,383,1609747170.383000,1,0,0,1,0,35,35,60,104,52,
2021,1,4,17,59,30,501,1609747170.501000,1,0,0,1,0,35,35,60,104,52,
2021,1,4,17,59,30,620,1609747170.620000,1,0,0,1,0,35,35,60,104,52,
2021,1,4,17,59,30,740,1609747170.740000,1,0,0,1,0,35,35,60,104,52,
2021,1,4,17,59,30,858,1609747170.858000,1,0,0,1,0,35,35,60,104,52,
2021,1,4,17,59,30,974,1609747170.974000,1,0,0,1,0,35,35,60,104,52,
2021,1,4,17,59,31,88,1609747171.088000,1,0,0,1,0,35,35,60,104,52,
2021,1,4,17,59,31,201,1609747171.201000,1,0,0,1,0,35,35,60,104,52,
2021,1,4,17,59,31,318,1609747171.318000,1,0,0,1,0,35,35,60,104,52,
2021,1,4,17,59,31,435,1609747171.435000,1,0,0,1,0,35,35,60,104,52,
2021,1,4,17,59,31,559,1609747171.559000,1,0,0,1,0,35,35,60,104,52,
2021,1,4,17,59,31,672,1609747171.672000,1,0,0,1,0,35,35,60,104,52,
2021,1,4,17,59,31,786,1609747171.786000,1,0,0,1,0,35,35,60,104,52,
2021,1,4,17,59,31,903,1609747171.903000,1,0,0,1,0,35,35,60,104,52,
2021,1,4,17,59,32,20,1609747172.020000,1,0,0,1,0,35,35,60,104,52,
2021,1,4,17,59,32,140,1609747172.140000,1,0,0,1,0,35,35,60,104,52,
2021,1,4,17,59,32,253,1609747172.253000,1,0,0,1,0,35,35,60,104,52,
2021,1,4,17,59,32,370,1609747172.370000,1,0,0,1,0,35,35,60,104,52,
2021,1,4,17,59,32,484,1609747172.484000,1,0,0,1,0,35,35,60,104,52,
2021,1,4,17,59,32,600,1609747172.600000,1,0,0,1,0,35,35,60,104,52,
2021,1,4,17,59,32,713,1609747172.713000,1,0,0,1,0,35,35,60,104,52,
2021,1,4,17,59,32,833,1609747172.833000,1,0,0,1,0,35,35,60,104,52,
2021,1,4,17,59,32,947,1609747172.947000,1,0,0,1,0,35,35,60,104,52,
2021,1,4,17,59,33,63,1609747173.063000,1,0,0,1,0,35,35,60,104,52,
2021,1,4,17,59,33,175,1609747173.175000,1,0,0,1,0,35,35,60,104,52,
2021,1,4,17,59,33,290,1609747173.290000,1,0,0,1,0,35,35,60,104,52,
2021,1,4,17,59,33,409,1609747173.409000,1,0,0,1,0,35,35,60,104,52,
2021,1,4,17,59,33,537,1609747173.537000,1,0,0,1,0,35,35,60,104,52,
2021,1,4,17,59,33,658,1609747173.658000,1,0,0,1,0,35,35,60,104,52,
2021,1,4,17,59,33,778,1609747173.778000,1,0,0,1,0,35,35,60,104,52,
2021,1,4,17,59,33,901,1609747173.901000,1,0,0,1,0,35,35,60,104,52,
2021,1,4,17,59,34,14,1609747174.014000,1,0,0,1,0,35,35,60,104,52,
2021,1,4,17,59,34,135,1609747174.135000,1,0,0,1,0,35,35,60,104,52,
2021,1,4,17,59,34,254,1609747174.254000,1,0,0,1,0,35,35,60,104,52,
2021,1,4,17,59,34,368,1609747174.368000,1,0,0,1,0,35,35,60,104,52,
2021,1,4,17,59,34,485,1609747174.485000,1,0,0,1,0,35,35,60,104,52,
2021,1,4,17,59,34,599,1609747174.599000,1,0,0,1,0,35,35,60,104,52,
2021,1,4,17,59,34,716,1609747174.716000,1,0,0,1,0,35,35,60,104,52,
2021,1,4,17,59,34,834,1609747174.834000,1,0,0,1,0,35,35,60,104,52,
2021,1,4,17,59,34,951,1609747174.951000,1,0,0,1,0,35,35,60,104,52,
2021,1,4,17,59,35,66,1609747175.066000,1,0,0,1,0,35,35,60,104,52,
2021,1,4,17,59,35,181,1609747175.181000,1,0,0,1,0,35,35,60,104,52,
2021,1,4,17,59,35,295,1609747175.295000,1,0,0,1,0,35,35,60,104,52,
2021,1,4,17,59,35,413,1609747175.413000,1,0,0,1,0,35,35,60,104,52,
2021,1,4,17,59,35,530,1609747175.530000,1,0,0,1,0,35,35,60,104,52,
2021,1,4,17,59,35,658,1609747175.658000,1,0,0,1,0,35,35,60,104,52,
2021,1,4,17,59,35,773,1609747175.773000,1,0,0,1,0,35,35,60,104,52,
2021,1,4,17,59,35,892,1609747175.892000,1,0,0,1,0,35,35,60,104,52,
2021,1,4,17,59,36,4,1609747176.004000,1,0,0,1,0,35,35,60,104,52,
2021,1,4,17,59,36,122,1609747176.122000,1,0,0,1,0,35,35,60,104,52,
2021,1,4,17,59,36,240,1609747176.240000,1,0,0,1,0,35,35,60,104,52,
2021,1,4,17,59,36,353,1609747176.353000,1,0,0,1,0,35,35,60,104,52,
2021,1,4,17,59,36,470,1609747176.470000,1,0,0,1,0,35,35,60,104,52,
2021,1,4,17,59,36,584,1609747176.584000,1,0,0,1,0,35,35,60,104,52,
2021,1,4,17,59,36,701,1609747176.701000,1,0,0,1,0,35,35,60,104,52,
2021,1,4,17,59,36,819,1609747176.819000,1,0,0,1,0,35,35,60,104,52,
2021,1,4,17,59,36,938,1609747176.938000,1,0,0,1,0,35,35,60,104,52,
2021,1,4,17,59,37,60,1609747177.060000,1,0,0,1,0,35,35,60,104,52,
2021,1,4,17,59,37,175,1609747177.175000,1,0,0,1,0,35,35,60,104,52,
2021,1,4,17,59,37,290,1609747177.290000,1,0,0,1,0,35,35,60,104,52,
2021,1,4,17,59,37,415,1609747177.415000,1,0,0,1,0,35,35,60,104,52,
2021,1,4,17,59,37,533,1609747177.533000,1,0,0,1,0,35,35,60,104,52,
2021,1,4,17,59,37,653,1609747177.653000,1,0,0,1,0,35,35,60,104,52,
2021,1,4,17,59,37,774,1609747177.774000,1,0,0,1,0,35,35,60,104,52,
2021,1,4,17,59,37,889,1609747177.889000,1,0,0,1,0,35,35,60,104,52,
2021,1,4,17,59,38,3,1609747178.003000,1,0,0,1,0,35,35,60,104,52,
2021,1,4,17,59,38,118,1609747178.118000,1,0,0,1,0,35,35,60,104,52,
2021,1,4,17,59,38,236,1609747178.236000,1,0,0,1,0,35,35,60,104,52,
2021,1,4,17,59,38,352,1609747178.352000,1,0,0,1,0,35,35,60,104,52,
2021,1,4,17,59,38,475,1609747178.475000,1,0,0,1,0,35,35,60,104,52,
2021,1,4,17,59,38,590,1609747178.590000,1,0,0,1,0,35,35,60,104,52,
2021,1,4,17,59,38,705,1609747178.705000,1,0,0,1,0,35,35,60,104,52,
2021,1,4,17,59,38,823,1609747178.823000,1,0,0,1,0,35,35,60,104,52,
2021,1,4,17,59,38,943,1609747178.943000,1,0,0,1,0,35,35,60,104,52,
2021,1,4,17,59,39,65,1609747179.065000,1,0,0,1,0,35,35,60,104,52,
2021,1,4,17,59,39,183,1609747179.183000,1,0,0,1,0,35,35,60,104,52,
2021,1,4,17,59,39,297,1609747179.297000,1,0,0,1,0,35,35,60,104,52,
2021,1,4,17,59,39,410,1609747179.410000,1,0,0,1,0,35,35,60,104,52,
2021,1,4,17,59,39,526,1609747179.526000,1,0,0,1,0,35,35,60,104,52,
2021,1,4,17,59,39,646,1609747179.646000,1,0,0,1,0,35,35,60,104,52,
2021,1,4,17,59,39,766,1609747179.766000,1,0,0,1,0,35,35,60,104,52,
2021,1,4,17,59,39,883,1609747179.883000,1,0,0,1,0,35,35,60,104,52,
2021,1,4,17,59,40,0,1609747180.000000,1,0,0,1,0,35,35,60,104,52,
2021,1,4,17,59,40,120,1609747180.120000,1,0,0,1,0,35,35,60,104,52,
2021,1,4,17,59,40,235,1609747180.235000,1,0,0,1,0,35,35,60,104,52,
2021,1,4,17,59,40,350,1609747180.350000,1,0,0,1,0,35,35,60,104,52,
2021,1,4,17,59,40,470,1609747180.470000,1,0,0,1,0,35,35,60,104,52,
2021,1,4,17,59,40,583,1609747180.583000,1,0,0,1,0,35,35,60,104,52,
2021,1,4,17,59,40,700,1609747180.700000,1,0,0,1,0,35,35,60,104,52,
2021,1,4,17,59,40,816,1609747180.816000,1,0,0,1,0,35,35,60,104,52,
2021,1,4,17,59,40,933,1609747180.933000,1,0,0,1,0,35,35,60,104,52,
2021,1,4,17,59,41,52,1609747181.052000,1,0,0,1,0,35,35,60,104,52,
2021,1,4,17,59,41,173,1609747181.173000,1,0,0,1,0,35,35,60,104,52,
2021,1,4,17,59,41,289,1609747181.289000,1,0,0,1,0,35,35,60,104,52,
2021,1,4,17,59,41,409,1609747181.409000,1,0,0,1,0,35,35,60,104,52,
2021,1,4,17,59,41,531,1609747181.531000,1,0,0,1,0,35,35,60,104,52,
2021,1,4,17,59,41,654,1609747181.654000,1,0,0,1,0,35,35,60,104,52,
2021,1,4,17,59,41,772,1609747181.772000,1,0,0,1,0,35,35,60,104,52,
2021,1,4,17,59,41,887,1609747181.887000,1,0,0,1,0,35,35,60,104,52,
2021,1,4,17,59,42,9,1609747182.009000,1,0,0,1,0,35,35,60,104,52,
2021,1,4,17,59,42,133,1609747182.133000,1,0,0,1,0,35,35,60,104,52,
2021,1,4,17,59,42,258,1609747182.258000,1,0,0,1,0,35,35,60,104,52,
2021,1,4,17,59,42,376,1609747182.376000,1,0,0,1,0,35,35,60,104,52,
2021,1,4,17,59,42,494,1609747182.494000,1,0,0,1,0,35,35,60,104,52,
2021,1,4,17,59,42,609,1609747182.609000,1,0,0,1,0,35,35,60,104,52,
2021,1,4,17,59,42,743,1609747182.743000,1,0,0,1,0,35,35,60,104,52,
2021,1,4,17,59,42,858,1609747182.858000,1,0,0,1,0,35,35,60,104,52,
2021,1,4,17,59,42,983,1609747182.983000,1,0,0,1,0,35,35,60,104,52,
2021,1,4,17,59,43,107,1609747183.107000,1,0,0,1,0,35,35,60,104,52,
2021,1,4,17,59,43,220,1609747183.220000,1,0,0,1,0,35,35,60,104,52,
2021,1,4,17,59,43,337,1609747183.337000,1,0,0,1,0,35,35,60,104,52,
2021,1,4,17,59,43,456,1609747183.456000,1,0,0,1,0,35,35,60,104,52,
2021,1,4,17,59,43,574,1609747183.574000,1,0,0,1,0,35,35,60,104,52,
2021,1,4,17,59,43,694,1609747183.694000,1,0,0,1,0,35,35,60,104,52,
2021,1,4,17,59,43,812,1609747183.812000,1,0,0,1,0,35,35,60,104,52,
2021,1,4,17,59,43,926,1609747183.926000,1,0,0,1,0,35,35,60,104,52,
2021,1,4,17,59,44,47,1609747184.047000,1,0,0,1,0,35,35,60,104,52,
2021,1,4,17,59,44,163,1609747184.163000,1,0,0,1,0,35,35,60,104,52,
2021,1,4,17,59,44,284,1609747184.284000,1,0,0,1,0,35,35,60,104,52,
2021,1,4,17,59,44,398,1609747184.398000,1,0,0,1,0,35,35,60,104,52,
2021,1,4,17,59,44,520,1609747184.520000,1,0,0,1,0,35,35,60,104,52,
2021,1,4,17,59,44,634,1609747184.634000,1,0,0,1,0,35,35,60,104,52,
2021,1,4,17,59,44,749,1609747184.749000,1,0,0,1,0,35,35,60,104,52,
2021,1,4,17,59,44,867,1609747184.867000,1,0,0,1,0,35,35,60,104,52,
2021,1,4,17,59,44,991,1609747184.991000,1,0,0,1,0,35,35,60,104,52,
2021,1,4,17,59,45,112,1609747185.112000,1,0,0,1,0,35,35,60,104,52,
2021,1,4,17,59,45,233,1609747185.233000,1,0,0,1,0,35,35,60,104,52,
2021,1,4,17,59,45,348,1609747185.348000,1,0,0,1,0,35,35,60,104,52,
2021,1,4,17,59,45,467,1609747185.467000,1,0,0,1,0,35,35,60,104,52,
2021,1,4,17,59,45,586,1609747185.586000,1,0,0,1,0,35,35,60,104,52,
2021,1,4,17,59,45,708,1609747185.708000,1,0,0,1,0,35,35,60,104,52,
2021,1,4,17,59,45,823,1609747185.823000,1,0,0,1,0,35,35,60,104,52,
2021,1,4,17,59,45,942,1609747185.942000,1,0,0,1,0,35,35,60,104,52,
2021,1,4,17,59,46,54,1609747186.054000,1,0,0,1,0,35,35,60,104,52,
2021,1,4,17,59,46,174,1609747186.174000,1,0,0,1,0,35,35,60,104,52,
2021,1,4,17,59,46,290,1609747186.290000,1,0,0,1,0,35,35,60,104,52,
2021,1,4,17,59,46,412,1609747186.412000,1,0,0,1,0,35,35,60,104,52,
2021,1,4,17,59,46,526,1609747186.526000,1,0,0,1,0,35,35,60,104,52,
2021,1,4,17,59,46,641,1609747186.641000,1,0,0,1,0,35,35,60,104,52,
2021,1,4,17,59,46,756,1609747186.756000,1,0,0,1,0,35,35,60,104,52,
2021,1,4,17,59,46,870,1609747186.870000,1,0,0,1,0,35,35,60,104,52,
2021,1,4,17,59,46,986,1609747186.986000,1,0,0,1,0,35,35,60,104,52,
2021,1,4,17,59,47,108,1609747187.108000,1,0,0,1,0,35,35,60,104,52,
2021,1,4,17,59,47,224,1609747187.224000,1,0,0,1,0,35,35,60,104,52,
2021,1,4,17,59,47,341,1609747187.341000,1,0,0,1,0,35,35,60,104,52,
2021,1,4,17,59,47,459,1609747187.459000,1,0,0,1,0,35,35,60,104,52,
2021,1,4,17,59,47,573,1609747187.573000,1,0,0,1,0,35,35,60,104,52,
2021,1,4,17,59,47,690,1609747187.690000,1,0,0,1,0,35,35,60,104,52,
2021,1,4,17,59,47,806,1609747187.806000,1,0,0,1,0,35,35,60,104,52,
2021,1,4,17,59,47,926,1609747187.926000,1,0,0,1,0,35,35,60,104,52,
2021,1,4,17,59,48,42,1609747188.042000,1,0,0,1,0,35,35,60,104,52,
2021,1,4,17,59,48,159,1609747188.159000,1,0,0,1,0,35,35,60,104,52,
2021,1,4,17,59,48,283,1609747188.283000,1,0,0,1,0,35,35,60,104,52,
2021,1,4,17,59,48,398,1609747188.398000,1,0,0,1,0,35,35,60,104,52,
2021,1,4,17,59,48,517,1609747188.517000,1,0,0,1,0,35,35,60,104,52,
2021,1,4,17,59,48,634,1609747188.634000,1,0,0,1,0,35,35,60,104,52,
2021,1,4,17,59,48,752,1609747188.752000,1,0,0,1,0,35,35,60,104,52,
2021,1,4,17,59,48,873,1609747188.873000,1,0,0,1,0,35,35,60,104,52,
2021,1,4,17,59,48,987,1609747188.987000,1,0,0,1,0,35,35,60,104,52,
2021,1,4,17,59,49,108,1609747189.108000,1,0,0,1,0,35,35,60,104,52,
2021,1,4,17,59,49,225,1609747189.225000,1,0,0,1,0,35,35,60,104,52,
2021,1,4,17,59,49,340,1609747189.340000,1,0,0,1,0,35,35,60,104,52,
2021,1,4,17,59,49,458,1609747189.458000,1,0,0,1,0,35,35,60,104,52,
2021,1,4,17,59,49,571,1609747189.571000,1,0,0,1,0,35,35,60,104,52,
2021,1,4,17,59,49,683,1609747189.683000,1,0,0,1,0,35,35,60,104,52,
2021,1,4,17,59,49,797,1609747189.797000,1,0,0,1,0,35,35,60,104,52,
2021,1,4,17,59,49,914,1609747189.914000,1,0,0,1,0,35,35,60,104,52,
2021,1,4,17,59,50,37,1609747190.037000,1,0,0,1,0,35,35,60,104,52,
2021,1,4,17,59,50,153,1609747190.153000,1,0,0,1,0,35,35,60,104,52,
